644	1931	.stage/entailment-prepare-schema-invariant/reviews/plan-review.md
644	1664	.stage/entailment-prepare-schema-invariant/reviews/completion-audit.md
644	1258	.stage/entailment-prepare-schema-invariant/reviews/hosted-module-placement-delta.md
644	2806	.stage/entailment-prepare-schema-invariant/reviews/main-508-resolution-review.md
644	13690	.stage/entailment-prepare-schema-invariant/tasks/T1-review.md
644	4927	.stage/entailment-prepare-schema-invariant/tasks/T1-report.md
644	3796	.stage/entailment-prepare-schema-invariant/tasks/T2-report.md
644	2377	.stage/entailment-prepare-schema-invariant/tasks/T2-review.md
644	2920	.stage/entailment-prepare-schema-invariant/tasks/G1-report.md
644	4699	.stage/entailment-prepare-schema-invariant/raw/issue.json
644	4243	.stage/entailment-prepare-schema-invariant/issue.md
644	1226	.stage/entailment-prepare-schema-invariant/open.json
644	2327	.stage/entailment-prepare-schema-invariant/prior-art.md
644	2350	.stage/entailment-prepare-schema-invariant/brief.json
644	13575	.stage/entailment-prepare-schema-invariant/plan.md
644	1041	.stage/entailment-prepare-schema-invariant/issue-analysis.md
644	1020	.stage/entailment-prepare-schema-invariant/prior-art-assessment.md
644	28656	.stage/entailment-prepare-schema-invariant/validation.md
644	0	.stage/entailment-prepare-schema-invariant/fmt-1.log
644	213	.stage/entailment-prepare-schema-invariant/hash-domains-1.log
644	7026	.stage/entailment-prepare-schema-invariant/native-compiler-1.log
644	0	.stage/entailment-prepare-schema-invariant/fmt-2.log
644	12821	.stage/entailment-prepare-schema-invariant/native-compiler-2.log
644	0	.stage/entailment-prepare-schema-invariant/fmt-3.log
644	12005	.stage/entailment-prepare-schema-invariant/native-compiler-3.log
644	0	.stage/entailment-prepare-schema-invariant/fmt-4.log
644	12865	.stage/entailment-prepare-schema-invariant/native-compiler-4.log
644	0	.stage/entailment-prepare-schema-invariant/fmt-5.log
644	2566	.stage/entailment-prepare-schema-invariant/native-compiler-5.log
644	2046	.stage/entailment-prepare-schema-invariant/native-compiler-6.log
644	0	.stage/entailment-prepare-schema-invariant/fmt-6.log
644	332	.stage/entailment-prepare-schema-invariant/native-compiler-7.log
644	246802	.stage/entailment-prepare-schema-invariant/native-owner-semantics-1.log
644	214	.stage/entailment-prepare-schema-invariant/qualification-toolchain.log
644	0	.stage/entailment-prepare-schema-invariant/fmt-7.log
644	1924	.stage/entailment-prepare-schema-invariant/native-schema-boundary-correction-1.log
644	0	.stage/entailment-prepare-schema-invariant/fmt-8.log
644	109	.stage/entailment-prepare-schema-invariant/native-schema-boundary-correction-1-scope.log
644	1082	.stage/entailment-prepare-schema-invariant/native-schema-boundary-correction-2.log
644	0	.stage/entailment-prepare-schema-invariant/fmt-9.log
644	332	.stage/entailment-prepare-schema-invariant/native-final-fixture-clippy-1.log
644	577	.stage/entailment-prepare-schema-invariant/native-schema-boundary-correction-3.log
644	2080	.stage/entailment-prepare-schema-invariant/native-proof-vector-sealing-1.log
644	0	.stage/entailment-prepare-schema-invariant/fmt-10.log
644	1613	.stage/entailment-prepare-schema-invariant/native-guard-owner-clippy-1.log
644	0	.stage/entailment-prepare-schema-invariant/fmt-11.log
644	333	.stage/entailment-prepare-schema-invariant/native-guard-owner-clippy-2.log
644	0	.stage/entailment-prepare-schema-invariant/native-settled-matrix-2.log
644	102113	.stage/entailment-prepare-schema-invariant/native-settled-semantics-2.log
644	25934	.stage/entailment-prepare-schema-invariant/historical-dl-proof-prefix.vectors
644	5320	.stage/entailment-prepare-schema-invariant/native-owl-conformance-1.log
644	25191	.stage/entailment-prepare-schema-invariant/native-o3-scaling-1.log
644	0	.stage/entailment-prepare-schema-invariant/fmt-12.log
644	553	.stage/entailment-prepare-schema-invariant/benchmark-store/schema-preparation/cold-preparation/r1-n1/new/estimates.json
644	546	.stage/entailment-prepare-schema-invariant/benchmark-store/schema-preparation/cold-preparation/r1-n16/new/estimates.json
644	543	.stage/entailment-prepare-schema-invariant/benchmark-store/schema-preparation/cold-preparation/r1-n64/new/estimates.json
644	553	.stage/entailment-prepare-schema-invariant/benchmark-store/schema-preparation/cold-preparation/r8-n1/new/estimates.json
644	550	.stage/entailment-prepare-schema-invariant/benchmark-store/schema-preparation/cold-preparation/r8-n16/new/estimates.json
644	546	.stage/entailment-prepare-schema-invariant/benchmark-store/schema-preparation/cold-preparation/r8-n64/new/estimates.json
644	542	.stage/entailment-prepare-schema-invariant/benchmark-store/schema-preparation/cold-preparation/r32-n1/new/estimates.json
644	544	.stage/entailment-prepare-schema-invariant/benchmark-store/schema-preparation/cold-preparation/r32-n16/new/estimates.json
644	537	.stage/entailment-prepare-schema-invariant/benchmark-store/schema-preparation/cold-preparation/r32-n64/new/estimates.json
644	547	.stage/entailment-prepare-schema-invariant/benchmark-store/schema-preparation/cold-reasoner/r1-n1/new/estimates.json
644	545	.stage/entailment-prepare-schema-invariant/benchmark-store/schema-preparation/cold-reasoner/r1-n16/new/estimates.json
644	547	.stage/entailment-prepare-schema-invariant/benchmark-store/schema-preparation/cold-reasoner/r1-n64/new/estimates.json
644	552	.stage/entailment-prepare-schema-invariant/benchmark-store/schema-preparation/cold-reasoner/r8-n1/new/estimates.json
644	548	.stage/entailment-prepare-schema-invariant/benchmark-store/schema-preparation/cold-reasoner/r8-n16/new/estimates.json
644	549	.stage/entailment-prepare-schema-invariant/benchmark-store/schema-preparation/cold-reasoner/r8-n64/new/estimates.json
644	548	.stage/entailment-prepare-schema-invariant/benchmark-store/schema-preparation/cold-reasoner/r32-n1/new/estimates.json
644	548	.stage/entailment-prepare-schema-invariant/benchmark-store/schema-preparation/cold-reasoner/r32-n16/new/estimates.json
644	540	.stage/entailment-prepare-schema-invariant/benchmark-store/schema-preparation/cold-reasoner/r32-n64/new/estimates.json
644	550	.stage/entailment-prepare-schema-invariant/benchmark-store/schema-preparation/prepared/r1-n1/new/estimates.json
644	543	.stage/entailment-prepare-schema-invariant/benchmark-store/schema-preparation/prepared/r1-n16/new/estimates.json
644	546	.stage/entailment-prepare-schema-invariant/benchmark-store/schema-preparation/prepared/r1-n64/new/estimates.json
644	530	.stage/entailment-prepare-schema-invariant/benchmark-store/schema-preparation/prepared/r8-n1/new/estimates.json
644	540	.stage/entailment-prepare-schema-invariant/benchmark-store/schema-preparation/prepared/r8-n16/new/estimates.json
644	535	.stage/entailment-prepare-schema-invariant/benchmark-store/schema-preparation/prepared/r8-n64/new/estimates.json
644	546	.stage/entailment-prepare-schema-invariant/benchmark-store/schema-preparation/prepared/r32-n1/new/estimates.json
644	543	.stage/entailment-prepare-schema-invariant/benchmark-store/schema-preparation/prepared/r32-n16/new/estimates.json
644	515	.stage/entailment-prepare-schema-invariant/benchmark-store/schema-preparation/prepared/r32-n64/new/estimates.json
644	550	.stage/entailment-prepare-schema-invariant/benchmark-store/schema-preparation/uncached/r1-n1/new/estimates.json
644	553	.stage/entailment-prepare-schema-invariant/benchmark-store/schema-preparation/uncached/r1-n16/new/estimates.json
644	542	.stage/entailment-prepare-schema-invariant/benchmark-store/schema-preparation/uncached/r1-n64/new/estimates.json
644	554	.stage/entailment-prepare-schema-invariant/benchmark-store/schema-preparation/uncached/r8-n1/new/estimates.json
644	553	.stage/entailment-prepare-schema-invariant/benchmark-store/schema-preparation/uncached/r8-n16/new/estimates.json
644	441	.stage/entailment-prepare-schema-invariant/benchmark-store/schema-preparation/uncached/r8-n64/new/estimates.json
644	544	.stage/entailment-prepare-schema-invariant/benchmark-store/schema-preparation/uncached/r32-n1/new/estimates.json
644	529	.stage/entailment-prepare-schema-invariant/benchmark-store/schema-preparation/uncached/r32-n16/new/estimates.json
644	496	.stage/entailment-prepare-schema-invariant/benchmark-store/schema-preparation/uncached/r32-n64/new/estimates.json
644	16943	.stage/entailment-prepare-schema-invariant/native-o3-scaling-2.log
644	0	.stage/entailment-prepare-schema-invariant/portable-family-1.log
644	200	.stage/entailment-prepare-schema-invariant/native-final-bench-clippy-1.log
644	49718	.stage/entailment-prepare-schema-invariant/packaged-wasm-1.log
644	3987	.stage/entailment-prepare-schema-invariant/performance.md
644	79	.stage/entailment-prepare-schema-invariant/packaged-identity-continuation-1.log
644	5962	.stage/entailment-prepare-schema-invariant/packaged-identity-continuation-2.log
644	1746	.stage/entailment-prepare-schema-invariant/pr-body.md
644	1165	.stage/entailment-prepare-schema-invariant/packaged-identity-receipt.json
644	7952	.stage/entailment-prepare-schema-invariant/metadata-1.log
644	2193	.stage/entailment-prepare-schema-invariant/publication-note.md
644	531	.stage/entailment-prepare-schema-invariant/native-proof-vector-sealing-2.log
644	53155	.stage/entailment-prepare-schema-invariant/sealed-dl-proof-vectors.vectors
644	35955	.stage/entailment-prepare-schema-invariant/full-check-1.log
644	0	.stage/entailment-prepare-schema-invariant/fmt-13.log
644	193	.stage/entailment-prepare-schema-invariant/shared-helper-correction-1.log
644	9487	.stage/entailment-prepare-schema-invariant/full-check-2.log
644	0	.stage/entailment-prepare-schema-invariant/fmt-14.log
644	1087	.stage/entailment-prepare-schema-invariant/native-shared-home-clippy-1.log
644	119133	.stage/entailment-prepare-schema-invariant/full-check-3.log
644	590	.stage/entailment-prepare-schema-invariant/commit-message.md
644	313	.stage/entailment-prepare-schema-invariant/host-proof-family-1.sh
644	12166	.stage/entailment-prepare-schema-invariant/host-proof-family-1.log
644	1792401	.stage/entailment-prepare-schema-invariant/full-check-4.log
644	1225	.stage/entailment-prepare-schema-invariant/full-check-4-result.md
644	976	.stage/entailment-prepare-schema-invariant/commit-1.log
644	530	.stage/entailment-prepare-schema-invariant/push-1.log
644	161	.stage/entailment-prepare-schema-invariant/pr-creation-1.log
644	4	.stage/entailment-prepare-schema-invariant/pr-resolution-1.log
644	80	.stage/entailment-prepare-schema-invariant/pr-plan-publication-1.log
644	82	.stage/entailment-prepare-schema-invariant/issue-results-publication-1.log
644	80	.stage/entailment-prepare-schema-invariant/pr-results-publication-1.log
644	17474	.stage/entailment-prepare-schema-invariant/hosted-workspace-job-1.json
644	0	.stage/entailment-prepare-schema-invariant/hosted-workspace-job-1-metadata.stderr
644	74454	.stage/entailment-prepare-schema-invariant/hosted-workspace-job-1.log
644	0	.stage/entailment-prepare-schema-invariant/hosted-workspace-job-1-log.stderr
644	6266	.stage/entailment-prepare-schema-invariant/hosted-workspace-layout.patch
644	1850	.stage/entailment-prepare-schema-invariant/remediation-plan.md
644	236	.stage/entailment-prepare-schema-invariant/hosted-workspace-remediation-1.sh
644	1104	.stage/entailment-prepare-schema-invariant/hosted-workspace-remediation-1.log
644	82	.stage/entailment-prepare-schema-invariant/issue-remediation-plan-publication-1.log
644	80	.stage/entailment-prepare-schema-invariant/pr-remediation-plan-publication-1.log
644	299	.stage/entailment-prepare-schema-invariant/commit-workspace-layout.md
644	355	.stage/entailment-prepare-schema-invariant/commit-workspace-layout-1.log
644	1245	.stage/entailment-prepare-schema-invariant/gap-analysis.md
644	141	.stage/entailment-prepare-schema-invariant/push-workspace-layout-1.log
644	1550	.stage/entailment-prepare-schema-invariant/pr-checks.txt
644	37158	.stage/entailment-prepare-schema-invariant/pr-comments.md
644	1668	.stage/entailment-prepare-schema-invariant/hosted-workspace-fix-results.md
644	82	.stage/entailment-prepare-schema-invariant/issue-workspace-fix-publication-1.log
644	80	.stage/entailment-prepare-schema-invariant/pr-workspace-fix-publication-1.log
644	524	.stage/entailment-prepare-schema-invariant/sync-main-1.log
644	795	.stage/entailment-prepare-schema-invariant/main-508-integration-family-1.sh
644	7101	.stage/entailment-prepare-schema-invariant/main-508-integration-assessment.md
644	15240	.stage/entailment-prepare-schema-invariant/main-508-resolution-versus-main.patch
644	1974	.stage/entailment-prepare-schema-invariant/main-508-integration-family-1.log
644	795	.stage/entailment-prepare-schema-invariant/main-508-integration-family-2.sh
644	10082	.stage/entailment-prepare-schema-invariant/main-508-integration-family-2.log
644	795	.stage/entailment-prepare-schema-invariant/main-508-integration-family-3.sh
644	167021	.stage/entailment-prepare-schema-invariant/main-508-integration-family-3.log
644	6520	.stage/entailment-prepare-schema-invariant/main-508-box-home-resolution.patch
644	396	.stage/entailment-prepare-schema-invariant/main-508-portable-family-1.sh
644	812	.stage/entailment-prepare-schema-invariant/main-508-sync-commit-message.txt
644	14027	.stage/entailment-prepare-schema-invariant/main-508-portable-family-1.log
644	2233	.stage/entailment-prepare-schema-invariant/main-508-native-family-result.md
644	2311	.stage/entailment-prepare-schema-invariant/main-508-portable-family-result.md
644	1940	.stage/entailment-prepare-schema-invariant/main-508-sync-results.md
644	428	.stage/entailment-prepare-schema-invariant/main-508-sync-commit-1.log
644	184	.stage/entailment-prepare-schema-invariant/main-508-sync-push-1.log
644	2359	.stage/entailment-prepare-schema-invariant/main-508-sync-publication-result.md
644	82	.stage/entailment-prepare-schema-invariant/main-508-sync-issue-results-1.log
644	80	.stage/entailment-prepare-schema-invariant/main-508-sync-pr-results-1.log
644	8740	.stage/entailment-prepare-schema-invariant/squash-notes-draft.md
644	520	.stage/entailment-prepare-schema-invariant/qualification-runner.sh
644	1832	.stage/entailment-prepare-schema-invariant/pr-review-submissions.json
644	16664	.stage/entailment-prepare-schema-invariant/pr-inline-comments.json
644	745	.stage/entailment-prepare-schema-invariant/pr-review-threads.json
644	2371	.stage/entailment-prepare-schema-invariant/archive-inventory.md
