case,bytes,units,sample,rounds,baseline_ns,candidate_ns
blake3/native-stream-1,64,1,0,65536,404.753586,308.969650
blake3/native-stream-1,64,1,1,65536,404.994659,306.249115
blake3/native-stream-1,64,1,2,65536,404.937302,306.453873
blake3/native-stream-1,64,1,3,65536,404.975281,306.030609
blake3/native-stream-1,64,1,4,65536,404.765335,306.921234
blake3/native-stream-1,64,1,5,65536,405.130920,306.341431
blake3/native-stream-1,64,1,6,65536,404.763504,306.625229
blake3/native-stream-1,64,1,7,65536,405.166763,306.335938
blake3/native-stream-1,64,1,8,65536,404.639145,306.096085
blake3/native-stream-1,64,1,9,65536,404.922333,306.204407
blake3/native-stream-1,64,1,10,65536,404.673477,306.404297
blake3/native-stream-1,64,1,11,65536,404.669357,306.390549
blake3/native-stream-8,64,1,0,262144,114.150749,136.238884
blake3/native-stream-8,64,1,1,262144,114.159561,136.384102
blake3/native-stream-8,64,1,2,262144,114.194771,136.268066
blake3/native-stream-8,64,1,3,262144,114.221283,136.373726
blake3/native-stream-8,64,1,4,262144,114.412617,136.408939
blake3/native-stream-8,64,1,5,262144,114.419601,136.294880
blake3/native-stream-8,64,1,6,262144,114.294750,136.315174
blake3/native-stream-8,64,1,7,262144,114.286091,136.320820
blake3/native-stream-8,64,1,8,262144,114.300129,136.302319
blake3/native-stream-8,64,1,9,262144,113.947014,136.367054
blake3/native-stream-8,64,1,10,262144,114.090633,136.335773
blake3/native-stream-8,64,1,11,262144,114.080833,136.268711
blake3/native-stream-64,64,1,0,262144,90.113224,120.261379
blake3/native-stream-64,64,1,1,262144,89.940536,119.386433
blake3/native-stream-64,64,1,2,262144,89.955223,120.296780
blake3/native-stream-64,64,1,3,262144,89.964912,119.080009
blake3/native-stream-64,64,1,4,262144,89.869736,120.278664
blake3/native-stream-64,64,1,5,262144,89.957169,118.350967
blake3/native-stream-64,64,1,6,262144,89.886559,120.273361
blake3/native-stream-64,64,1,7,262144,89.973759,119.113235
blake3/native-stream-64,64,1,8,262144,89.906853,120.205956
blake3/native-stream-64,64,1,9,262144,89.960751,118.932617
blake3/native-stream-64,64,1,10,262144,89.913189,120.283237
blake3/native-stream-64,64,1,11,262144,89.962620,119.096718
blake3/native-stream-irregular,64,1,0,262144,93.677517,123.754532
blake3/native-stream-irregular,64,1,1,262144,93.394131,123.965744
blake3/native-stream-irregular,64,1,2,262144,93.559608,123.620449
blake3/native-stream-irregular,64,1,3,262144,93.358196,123.939083
blake3/native-stream-irregular,64,1,4,262144,93.432888,123.638378
blake3/native-stream-irregular,64,1,5,262144,93.349270,123.912418
blake3/native-stream-irregular,64,1,6,262144,93.477554,123.852226
blake3/native-stream-irregular,64,1,7,262144,93.367661,123.932022
blake3/native-stream-irregular,64,1,8,262144,93.483810,123.801758
blake3/native-stream-irregular,64,1,9,262144,93.377003,123.935036
blake3/native-stream-irregular,64,1,10,262144,93.462605,123.759720
blake3/native-stream-irregular,64,1,11,262144,93.337482,123.885792
blake3/native-stream-1,1024,1,0,4096,6599.068359,4043.089111
blake3/native-stream-1,1024,1,1,4096,6634.057129,4045.091064
blake3/native-stream-1,1024,1,2,4096,6638.127197,4045.991699
blake3/native-stream-1,1024,1,3,4096,6644.025146,4051.831299
blake3/native-stream-1,1024,1,4,4096,6655.538574,4045.417969
blake3/native-stream-1,1024,1,5,4096,6651.842529,4047.556641
blake3/native-stream-1,1024,1,6,4096,6621.157227,4045.442627
blake3/native-stream-1,1024,1,7,4096,6663.204346,4052.964111
blake3/native-stream-1,1024,1,8,4096,6630.214600,4041.741455
blake3/native-stream-1,1024,1,9,4096,6609.792969,4052.754150
blake3/native-stream-1,1024,1,10,4096,6638.793701,4046.890137
blake3/native-stream-1,1024,1,11,4096,6624.340820,4050.859619
blake3/native-stream-8,1024,1,0,16384,1635.752075,1213.313538
blake3/native-stream-8,1024,1,1,16384,1635.124023,1215.236633
blake3/native-stream-8,1024,1,2,16384,1633.964417,1213.761536
blake3/native-stream-8,1024,1,3,16384,1637.346252,1215.029724
blake3/native-stream-8,1024,1,4,16384,1635.095337,1213.286072
blake3/native-stream-8,1024,1,5,16384,1635.773438,1216.354187
blake3/native-stream-8,1024,1,6,16384,1634.392273,1211.710144
blake3/native-stream-8,1024,1,7,16384,1635.510376,1214.938843
blake3/native-stream-8,1024,1,8,16384,1633.547546,1212.462097
blake3/native-stream-8,1024,1,9,16384,1634.920166,1214.436523
blake3/native-stream-8,1024,1,10,16384,1634.157898,1212.332703
blake3/native-stream-8,1024,1,11,16384,1635.210693,1215.284912
blake3/native-stream-64,1024,1,0,16384,1156.094421,845.309753
blake3/native-stream-64,1024,1,1,16384,1155.736755,849.061523
blake3/native-stream-64,1024,1,2,16384,1153.242371,844.550537
blake3/native-stream-64,1024,1,3,16384,1155.630005,848.599426
blake3/native-stream-64,1024,1,4,16384,1152.630798,844.737915
blake3/native-stream-64,1024,1,5,16384,1155.903992,848.809387
blake3/native-stream-64,1024,1,6,16384,1151.982666,844.202026
blake3/native-stream-64,1024,1,7,16384,1155.631775,848.211304
blake3/native-stream-64,1024,1,8,16384,1151.734802,843.978088
blake3/native-stream-64,1024,1,9,16384,1155.541443,848.310791
blake3/native-stream-64,1024,1,10,16384,1152.467224,844.338135
blake3/native-stream-64,1024,1,11,16384,1155.776428,848.772827
blake3/native-stream-1024,1024,1,0,16384,1147.497925,802.471863
blake3/native-stream-1024,1024,1,1,16384,1148.926697,806.075317
blake3/native-stream-1024,1024,1,2,16384,1144.022644,801.519226
blake3/native-stream-1024,1024,1,3,16384,1148.180908,805.878113
blake3/native-stream-1024,1024,1,4,16384,1144.472473,801.104187
blake3/native-stream-1024,1024,1,5,16384,1148.351196,805.829285
blake3/native-stream-1024,1024,1,6,16384,1143.672974,801.283569
blake3/native-stream-1024,1024,1,7,16384,1147.862305,805.555908
blake3/native-stream-1024,1024,1,8,16384,1144.112366,801.388000
blake3/native-stream-1024,1024,1,9,16384,1148.193726,805.573608
blake3/native-stream-1024,1024,1,10,16384,1143.454468,801.030884
blake3/native-stream-1024,1024,1,11,16384,1147.759766,806.044800
blake3/native-stream-irregular,1024,1,0,16384,1152.456848,811.230713
blake3/native-stream-irregular,1024,1,1,16384,1153.315002,819.857178
blake3/native-stream-irregular,1024,1,2,16384,1149.469910,811.091553
blake3/native-stream-irregular,1024,1,3,16384,1152.744324,819.086365
blake3/native-stream-irregular,1024,1,4,16384,1149.012146,810.645447
blake3/native-stream-irregular,1024,1,5,16384,1153.617676,818.270325
blake3/native-stream-irregular,1024,1,6,16384,1148.831482,810.531311
blake3/native-stream-irregular,1024,1,7,16384,1152.456238,818.621277
blake3/native-stream-irregular,1024,1,8,16384,1149.156799,811.358948
blake3/native-stream-irregular,1024,1,9,16384,1152.454407,818.393616
blake3/native-stream-irregular,1024,1,10,16384,1149.106750,810.868225
blake3/native-stream-irregular,1024,1,11,16384,1153.141663,818.853760
blake3/native-stream-1,4096,1,0,1024,28100.990234,14400.512695
blake3/native-stream-1,4096,1,1,1024,28145.421875,14432.484375
blake3/native-stream-1,4096,1,2,1024,28105.317383,14412.494141
blake3/native-stream-1,4096,1,3,1024,28159.015625,14431.673828
blake3/native-stream-1,4096,1,4,1024,28120.619141,14395.922852
blake3/native-stream-1,4096,1,5,1024,28162.278320,14433.362305
blake3/native-stream-1,4096,1,6,1024,28108.636719,14415.423828
blake3/native-stream-1,4096,1,7,1024,28165.050781,14451.799805
blake3/native-stream-1,4096,1,8,1024,28113.392578,14410.034180
blake3/native-stream-1,4096,1,9,1024,28170.304688,14434.173828
blake3/native-stream-1,4096,1,10,1024,28112.015625,14407.495117
blake3/native-stream-1,4096,1,11,1024,28167.482422,14428.274414
blake3/native-stream-8,4096,1,0,4096,6982.536621,3083.466309
blake3/native-stream-8,4096,1,1,4096,6982.378174,3096.214600
blake3/native-stream-8,4096,1,2,4096,6964.126709,3080.094727
blake3/native-stream-8,4096,1,3,4096,6980.903564,3094.815674
blake3/native-stream-8,4096,1,4,4096,6961.792725,3080.546387
blake3/native-stream-8,4096,1,5,4096,6978.227783,3092.655273
blake3/native-stream-8,4096,1,6,4096,6961.812500,3080.817383
blake3/native-stream-8,4096,1,7,4096,6980.051514,3094.696045
blake3/native-stream-8,4096,1,8,4096,6961.473145,3084.071533
blake3/native-stream-8,4096,1,9,4096,6978.850342,3091.773926
blake3/native-stream-8,4096,1,10,4096,6965.098389,3084.027588
blake3/native-stream-8,4096,1,11,4096,6979.717041,3090.511963
blake3/native-stream-64,4096,1,0,4096,4852.421631,1658.288086
blake3/native-stream-64,4096,1,1,4096,4852.856201,1664.002930
blake3/native-stream-64,4096,1,2,4096,4837.954590,1656.285889
blake3/native-stream-64,4096,1,3,4096,4849.758301,1664.281494
blake3/native-stream-64,4096,1,4,4096,4837.712891,1657.452881
blake3/native-stream-64,4096,1,5,4096,4846.469727,1663.226807
blake3/native-stream-64,4096,1,6,4096,4837.805420,1658.014648
blake3/native-stream-64,4096,1,7,4096,4845.156494,1664.217773
blake3/native-stream-64,4096,1,8,4096,4835.383545,1655.583008
blake3/native-stream-64,4096,1,9,4096,4844.963379,1663.798096
blake3/native-stream-64,4096,1,10,4096,4834.534180,1654.447510
blake3/native-stream-64,4096,1,11,4096,4844.336182,1661.437256
blake3/native-stream-1024,4096,1,0,4096,4801.859375,1488.813721
blake3/native-stream-1024,4096,1,1,4096,4810.308838,1497.729492
blake3/native-stream-1024,4096,1,2,4096,4794.362305,1489.519287
blake3/native-stream-1024,4096,1,3,4096,4808.111572,1496.362305
blake3/native-stream-1024,4096,1,4,4096,4792.719238,1488.933350
blake3/native-stream-1024,4096,1,5,4096,4804.403320,1494.116211
blake3/native-stream-1024,4096,1,6,4096,4794.635742,1487.915283
blake3/native-stream-1024,4096,1,7,4096,4805.816650,1493.947998
blake3/native-stream-1024,4096,1,8,4096,4793.964355,1490.415283
blake3/native-stream-1024,4096,1,9,4096,4804.232422,1494.763184
blake3/native-stream-1024,4096,1,10,4096,4792.902344,1488.730713
blake3/native-stream-1024,4096,1,11,4096,4804.027588,1495.495605
blake3/native-stream-irregular,4096,1,0,8192,3651.077393,1498.814575
blake3/native-stream-irregular,4096,1,1,8192,3653.635864,1509.683472
blake3/native-stream-irregular,4096,1,2,8192,3645.171753,1498.304443
blake3/native-stream-irregular,4096,1,3,8192,3656.825562,1509.131592
blake3/native-stream-irregular,4096,1,4,8192,3648.964355,1499.050171
blake3/native-stream-irregular,4096,1,5,8192,3656.012451,1510.606323
blake3/native-stream-irregular,4096,1,6,8192,3646.591431,1499.261353
blake3/native-stream-irregular,4096,1,7,8192,3656.455566,1510.606323
blake3/native-stream-irregular,4096,1,8,8192,3649.318359,1498.293457
blake3/native-stream-irregular,4096,1,9,8192,3657.004883,1509.718750
blake3/native-stream-irregular,4096,1,10,8192,3644.977783,1498.286011
blake3/native-stream-irregular,4096,1,11,8192,3655.403320,1510.579468
blake3/native-stream-1,65536,1,0,64,462525.250000,226793.640625
blake3/native-stream-1,65536,1,1,64,463141.171875,227179.875000
blake3/native-stream-1,65536,1,2,64,461277.484375,226959.421875
blake3/native-stream-1,65536,1,3,64,463533.031250,227461.578125
blake3/native-stream-1,65536,1,4,64,462405.890625,227085.656250
blake3/native-stream-1,65536,1,5,64,462690.093750,227715.640625
blake3/native-stream-1,65536,1,6,64,461910.281250,226990.828125
blake3/native-stream-1,65536,1,7,64,463211.171875,227703.296875
blake3/native-stream-1,65536,1,8,64,462055.734375,227029.890625
blake3/native-stream-1,65536,1,9,64,462346.359375,227790.781250
blake3/native-stream-1,65536,1,10,64,461577.015625,227067.531250
blake3/native-stream-1,65536,1,11,64,462570.265625,227614.859375
blake3/native-stream-8,65536,1,0,256,112001.945312,32253.074219
blake3/native-stream-8,65536,1,1,256,112106.316406,32520.722656
blake3/native-stream-8,65536,1,2,256,111560.125000,32321.589844
blake3/native-stream-8,65536,1,3,256,112070.851562,32510.722656
blake3/native-stream-8,65536,1,4,256,111601.765625,32255.496094
blake3/native-stream-8,65536,1,5,256,111985.933594,32541.656250
blake3/native-stream-8,65536,1,6,256,111542.703125,32260.339844
blake3/native-stream-8,65536,1,7,256,112097.921875,32513.925781
blake3/native-stream-8,65536,1,8,256,111590.437500,32211.316406
blake3/native-stream-8,65536,1,9,256,111936.832031,32539.082031
blake3/native-stream-8,65536,1,10,256,111493.839844,32253.503906
blake3/native-stream-8,65536,1,11,256,112068.585938,32488.808594
blake3/native-stream-64,65536,1,0,256,78076.703125,9586.742188
blake3/native-stream-64,65536,1,1,256,78400.089844,9648.105469
blake3/native-stream-64,65536,1,2,256,78004.085938,9560.687500
blake3/native-stream-64,65536,1,3,256,78221.890625,9637.484375
blake3/native-stream-64,65536,1,4,256,77915.886719,9572.328125
blake3/native-stream-64,65536,1,5,256,78197.363281,9623.929688
blake3/native-stream-64,65536,1,6,256,77897.292969,9598.304688
blake3/native-stream-64,65536,1,7,256,78135.175781,9609.398438
blake3/native-stream-64,65536,1,8,256,77890.457031,9585.687500
blake3/native-stream-64,65536,1,9,256,78181.933594,9604.164062
blake3/native-stream-64,65536,1,10,256,77882.136719,9573.851562
blake3/native-stream-64,65536,1,11,256,78138.652344,9604.085938
blake3/native-stream-1024,65536,1,0,256,77560.664062,7217.605469
blake3/native-stream-1024,65536,1,1,256,77704.957031,7218.972656
blake3/native-stream-1024,65536,1,2,256,77498.867188,7206.941406
blake3/native-stream-1024,65536,1,3,256,77712.457031,7233.855469
blake3/native-stream-1024,65536,1,4,256,77468.402344,7188.894531
blake3/native-stream-1024,65536,1,5,256,77674.687500,7230.375000
blake3/native-stream-1024,65536,1,6,256,77496.800781,7231.472656
blake3/native-stream-1024,65536,1,7,256,77658.671875,7230.414062
blake3/native-stream-1024,65536,1,8,256,77470.824219,7210.496094
blake3/native-stream-1024,65536,1,9,256,77657.734375,7216.781250
blake3/native-stream-1024,65536,1,10,256,77469.574219,7218.230469
blake3/native-stream-1024,65536,1,11,256,77715.699219,7206.312500
blake3/native-stream-16384,65536,1,0,4096,6728.656250,6984.092041
blake3/native-stream-16384,65536,1,1,4096,6730.157715,7005.016602
blake3/native-stream-16384,65536,1,2,4096,6722.953369,6996.935791
blake3/native-stream-16384,65536,1,3,4096,6742.645264,7006.273682
blake3/native-stream-16384,65536,1,4,4096,6737.969971,7001.247070
blake3/native-stream-16384,65536,1,5,4096,6745.765137,7007.726562
blake3/native-stream-16384,65536,1,6,4096,6741.280273,7001.244873
blake3/native-stream-16384,65536,1,7,4096,6745.159668,7008.973877
blake3/native-stream-16384,65536,1,8,4096,6739.952393,6990.749512
blake3/native-stream-16384,65536,1,9,4096,6749.183105,7006.093018
blake3/native-stream-16384,65536,1,10,4096,6739.595947,6995.917725
blake3/native-stream-16384,65536,1,11,4096,6745.579590,7001.965088
blake3/native-stream-65536,65536,1,0,4096,5790.360840,5951.019287
blake3/native-stream-65536,65536,1,1,4096,5792.819336,5949.103027
blake3/native-stream-65536,65536,1,2,4096,5795.556152,5948.458496
blake3/native-stream-65536,65536,1,3,4096,5790.802734,5951.600342
blake3/native-stream-65536,65536,1,4,4096,5790.419434,5949.410645
blake3/native-stream-65536,65536,1,5,4096,5788.090576,5947.584473
blake3/native-stream-65536,65536,1,6,4096,5792.196777,5948.060547
blake3/native-stream-65536,65536,1,7,4096,5792.577637,5950.091553
blake3/native-stream-65536,65536,1,8,4096,5790.336426,5950.494629
blake3/native-stream-65536,65536,1,9,4096,5793.366211,5950.401855
blake3/native-stream-65536,65536,1,10,4096,5790.663574,5945.479980
blake3/native-stream-65536,65536,1,11,4096,5791.496094,5946.300293
blake3/native-stream-irregular,65536,1,0,512,31088.488281,7084.755859
blake3/native-stream-irregular,65536,1,1,512,31129.091797,7135.595703
blake3/native-stream-irregular,65536,1,2,512,30970.833984,7066.964844
blake3/native-stream-irregular,65536,1,3,512,31079.443359,7126.650391
blake3/native-stream-irregular,65536,1,4,512,30955.816406,7061.437500
blake3/native-stream-irregular,65536,1,5,512,31099.931641,7104.367188
blake3/native-stream-irregular,65536,1,6,512,30972.064453,7044.544922
blake3/native-stream-irregular,65536,1,7,512,31086.630859,7117.021484
blake3/native-stream-irregular,65536,1,8,512,30964.193359,7056.263672
blake3/native-stream-irregular,65536,1,9,512,31096.748047,7102.607422
blake3/native-stream-irregular,65536,1,10,512,31026.009766,7069.621094
blake3/native-stream-irregular,65536,1,11,512,31088.623047,7114.208984
blake3/native-stream-1,1048576,1,0,4,7330636.500000,3629136.000000
blake3/native-stream-1,1048576,1,1,4,7259469.000000,3639450.250000
blake3/native-stream-1,1048576,1,2,4,7323504.500000,3631513.250000
blake3/native-stream-1,1048576,1,3,4,7299517.750000,3639967.750000
blake3/native-stream-1,1048576,1,4,4,7322491.750000,3629306.000000
blake3/native-stream-1,1048576,1,5,4,7354918.250000,3645875.250000
blake3/native-stream-1,1048576,1,6,4,7317034.500000,3631280.750000
blake3/native-stream-1,1048576,1,7,4,7251786.750000,3643365.250000
blake3/native-stream-1,1048576,1,8,4,7279981.000000,3603066.500000
blake3/native-stream-1,1048576,1,9,4,7302800.250000,3644250.250000
blake3/native-stream-1,1048576,1,10,4,7312949.500000,3630865.750000
blake3/native-stream-1,1048576,1,11,4,7322449.500000,3643480.250000
blake3/native-stream-8,1048576,1,0,16,1793309.875000,515186.125000
blake3/native-stream-8,1048576,1,1,16,1793486.750000,520281.562500
blake3/native-stream-8,1048576,1,2,16,1788243.125000,515041.125000
blake3/native-stream-8,1048576,1,3,16,1794389.812500,521062.187500
blake3/native-stream-8,1048576,1,4,16,1786348.875000,516081.125000
blake3/native-stream-8,1048576,1,5,16,1795441.062500,517858.500000
blake3/native-stream-8,1048576,1,6,16,1786300.750000,514756.750000
blake3/native-stream-8,1048576,1,7,16,1794974.875000,520077.812500
blake3/native-stream-8,1048576,1,8,16,1788055.687500,514765.500000
blake3/native-stream-8,1048576,1,9,16,1794405.437500,518403.500000
blake3/native-stream-8,1048576,1,10,16,1786957.000000,515823.562500
blake3/native-stream-8,1048576,1,11,16,1793593.625000,520033.500000
blake3/native-stream-64,1048576,1,0,16,1250399.750000,154931.562500
blake3/native-stream-64,1048576,1,1,16,1252153.375000,155056.562500
blake3/native-stream-64,1048576,1,2,16,1248195.437500,155237.812500
blake3/native-stream-64,1048576,1,3,16,1251738.437500,154884.062500
blake3/native-stream-64,1048576,1,4,16,1247321.062500,154590.312500
blake3/native-stream-64,1048576,1,5,16,1252060.312500,154981.562500
blake3/native-stream-64,1048576,1,6,16,1247002.937500,154622.812500
blake3/native-stream-64,1048576,1,7,16,1251251.500000,154681.625000
blake3/native-stream-64,1048576,1,8,16,1247509.812500,154707.875000
blake3/native-stream-64,1048576,1,9,16,1250555.937500,155126.000000
blake3/native-stream-64,1048576,1,10,16,1246832.312500,154421.000000
blake3/native-stream-64,1048576,1,11,16,1250107.187500,155077.812500
blake3/native-stream-1024,1048576,1,0,16,1242914.937500,117346.625000
blake3/native-stream-1024,1048576,1,1,16,1244939.312500,117454.687500
blake3/native-stream-1024,1048576,1,2,16,1240290.687500,117121.000000
blake3/native-stream-1024,1048576,1,3,16,1244121.187500,117799.125000
blake3/native-stream-1024,1048576,1,4,16,1240731.875000,117170.375000
blake3/native-stream-1024,1048576,1,5,16,1244081.812500,117670.375000
blake3/native-stream-1024,1048576,1,6,16,1240516.875000,117031.625000
blake3/native-stream-1024,1048576,1,7,16,1244156.812500,117689.125000
blake3/native-stream-1024,1048576,1,8,16,1240970.062500,117486.000000
blake3/native-stream-1024,1048576,1,9,16,1244203.062500,118335.937500
blake3/native-stream-1024,1048576,1,10,16,1240328.812500,117515.312500
blake3/native-stream-1024,1048576,1,11,16,1243418.750000,118081.562500
blake3/native-stream-16384,1048576,1,0,256,110758.710938,113305.066406
blake3/native-stream-16384,1048576,1,1,256,110843.824219,113559.628906
blake3/native-stream-16384,1048576,1,2,256,110772.812500,113369.636719
blake3/native-stream-16384,1048576,1,3,256,110412.042969,113512.054688
blake3/native-stream-16384,1048576,1,4,256,110413.761719,113291.394531
blake3/native-stream-16384,1048576,1,5,256,110474.109375,113478.421875
blake3/native-stream-16384,1048576,1,6,256,110409.464844,113294.679688
blake3/native-stream-16384,1048576,1,7,256,110478.914062,113543.929688
blake3/native-stream-16384,1048576,1,8,256,110419.113281,113245.070312
blake3/native-stream-16384,1048576,1,9,256,110480.554688,113477.679688
blake3/native-stream-16384,1048576,1,10,256,110424.503906,113332.175781
blake3/native-stream-16384,1048576,1,11,256,110508.953125,113525.609375
blake3/native-stream-65536,1048576,1,0,256,95709.070312,95717.191406
blake3/native-stream-65536,1048576,1,1,256,95768.441406,95826.605469
blake3/native-stream-65536,1048576,1,2,256,95729.222656,95700.242188
blake3/native-stream-65536,1048576,1,3,256,95735.472656,95834.808594
blake3/native-stream-65536,1048576,1,4,256,95717.625000,95754.300781
blake3/native-stream-65536,1048576,1,5,256,95709.695312,95765.199219
blake3/native-stream-65536,1048576,1,6,256,95756.605469,95793.363281
blake3/native-stream-65536,1048576,1,7,256,95713.875000,95850.550781
blake3/native-stream-65536,1048576,1,8,256,95721.527344,95744.968750
blake3/native-stream-65536,1048576,1,9,256,95723.718750,95793.714844
blake3/native-stream-65536,1048576,1,10,256,95706.843750,95715.906250
blake3/native-stream-65536,1048576,1,11,256,95723.328125,95773.636719
blake3/native-stream-irregular,1048576,1,0,32,531244.968750,114586.375000
blake3/native-stream-irregular,1048576,1,1,32,531953.375000,115138.250000
blake3/native-stream-irregular,1048576,1,2,32,529757.500000,114335.156250
blake3/native-stream-irregular,1048576,1,3,32,532055.562500,115299.187500
blake3/native-stream-irregular,1048576,1,4,32,529405.625000,114039.843750
blake3/native-stream-irregular,1048576,1,5,32,532975.531250,115000.750000
blake3/native-stream-irregular,1048576,1,6,32,530105.312500,114324.500000
blake3/native-stream-irregular,1048576,1,7,32,531735.531250,114948.593750
blake3/native-stream-irregular,1048576,1,8,32,529581.906250,114266.718750
blake3/native-stream-irregular,1048576,1,9,32,531130.562500,114937.000000
blake3/native-stream-irregular,1048576,1,10,32,528984.093750,114200.468750
blake3/native-stream-irregular,1048576,1,11,32,531280.593750,115001.687500
