case,sample,position,build,iterations,total_ns,receipt
intern-iri,0,0,before,264,286374237,intern-iri-before-0.csv
intern-iri,0,1,checkpoint,264,280587140,intern-iri-checkpoint-0.csv
intern-iri,0,2,candidate,264,266437478,intern-iri-candidate-0.csv
intern-iri,1,0,candidate,264,268542271,intern-iri-candidate-1.csv
intern-iri,1,1,checkpoint,264,283945904,intern-iri-checkpoint-1.csv
intern-iri,1,2,before,264,288412643,intern-iri-before-1.csv
intern-iri,2,0,before,264,287033647,intern-iri-before-2.csv
intern-iri,2,1,checkpoint,264,283484988,intern-iri-checkpoint-2.csv
intern-iri,2,2,candidate,264,267392617,intern-iri-candidate-2.csv
intern-mixed,0,0,before,67,294476361,intern-mixed-before-0.csv
intern-mixed,0,1,checkpoint,67,300939057,intern-mixed-checkpoint-0.csv
intern-mixed,0,2,candidate,67,297056060,intern-mixed-candidate-0.csv
intern-mixed,1,0,candidate,67,292076777,intern-mixed-candidate-1.csv
intern-mixed,1,1,checkpoint,67,300301077,intern-mixed-checkpoint-1.csv
intern-mixed,1,2,before,67,292620440,intern-mixed-before-1.csv
intern-mixed,2,0,before,67,293955328,intern-mixed-before-2.csv
intern-mixed,2,1,checkpoint,67,300457363,intern-mixed-checkpoint-2.csv
intern-mixed,2,2,candidate,67,297122068,intern-mixed-candidate-2.csv
parse-nquads,0,0,before,17,306901189,parse-nquads-before-0.csv
parse-nquads,0,1,checkpoint,17,306090865,parse-nquads-checkpoint-0.csv
parse-nquads,0,2,candidate,17,298680238,parse-nquads-candidate-0.csv
parse-nquads,1,0,candidate,17,327406550,parse-nquads-candidate-1.csv
parse-nquads,1,1,checkpoint,17,335037500,parse-nquads-checkpoint-1.csv
parse-nquads,1,2,before,17,302266675,parse-nquads-before-1.csv
parse-nquads,2,0,before,17,304080908,parse-nquads-before-2.csv
parse-nquads,2,1,checkpoint,17,305841023,parse-nquads-checkpoint-2.csv
parse-nquads,2,2,candidate,17,296531256,parse-nquads-candidate-2.csv
parse-turtle,0,0,before,18,291079049,parse-turtle-before-0.csv
parse-turtle,0,1,checkpoint,18,301850168,parse-turtle-checkpoint-0.csv
parse-turtle,0,2,candidate,18,288328226,parse-turtle-candidate-0.csv
parse-turtle,1,0,candidate,18,291429037,parse-turtle-candidate-1.csv
parse-turtle,1,1,checkpoint,18,303625802,parse-turtle-checkpoint-1.csv
parse-turtle,1,2,before,18,293106605,parse-turtle-before-1.csv
parse-turtle,2,0,before,18,296829108,parse-turtle-before-2.csv
parse-turtle,2,1,checkpoint,18,299653157,parse-turtle-checkpoint-2.csv
parse-turtle,2,2,candidate,18,287952848,parse-turtle-candidate-2.csv
query-join,0,0,before,73,299375377,query-join-before-0.csv
query-join,0,1,checkpoint,73,284030422,query-join-checkpoint-0.csv
query-join,0,2,candidate,73,284933213,query-join-candidate-0.csv
query-join,1,0,candidate,73,279356210,query-join-candidate-1.csv
query-join,1,1,checkpoint,73,280179643,query-join-checkpoint-1.csv
query-join,1,2,before,73,298620870,query-join-before-1.csv
query-join,2,0,before,73,296545237,query-join-before-2.csv
query-join,2,1,checkpoint,73,286357268,query-join-checkpoint-2.csv
query-join,2,2,candidate,73,278444998,query-join-candidate-2.csv
gts-author-4k,0,0,before,150,295538089,gts-author-4k-before-0.csv
gts-author-4k,0,1,checkpoint,150,191145618,gts-author-4k-checkpoint-0.csv
gts-author-4k,0,2,candidate,150,184771169,gts-author-4k-candidate-0.csv
gts-author-4k,1,0,candidate,150,184833057,gts-author-4k-candidate-1.csv
gts-author-4k,1,1,checkpoint,150,196694222,gts-author-4k-checkpoint-1.csv
gts-author-4k,1,2,before,150,297267263,gts-author-4k-before-1.csv
gts-author-4k,2,0,before,150,295708893,gts-author-4k-before-2.csv
gts-author-4k,2,1,checkpoint,150,191770708,gts-author-4k-checkpoint-2.csv
gts-author-4k,2,2,candidate,150,185517496,gts-author-4k-candidate-2.csv
gts-read-4k,0,0,before,159,299094296,gts-read-4k-before-0.csv
gts-read-4k,0,1,checkpoint,159,197116279,gts-read-4k-checkpoint-0.csv
gts-read-4k,0,2,candidate,159,197239245,gts-read-4k-candidate-0.csv
gts-read-4k,1,0,candidate,159,197741350,gts-read-4k-candidate-1.csv
gts-read-4k,1,1,checkpoint,159,197468068,gts-read-4k-checkpoint-1.csv
gts-read-4k,1,2,before,159,299168383,gts-read-4k-before-1.csv
gts-read-4k,2,0,before,159,299376237,gts-read-4k-before-2.csv
gts-read-4k,2,1,checkpoint,159,197286784,gts-read-4k-checkpoint-2.csv
gts-read-4k,2,2,candidate,159,196828428,gts-read-4k-candidate-2.csv
gts-author-1m,0,0,before,154,292440227,gts-author-1m-before-0.csv
gts-author-1m,0,1,checkpoint,154,288769322,gts-author-1m-checkpoint-0.csv
gts-author-1m,0,2,candidate,154,295217989,gts-author-1m-candidate-0.csv
gts-author-1m,1,0,candidate,154,295597686,gts-author-1m-candidate-1.csv
gts-author-1m,1,1,checkpoint,154,287923539,gts-author-1m-checkpoint-1.csv
gts-author-1m,1,2,before,154,291535455,gts-author-1m-before-1.csv
gts-author-1m,2,0,before,154,292097047,gts-author-1m-before-2.csv
gts-author-1m,2,1,checkpoint,154,288830020,gts-author-1m-checkpoint-2.csv
gts-author-1m,2,2,candidate,154,293321089,gts-author-1m-candidate-2.csv
gts-read-1m,0,0,before,91,299978718,gts-read-1m-before-0.csv
gts-read-1m,0,1,checkpoint,91,304293581,gts-read-1m-checkpoint-0.csv
gts-read-1m,0,2,candidate,91,302798509,gts-read-1m-candidate-0.csv
gts-read-1m,1,0,candidate,91,304162425,gts-read-1m-candidate-1.csv
gts-read-1m,1,1,checkpoint,91,308214007,gts-read-1m-checkpoint-1.csv
gts-read-1m,1,2,before,91,296973543,gts-read-1m-before-1.csv
gts-read-1m,2,0,before,91,303477978,gts-read-1m-before-2.csv
gts-read-1m,2,1,checkpoint,91,302468559,gts-read-1m-checkpoint-2.csv
gts-read-1m,2,2,candidate,91,302091212,gts-read-1m-candidate-2.csv
