09d2a8c6cc84cd886aa6e9c087313bf0ac8a4f944ce5d8abb578416404bf980f	f111691eb9a9d10c43c3d330170d6c23acb01ba16f38ed38a3f02a5f626c865b	/home/paudley/Active/purrdf/.worktrees/454-rdflib-shim-algebra-level-reassignment/.stage/rdflib-shim-algebra-level-reassignment/raw/t2-base-python-ir/purrdf_native.s.gz
1859b85621d40c5d4034a300cd1d753f94e749a53a6d12afe78228c5375a4633	725021feb97d6eeb821c8ed302ce6684b9bdc6ceca3b6e9fd8f0da7788a632aa	/home/paudley/Active/purrdf/.worktrees/454-rdflib-shim-algebra-level-reassignment/.stage/rdflib-shim-algebra-level-reassignment/raw/t3-base-python-ir/purrdf_native.s.gz
287ac63af411d8979beb38ee4170c1a1f34a25a2df4de91225f762656a525049	1f0c458d50e92bd5d1244c45dd0a51b69f4eec61695db601667fabc77464d13e	/home/paudley/Active/purrdf/.worktrees/454-rdflib-shim-algebra-level-reassignment/.stage/rdflib-shim-algebra-level-reassignment/raw/t2-unit-mode-python-ir/purrdf_native.ll.gz
4d3488b944dfc79dce327267d8458d984054a45ebaf7b29daca9c80c166a7ee1	b124e95c9abae6a4bf090329a90bebb274dcbb48293f3b4ad5a1b23bdbc72a41	/home/paudley/Active/purrdf/.worktrees/454-rdflib-shim-algebra-level-reassignment/.stage/rdflib-shim-algebra-level-reassignment/raw/t3-base-native-ir/qualification_454_native_cost.purrdf_sparql_eval-f1be5881d2e83378.purrdf_sparql_eval.5af75fb13b780118-cgu.0.rcgu.o.rcgu.ll.gz
58168e12c756d0004f6384341e6ed8bf03b341f27ce34fb67e573fb831b81d85	b5b0366f0d57e76596cc17f88f02c223b0e181ef68b3866bc2673990ad143433	/home/paudley/Active/purrdf/.worktrees/454-rdflib-shim-algebra-level-reassignment/.stage/rdflib-shim-algebra-level-reassignment/raw/t3-final-installed-native-module.abi3.so.gz
6df949d495d2003a16d4b358f80f711712e8eb5f22ecbf93f4afd68f81cfd515	028a7ad2ebf8abe0fb0ff48577fcfb9af5dd8607f042c43413a526b9c5621cfc	/home/paudley/Active/purrdf/.worktrees/454-rdflib-shim-algebra-level-reassignment/.stage/rdflib-shim-algebra-level-reassignment/raw/t2-candidate-python-ir/purrdf_native.ll.gz
8b72d713a18d0bf142687a9ebae19586019e794476968fe3605c707d9c9d44a9	64550348d712e48ed2f9c8946f3a9a2e4c0d325b042716a5cd3e564acf740bc6	/home/paudley/Active/purrdf/.worktrees/454-rdflib-shim-algebra-level-reassignment/.stage/rdflib-shim-algebra-level-reassignment/raw/t3-candidate-python-ir/purrdf_native.s.gz
8ec3cbb80779f51bbcb3ba48a4890138b08082afdef5042b88a6dca90394a751	f820276cbda145eccd98604fcf29ab45c23e75f18e73a1c29f364e4e1659a0d5	/home/paudley/Active/purrdf/.worktrees/454-rdflib-shim-algebra-level-reassignment/.stage/rdflib-shim-algebra-level-reassignment/raw/t3-candidate-python-ir/purrdf_native.ll.gz
8ee9c99d8b0ecebca0d869533f9ef6bde079e0738cab955bcb0e7b86f4a3b797	ca1afdcd57aad6f3ef53e47f40eb76ac51536e6f1b2c4be0d828e623833c715f	/home/paudley/Active/purrdf/.worktrees/454-rdflib-shim-algebra-level-reassignment/.stage/rdflib-shim-algebra-level-reassignment/raw/t3-candidate-native-ir/qualification_454_native_cost.purrdf_sparql_eval-0d067d9d4a72ce33.purrdf_sparql_eval.5766da4c1a18e898-cgu.0.rcgu.o.rcgu.ll.gz
954e4780ab9af84bdbda83df742d7c0c1f7072d7717dffcb61d544727161b362	1ba063d2d8780ca71af3db4c6e0167eea1d81e7a210ca5f4e7ccffdc3cec701a	/home/paudley/Active/purrdf/.worktrees/454-rdflib-shim-algebra-level-reassignment/.stage/rdflib-shim-algebra-level-reassignment/raw/t3-inline-cost-candidate-native-ir/qualification_454_native_cost.purrdf_sparql_eval-0d067d9d4a72ce33.purrdf_sparql_eval.5766da4c1a18e898-cgu.0.rcgu.o.rcgu.ll.gz
a70510c22495fb7b566c22798a931044d4e05eb082a189840d0e2c4cc8ec9175	b1b793a02913ad2dcd0e1c854e9476e888068331064806d1dea3891a9e8490e0	/home/paudley/Active/purrdf/.worktrees/454-rdflib-shim-algebra-level-reassignment/.stage/rdflib-shim-algebra-level-reassignment/raw/t2-base-python-ir/purrdf_native.ll.gz
c9e84ebf75be395c3f5aabe6c5554f7b0755de4d5e148093622969374ab0788f	9a948c3eef5dedab0a0cb5499800cd3a0b0061aa9892754a30bd40cc67086b77	/home/paudley/Active/purrdf/.worktrees/454-rdflib-shim-algebra-level-reassignment/.stage/rdflib-shim-algebra-level-reassignment/raw/t3-static-tail-candidate-native-ir/qualification_454_native_cost.purrdf_sparql_eval-0d067d9d4a72ce33.purrdf_sparql_eval.5766da4c1a18e898-cgu.0.rcgu.o.rcgu.ll.gz
dfd5122b6baa993657b7153181c9de305e6849218967d4bba18a0adce1f7c71e	5a4da4638f7c6fc1942a3d480cac401f659b18950f594328c05d809a0b790792	/home/paudley/Active/purrdf/.worktrees/454-rdflib-shim-algebra-level-reassignment/.stage/rdflib-shim-algebra-level-reassignment/raw/t3-base-python-ir/purrdf_native.ll.gz
