0	/home/paudley/Active/purrdf/.worktrees/454-rdflib-shim-algebra-level-reassignment/.stage/rdflib-shim-algebra-level-reassignment/raw/current-conformance-projection/shard-evidence/RECONSTRUCTION.md
0	/home/paudley/Active/purrdf/.worktrees/454-rdflib-shim-algebra-level-reassignment/.stage/rdflib-shim-algebra-level-reassignment/raw/current-conformance-projection/shard-evidence/all-rows.tsv
0	/home/paudley/Active/purrdf/.worktrees/454-rdflib-shim-algebra-level-reassignment/.stage/rdflib-shim-algebra-level-reassignment/raw/current-conformance-projection/shard-evidence/archive-readback.txt
0	/home/paudley/Active/purrdf/.worktrees/454-rdflib-shim-algebra-level-reassignment/.stage/rdflib-shim-algebra-level-reassignment/raw/current-conformance-projection/shard-evidence/artifacts-api.json
0	/home/paudley/Active/purrdf/.worktrees/454-rdflib-shim-algebra-level-reassignment/.stage/rdflib-shim-algebra-level-reassignment/raw/current-conformance-projection/shard-evidence/budget-admission.txt
0	/home/paudley/Active/purrdf/.worktrees/454-rdflib-shim-algebra-level-reassignment/.stage/rdflib-shim-algebra-level-reassignment/raw/current-conformance-projection/shard-evidence/current-source-inputs.sha256
0	/home/paudley/Active/purrdf/.worktrees/454-rdflib-shim-algebra-level-reassignment/.stage/rdflib-shim-algebra-level-reassignment/raw/current-conformance-projection/shard-evidence/job-admission.txt
0	/home/paudley/Active/purrdf/.worktrees/454-rdflib-shim-algebra-level-reassignment/.stage/rdflib-shim-algebra-level-reassignment/raw/current-conformance-projection/shard-evidence/jobs-api.json
0	/home/paudley/Active/purrdf/.worktrees/454-rdflib-shim-algebra-level-reassignment/.stage/rdflib-shim-algebra-level-reassignment/raw/current-conformance-projection/shard-evidence/jobs/core.raw.log
0	/home/paudley/Active/purrdf/.worktrees/454-rdflib-shim-algebra-level-reassignment/.stage/rdflib-shim-algebra-level-reassignment/raw/current-conformance-projection/shard-evidence/jobs/python.raw.log
0	/home/paudley/Active/purrdf/.worktrees/454-rdflib-shim-algebra-level-reassignment/.stage/rdflib-shim-algebra-level-reassignment/raw/current-conformance-projection/shard-evidence/jobs/shapes.raw.log
0	/home/paudley/Active/purrdf/.worktrees/454-rdflib-shim-algebra-level-reassignment/.stage/rdflib-shim-algebra-level-reassignment/raw/current-conformance-projection/shard-evidence/jobs/sparql.raw.log
0	/home/paudley/Active/purrdf/.worktrees/454-rdflib-shim-algebra-level-reassignment/.stage/rdflib-shim-algebra-level-reassignment/raw/current-conformance-projection/shard-evidence/path-map.tsv
0	/home/paudley/Active/purrdf/.worktrees/454-rdflib-shim-algebra-level-reassignment/.stage/rdflib-shim-algebra-level-reassignment/raw/current-conformance-projection/shard-evidence/publication-credential-scan-corrected-paths.txt
0	/home/paudley/Active/purrdf/.worktrees/454-rdflib-shim-algebra-level-reassignment/.stage/rdflib-shim-algebra-level-reassignment/raw/current-conformance-projection/shard-evidence/publication-credential-scan-paths.txt
0	/home/paudley/Active/purrdf/.worktrees/454-rdflib-shim-algebra-level-reassignment/.stage/rdflib-shim-algebra-level-reassignment/raw/current-conformance-projection/shard-evidence/publication-credential-scan.exit
0	/home/paudley/Active/purrdf/.worktrees/454-rdflib-shim-algebra-level-reassignment/.stage/rdflib-shim-algebra-level-reassignment/raw/current-conformance-projection/shard-evidence/publication-scan-admission.txt
0	/home/paudley/Active/purrdf/.worktrees/454-rdflib-shim-algebra-level-reassignment/.stage/rdflib-shim-algebra-level-reassignment/raw/current-conformance-projection/shard-evidence/publication-zip-readback.txt
0	/home/paudley/Active/purrdf/.worktrees/454-rdflib-shim-algebra-level-reassignment/.stage/rdflib-shim-algebra-level-reassignment/raw/current-conformance-projection/shard-evidence/results.sha256
0	/home/paudley/Active/purrdf/.worktrees/454-rdflib-shim-algebra-level-reassignment/.stage/rdflib-shim-algebra-level-reassignment/raw/current-conformance-projection/shard-evidence/results/core.json
0	/home/paudley/Active/purrdf/.worktrees/454-rdflib-shim-algebra-level-reassignment/.stage/rdflib-shim-algebra-level-reassignment/raw/current-conformance-projection/shard-evidence/results/python.json
0	/home/paudley/Active/purrdf/.worktrees/454-rdflib-shim-algebra-level-reassignment/.stage/rdflib-shim-algebra-level-reassignment/raw/current-conformance-projection/shard-evidence/results/shapes.json
0	/home/paudley/Active/purrdf/.worktrees/454-rdflib-shim-algebra-level-reassignment/.stage/rdflib-shim-algebra-level-reassignment/raw/current-conformance-projection/shard-evidence/results/sparql.json
0	/home/paudley/Active/purrdf/.worktrees/454-rdflib-shim-algebra-level-reassignment/.stage/rdflib-shim-algebra-level-reassignment/raw/current-conformance-projection/shard-evidence/retrieval-terminals.txt
0	/home/paudley/Active/purrdf/.worktrees/454-rdflib-shim-algebra-level-reassignment/.stage/rdflib-shim-algebra-level-reassignment/raw/current-conformance-projection/shard-evidence/run-admission.txt
0	/home/paudley/Active/purrdf/.worktrees/454-rdflib-shim-algebra-level-reassignment/.stage/rdflib-shim-algebra-level-reassignment/raw/current-conformance-projection/shard-evidence/run.json
0	/home/paudley/Active/purrdf/.worktrees/454-rdflib-shim-algebra-level-reassignment/.stage/rdflib-shim-algebra-level-reassignment/raw/current-conformance-projection/shard-evidence/schema-admission.txt
0	/home/paudley/Active/purrdf/.worktrees/454-rdflib-shim-algebra-level-reassignment/.stage/rdflib-shim-algebra-level-reassignment/raw/current-conformance-projection/shard-evidence/source-delta.patch
0	/home/paudley/Active/purrdf/.worktrees/454-rdflib-shim-algebra-level-reassignment/.stage/rdflib-shim-algebra-level-reassignment/raw/current-conformance-projection/shard-evidence/source-delta.txt
0	/home/paudley/Active/purrdf/.worktrees/454-rdflib-shim-algebra-level-reassignment/.stage/rdflib-shim-algebra-level-reassignment/raw/current-conformance-projection/shard-evidence/zips/core.extract.log
0	/home/paudley/Active/purrdf/.worktrees/454-rdflib-shim-algebra-level-reassignment/.stage/rdflib-shim-algebra-level-reassignment/raw/current-conformance-projection/shard-evidence/zips/core.members.txt
0	/home/paudley/Active/purrdf/.worktrees/454-rdflib-shim-algebra-level-reassignment/.stage/rdflib-shim-algebra-level-reassignment/raw/current-conformance-projection/shard-evidence/zips/core.zip
0	/home/paudley/Active/purrdf/.worktrees/454-rdflib-shim-algebra-level-reassignment/.stage/rdflib-shim-algebra-level-reassignment/raw/current-conformance-projection/shard-evidence/zips/python.extract.log
0	/home/paudley/Active/purrdf/.worktrees/454-rdflib-shim-algebra-level-reassignment/.stage/rdflib-shim-algebra-level-reassignment/raw/current-conformance-projection/shard-evidence/zips/python.members.txt
0	/home/paudley/Active/purrdf/.worktrees/454-rdflib-shim-algebra-level-reassignment/.stage/rdflib-shim-algebra-level-reassignment/raw/current-conformance-projection/shard-evidence/zips/python.zip
0	/home/paudley/Active/purrdf/.worktrees/454-rdflib-shim-algebra-level-reassignment/.stage/rdflib-shim-algebra-level-reassignment/raw/current-conformance-projection/shard-evidence/zips/shapes.extract.log
0	/home/paudley/Active/purrdf/.worktrees/454-rdflib-shim-algebra-level-reassignment/.stage/rdflib-shim-algebra-level-reassignment/raw/current-conformance-projection/shard-evidence/zips/shapes.members.txt
0	/home/paudley/Active/purrdf/.worktrees/454-rdflib-shim-algebra-level-reassignment/.stage/rdflib-shim-algebra-level-reassignment/raw/current-conformance-projection/shard-evidence/zips/shapes.zip
0	/home/paudley/Active/purrdf/.worktrees/454-rdflib-shim-algebra-level-reassignment/.stage/rdflib-shim-algebra-level-reassignment/raw/current-conformance-projection/shard-evidence/zips/sparql.extract.log
0	/home/paudley/Active/purrdf/.worktrees/454-rdflib-shim-algebra-level-reassignment/.stage/rdflib-shim-algebra-level-reassignment/raw/current-conformance-projection/shard-evidence/zips/sparql.members.txt
0	/home/paudley/Active/purrdf/.worktrees/454-rdflib-shim-algebra-level-reassignment/.stage/rdflib-shim-algebra-level-reassignment/raw/current-conformance-projection/shard-evidence/zips/sparql.zip
