case,build,allocations,requested_bytes,peak_bytes,retained_bytes,signature
intern-iri,before,72,3255522,1287987,771375,dataset:10000:80bb83786840cdc043ed8aaecae5866711e562827325d01dd30b175cefe74222
intern-iri,checkpoint,72,3255522,1287987,771375,dataset:10000:80bb83786840cdc043ed8aaecae5866711e562827325d01dd30b175cefe74222
intern-iri,candidate,72,3255522,1287987,771375,dataset:10000:80bb83786840cdc043ed8aaecae5866711e562827325d01dd30b175cefe74222
intern-mixed,before,40081,10220693,3965032,2357964,dataset:30000:c3b343f298425aecd766cf1e7672ad5ba365ad812e86718f75c023dbfc10d37d
intern-mixed,checkpoint,40081,10220693,3965032,2357964,dataset:30000:c3b343f298425aecd766cf1e7672ad5ba365ad812e86718f75c023dbfc10d37d
intern-mixed,candidate,40081,10220693,3965032,2357964,dataset:30000:c3b343f298425aecd766cf1e7672ad5ba365ad812e86718f75c023dbfc10d37d
parse-nquads,before,220287,47449647,18408275,1425181,dataset:20000:5fcdeb27586b93f563cdaeeb21dca9f7e2712580ff340abdb73855190f71e8c6
parse-nquads,checkpoint,220287,47449647,18408275,1425181,dataset:20000:5fcdeb27586b93f563cdaeeb21dca9f7e2712580ff340abdb73855190f71e8c6
parse-nquads,candidate,220287,47449647,18408275,1425181,dataset:20000:5fcdeb27586b93f563cdaeeb21dca9f7e2712580ff340abdb73855190f71e8c6
parse-turtle,before,260274,47464358,18261565,1425181,dataset:20000:5fcdeb27586b93f563cdaeeb21dca9f7e2712580ff340abdb73855190f71e8c6
parse-turtle,checkpoint,260274,47464358,18261565,1425181,dataset:20000:5fcdeb27586b93f563cdaeeb21dca9f7e2712580ff340abdb73855190f71e8c6
parse-turtle,candidate,260274,47464358,18261565,1425181,dataset:20000:5fcdeb27586b93f563cdaeeb21dca9f7e2712580ff340abdb73855190f71e8c6
query-join,before,39805,8046324,2053264,625326,dataset:4944:cc78db9ff98b2991559a6c6dafdd33e4e818ca38a219f4e14b8dc4f909584d6d
query-join,checkpoint,39805,7271692,1711120,625326,dataset:4944:cc78db9ff98b2991559a6c6dafdd33e4e818ca38a219f4e14b8dc4f909584d6d
query-join,candidate,39805,7271692,1711120,625326,dataset:4944:cc78db9ff98b2991559a6c6dafdd33e4e818ca38a219f4e14b8dc4f909584d6d
gts-author-4k,before,17369,6454315,2267586,2210816,bytes:1105760:51105164296d3827a877d7e1906e92b3cc3ee1d306e8c538911e3712d7afefdf
gts-author-4k,checkpoint,16089,6415403,2267586,2210816,bytes:1105760:51105164296d3827a877d7e1906e92b3cc3ee1d306e8c538911e3712d7afefdf
gts-author-4k,candidate,16089,6415403,2267586,2210816,bytes:1105760:51105164296d3827a877d7e1906e92b3cc3ee1d306e8c538911e3712d7afefdf
gts-read-4k,before,15818,3216567,2680602,1198343,graph:0:256:7cdd54d4fc06d043d6a00c705e13b161dcc08f7e2be4c06c400b58604373a3ac
gts-read-4k,checkpoint,15818,3216567,2680602,1198343,graph:0:256:7cdd54d4fc06d043d6a00c705e13b161dcc08f7e2be4c06c400b58604373a3ac
gts-read-4k,candidate,15818,3216567,2680602,1198343,graph:0:256:7cdd54d4fc06d043d6a00c705e13b161dcc08f7e2be4c06c400b58604373a3ac
gts-author-1m,before,726,40943193,17832331,16780800,bytes:8390792:02cc588a1b9aa2b727ef49c720ff3ee1f8005ea0ad38ac8a9754a0d0daad01ba
gts-author-1m,checkpoint,686,40941977,17832331,16780800,bytes:8390792:02cc588a1b9aa2b727ef49c720ff3ee1f8005ea0ad38ac8a9754a0d0daad01ba
gts-author-1m,candidate,686,40941977,17832331,16780800,bytes:8390792:02cc588a1b9aa2b727ef49c720ff3ee1f8005ea0ad38ac8a9754a0d0daad01ba
gts-read-1m,before,691,25173343,16798954,8393791,graph:0:8:0f65a4884b22ab64ae2be601cab6bc5f55cc97ad945156322a102dbb7f99c139
gts-read-1m,checkpoint,691,25173343,16798954,8393791,graph:0:8:0f65a4884b22ab64ae2be601cab6bc5f55cc97ad945156322a102dbb7f99c139
gts-read-1m,candidate,691,25173343,16798954,8393791,graph:0:8:0f65a4884b22ab64ae2be601cab6bc5f55cc97ad945156322a102dbb7f99c139
