case,sample,position,build,iterations,total_ns,load1
intern-iri,0,0,before,87,94579070,6.63427734375
intern-iri,0,1,checkpoint,87,93114376,6.63427734375
intern-iri,0,2,candidate,87,89058634,6.5029296875
intern-iri,1,0,candidate,87,88174742,6.5029296875
intern-iri,1,1,checkpoint,87,93130966,6.5029296875
intern-iri,1,2,before,87,94857291,6.5029296875
intern-iri,2,0,before,87,99651340,6.5029296875
intern-iri,2,1,checkpoint,87,93904251,6.5029296875
intern-iri,2,2,candidate,87,88158913,6.5029296875
intern-iri,3,0,candidate,87,88160622,6.5029296875
intern-iri,3,1,checkpoint,87,93286131,6.5029296875
intern-iri,3,2,before,87,94336108,6.5029296875
intern-iri,4,0,before,87,94699836,6.5029296875
intern-iri,4,1,checkpoint,87,93384598,6.5029296875
intern-iri,4,2,candidate,87,88394925,6.5029296875
intern-iri,5,0,candidate,87,88206262,6.5029296875
intern-iri,5,1,checkpoint,87,93348479,6.5029296875
intern-iri,5,2,before,87,95021186,6.5029296875
intern-iri,6,0,before,87,97915125,6.5029296875
intern-iri,6,1,checkpoint,87,92807586,6.5029296875
intern-iri,6,2,candidate,87,88339887,6.5029296875
intern-iri,7,0,candidate,87,89451992,6.5029296875
intern-iri,7,1,checkpoint,87,92933742,6.5029296875
intern-iri,7,2,before,87,94359247,6.5029296875
intern-iri,8,0,before,87,94458803,6.5029296875
intern-iri,8,1,checkpoint,87,93543803,6.5029296875
intern-iri,8,2,candidate,87,87747696,6.5029296875
intern-iri,9,0,candidate,87,88163693,6.5029296875
intern-iri,9,1,checkpoint,87,92962411,6.5029296875
intern-iri,9,2,before,87,94867980,6.5029296875
intern-iri,10,0,before,87,94999416,6.5029296875
intern-iri,10,1,checkpoint,87,93175424,6.5029296875
intern-iri,10,2,candidate,87,88185102,6.5029296875
intern-iri,11,0,candidate,87,87959009,6.5029296875
intern-iri,11,1,checkpoint,87,93027579,6.5029296875
intern-iri,11,2,before,87,95111693,6.5029296875
intern-mixed,0,0,before,22,96577417,6.5029296875
intern-mixed,0,1,checkpoint,22,99598941,6.5029296875
intern-mixed,0,2,candidate,22,96487209,6.5029296875
intern-mixed,1,0,candidate,22,96323765,6.5029296875
intern-mixed,1,1,checkpoint,22,99324110,6.5029296875
intern-mixed,1,2,before,22,97205017,6.5029296875
intern-mixed,2,0,before,22,96863578,6.5029296875
intern-mixed,2,1,checkpoint,22,98533654,6.5029296875
intern-mixed,2,2,candidate,22,96537748,6.5029296875
intern-mixed,3,0,candidate,22,95761642,6.5029296875
intern-mixed,3,1,checkpoint,22,98997800,6.5029296875
intern-mixed,3,2,before,22,98535215,6.5029296875
intern-mixed,4,0,before,22,96549737,6.5029296875
intern-mixed,4,1,checkpoint,22,121708092,6.5029296875
intern-mixed,4,2,candidate,22,97549626,6.623046875
intern-mixed,5,0,candidate,22,96967735,6.623046875
intern-mixed,5,1,checkpoint,22,101417663,6.623046875
intern-mixed,5,2,before,22,99900401,6.623046875
intern-mixed,6,0,before,22,98319912,6.623046875
intern-mixed,6,1,checkpoint,22,104196526,6.623046875
intern-mixed,6,2,candidate,22,96394222,6.623046875
intern-mixed,7,0,candidate,22,96746822,6.623046875
intern-mixed,7,1,checkpoint,22,98844785,6.623046875
intern-mixed,7,2,before,22,98138327,6.623046875
intern-mixed,8,0,before,22,103122470,6.623046875
intern-mixed,8,1,checkpoint,22,109462379,6.623046875
intern-mixed,8,2,candidate,22,104911914,6.623046875
intern-mixed,9,0,candidate,22,96400643,6.623046875
intern-mixed,9,1,checkpoint,22,99382668,6.623046875
intern-mixed,9,2,before,22,99228003,6.623046875
intern-mixed,10,0,before,22,96939805,6.623046875
intern-mixed,10,1,checkpoint,22,104636872,6.623046875
intern-mixed,10,2,candidate,22,99950850,6.623046875
intern-mixed,11,0,candidate,22,101966877,6.623046875
intern-mixed,11,1,checkpoint,22,113533331,6.623046875
intern-mixed,11,2,before,22,102562547,6.623046875
parse-nquads,0,0,before,5,101682615,6.623046875
parse-nquads,0,1,checkpoint,5,89744823,6.623046875
parse-nquads,0,2,candidate,5,87572272,6.623046875
parse-nquads,1,0,candidate,5,87894652,6.623046875
parse-nquads,1,1,checkpoint,5,90154240,6.623046875
parse-nquads,1,2,before,5,90822928,6.623046875
parse-nquads,2,0,before,5,89710524,6.623046875
parse-nquads,2,1,checkpoint,5,90461011,6.623046875
parse-nquads,2,2,candidate,5,88055076,6.623046875
parse-nquads,3,0,candidate,5,89071673,6.623046875
parse-nquads,3,1,checkpoint,5,110305793,6.623046875
parse-nquads,3,2,before,5,90892646,6.623046875
parse-nquads,4,0,before,5,90882346,6.623046875
parse-nquads,4,1,checkpoint,5,89506330,6.623046875
parse-nquads,4,2,candidate,5,87974909,6.623046875
parse-nquads,5,0,candidate,5,87545932,6.6533203125
parse-nquads,5,1,checkpoint,5,90203058,6.6533203125
parse-nquads,5,2,before,5,89703754,6.6533203125
parse-nquads,6,0,before,5,89716693,6.6533203125
parse-nquads,6,1,checkpoint,5,89606857,6.6533203125
parse-nquads,6,2,candidate,5,87015859,6.6533203125
parse-nquads,7,0,candidate,5,88240920,6.6533203125
parse-nquads,7,1,checkpoint,5,89953156,6.6533203125
parse-nquads,7,2,before,5,89507550,6.6533203125
parse-nquads,8,0,before,5,92337991,6.6533203125
parse-nquads,8,1,checkpoint,5,109229217,6.6533203125
parse-nquads,8,2,candidate,5,105364269,6.6533203125
parse-nquads,9,0,candidate,5,87529273,6.6533203125
parse-nquads,9,1,checkpoint,5,89777312,6.6533203125
parse-nquads,9,2,before,5,89241999,6.6533203125
parse-nquads,10,0,before,5,89874039,6.6533203125
parse-nquads,10,1,checkpoint,5,90108661,6.6533203125
parse-nquads,10,2,candidate,5,91414331,6.6533203125
parse-nquads,11,0,candidate,5,89401874,6.6533203125
parse-nquads,11,1,checkpoint,5,91424039,6.6533203125
parse-nquads,11,2,before,5,89779221,6.6533203125
parse-turtle,0,0,before,6,96503510,6.6533203125
parse-turtle,0,1,checkpoint,6,99475816,6.6533203125
parse-turtle,0,2,candidate,6,97479298,6.6533203125
parse-turtle,1,0,candidate,6,95311797,6.6533203125
parse-turtle,1,1,checkpoint,6,101094144,6.6533203125
parse-turtle,1,2,before,6,96913936,6.6533203125
parse-turtle,2,0,before,6,98009481,6.6533203125
parse-turtle,2,1,checkpoint,6,100312179,6.6533203125
parse-turtle,2,2,candidate,6,95675905,6.6533203125
parse-turtle,3,0,candidate,6,95597967,6.6533203125
parse-turtle,3,1,checkpoint,6,100946669,6.6533203125
parse-turtle,3,2,before,6,98438088,6.6005859375
parse-turtle,4,0,before,6,97166269,6.6005859375
parse-turtle,4,1,checkpoint,6,99922952,6.6005859375
parse-turtle,4,2,candidate,6,95875279,6.6005859375
parse-turtle,5,0,candidate,6,95506081,6.6005859375
parse-turtle,5,1,checkpoint,6,99932871,6.6005859375
parse-turtle,5,2,before,6,97860736,6.6005859375
parse-turtle,6,0,before,6,97461889,6.6005859375
parse-turtle,6,1,checkpoint,6,100408646,6.6005859375
parse-turtle,6,2,candidate,6,96001635,6.6005859375
parse-turtle,7,0,candidate,6,95948467,6.6005859375
parse-turtle,7,1,checkpoint,6,99815764,6.6005859375
parse-turtle,7,2,before,6,97589315,6.6005859375
parse-turtle,8,0,before,6,96895767,6.6005859375
parse-turtle,8,1,checkpoint,6,99591452,6.6005859375
parse-turtle,8,2,candidate,6,95447403,6.6005859375
parse-turtle,9,0,candidate,6,95366276,6.6005859375
parse-turtle,9,1,checkpoint,6,99794796,6.6005859375
parse-turtle,9,2,before,6,97761249,6.6005859375
parse-turtle,10,0,before,6,98211905,6.6005859375
parse-turtle,10,1,checkpoint,6,101320927,6.6005859375
parse-turtle,10,2,candidate,6,97704801,6.6005859375
parse-turtle,11,0,candidate,6,96851178,6.6005859375
parse-turtle,11,1,checkpoint,6,99915861,6.6005859375
parse-turtle,11,2,before,6,98479817,6.6005859375
query-join,0,0,before,24,96473520,6.6005859375
query-join,0,1,checkpoint,24,92693960,6.6005859375
query-join,0,2,candidate,24,93743406,6.6005859375
query-join,1,0,candidate,24,93518064,6.6005859375
query-join,1,1,checkpoint,24,95496131,6.6005859375
query-join,1,2,before,24,98297552,6.6005859375
query-join,2,0,before,24,95999175,6.6005859375
query-join,2,1,checkpoint,24,92471686,6.6005859375
query-join,2,2,candidate,24,93994459,6.6005859375
query-join,3,0,candidate,24,95494412,6.47216796875
query-join,3,1,checkpoint,24,93887711,6.47216796875
query-join,3,2,before,24,96863408,6.47216796875
query-join,4,0,before,24,98892813,6.47216796875
query-join,4,1,checkpoint,24,93385978,6.47216796875
query-join,4,2,candidate,24,94198762,6.47216796875
query-join,5,0,candidate,24,93761006,6.47216796875
query-join,5,1,checkpoint,24,93672839,6.47216796875
query-join,5,2,before,24,99102827,6.47216796875
query-join,6,0,before,24,95929817,6.47216796875
query-join,6,1,checkpoint,24,93586512,6.47216796875
query-join,6,2,candidate,24,96603486,6.47216796875
query-join,7,0,candidate,24,93288531,6.47216796875
query-join,7,1,checkpoint,24,92940592,6.47216796875
query-join,7,2,before,24,97177058,6.47216796875
query-join,8,0,before,24,95522671,6.47216796875
query-join,8,1,checkpoint,24,93081707,6.47216796875
query-join,8,2,candidate,24,92840765,6.47216796875
query-join,9,0,candidate,24,93071488,6.47216796875
query-join,9,1,checkpoint,24,93485824,6.47216796875
query-join,9,2,before,24,99207064,6.47216796875
query-join,10,0,before,24,97698641,6.47216796875
query-join,10,1,checkpoint,24,94302639,6.47216796875
query-join,10,2,candidate,24,93271541,6.47216796875
query-join,11,0,candidate,24,92570414,6.47216796875
query-join,11,1,checkpoint,24,92861494,6.47216796875
query-join,11,2,before,24,95281718,6.47216796875
gts-author-4k,0,0,before,50,99032900,6.47216796875
gts-author-4k,0,1,checkpoint,50,63943858,6.47216796875
gts-author-4k,0,2,candidate,50,62471715,6.47216796875
gts-author-4k,1,0,candidate,50,61799656,6.47216796875
gts-author-4k,1,1,checkpoint,50,63997546,6.47216796875
gts-author-4k,1,2,before,50,99040659,6.47216796875
gts-author-4k,2,0,before,50,99435577,6.47216796875
gts-author-4k,2,1,checkpoint,50,64111003,6.47216796875
gts-author-4k,2,2,candidate,50,61846835,6.47216796875
gts-author-4k,3,0,candidate,50,61952592,6.47216796875
gts-author-4k,3,1,checkpoint,50,64028926,6.47216796875
gts-author-4k,3,2,before,50,99364099,6.47216796875
gts-author-4k,4,0,before,50,98999950,6.47216796875
gts-author-4k,4,1,checkpoint,50,64041316,6.47216796875
gts-author-4k,4,2,candidate,50,61921252,6.47216796875
gts-author-4k,5,0,candidate,50,61788377,6.47216796875
gts-author-4k,5,1,checkpoint,50,63956238,6.47216796875
gts-author-4k,5,2,before,50,99108367,6.47216796875
gts-author-4k,6,0,before,50,99291781,6.47216796875
gts-author-4k,6,1,checkpoint,50,63990717,6.47216796875
gts-author-4k,6,2,candidate,50,61948802,6.47216796875
gts-author-4k,7,0,candidate,50,61758147,6.47216796875
gts-author-4k,7,1,checkpoint,50,64179471,6.47216796875
gts-author-4k,7,2,before,50,99368128,6.47216796875
gts-author-4k,8,0,before,50,99094377,6.35400390625
gts-author-4k,8,1,checkpoint,50,63874461,6.35400390625
gts-author-4k,8,2,candidate,50,61934603,6.35400390625
gts-author-4k,9,0,candidate,50,61832606,6.35400390625
gts-author-4k,9,1,checkpoint,50,64008207,6.35400390625
gts-author-4k,9,2,before,50,99045129,6.35400390625
gts-author-4k,10,0,before,50,99140306,6.35400390625
gts-author-4k,10,1,checkpoint,50,64100164,6.35400390625
gts-author-4k,10,2,candidate,50,62020979,6.35400390625
gts-author-4k,11,0,candidate,50,61732778,6.35400390625
gts-author-4k,11,1,checkpoint,50,63936479,6.35400390625
gts-author-4k,11,2,before,50,99322310,6.35400390625
gts-read-4k,0,0,before,52,97623403,6.35400390625
gts-read-4k,0,1,checkpoint,52,64486332,6.35400390625
gts-read-4k,0,2,candidate,52,64741313,6.35400390625
gts-read-4k,1,0,candidate,52,64531560,6.35400390625
gts-read-4k,1,1,checkpoint,52,64369175,6.35400390625
gts-read-4k,1,2,before,52,98025371,6.35400390625
gts-read-4k,2,0,before,52,97867057,6.35400390625
gts-read-4k,2,1,checkpoint,52,64889729,6.35400390625
gts-read-4k,2,2,candidate,52,64719064,6.35400390625
gts-read-4k,3,0,candidate,52,64832141,6.35400390625
gts-read-4k,3,1,checkpoint,52,64487151,6.35400390625
gts-read-4k,3,2,before,52,98117148,6.35400390625
gts-read-4k,4,0,before,52,97994672,6.35400390625
gts-read-4k,4,1,checkpoint,52,64511451,6.35400390625
gts-read-4k,4,2,candidate,52,64730574,6.35400390625
gts-read-4k,5,0,candidate,52,64900058,6.35400390625
gts-read-4k,5,1,checkpoint,52,64527510,6.35400390625
gts-read-4k,5,2,before,52,97994112,6.35400390625
gts-read-4k,6,0,before,52,98062460,6.35400390625
gts-read-4k,6,1,checkpoint,52,64636337,6.35400390625
gts-read-4k,6,2,candidate,52,64527601,6.35400390625
gts-read-4k,7,0,candidate,52,64590048,6.35400390625
gts-read-4k,7,1,checkpoint,52,64518921,6.35400390625
gts-read-4k,7,2,before,52,98185686,6.35400390625
gts-read-4k,8,0,before,52,97776139,6.35400390625
gts-read-4k,8,1,checkpoint,52,64432943,6.35400390625
gts-read-4k,8,2,candidate,52,64406834,6.35400390625
gts-read-4k,9,0,candidate,52,64402405,6.35400390625
gts-read-4k,9,1,checkpoint,52,64576649,6.35400390625
gts-read-4k,9,2,before,52,97689142,6.35400390625
gts-read-4k,10,0,before,52,98029711,6.35400390625
gts-read-4k,10,1,checkpoint,52,64651256,6.35400390625
gts-read-4k,10,2,candidate,52,64873209,6.35400390625
gts-read-4k,11,0,candidate,52,64683586,6.35400390625
gts-read-4k,11,1,checkpoint,52,64517571,6.35400390625
gts-read-4k,11,2,before,52,97886666,6.35400390625
gts-author-1m,0,0,before,52,98478346,6.35400390625
gts-author-1m,0,1,checkpoint,52,98296883,6.35400390625
gts-author-1m,0,2,candidate,52,100207292,6.35400390625
gts-author-1m,1,0,candidate,52,99456106,6.35400390625
gts-author-1m,1,1,checkpoint,52,97763010,6.35400390625
gts-author-1m,1,2,before,52,100499803,6.35400390625
gts-author-1m,2,0,before,52,98852665,6.35400390625
gts-author-1m,2,1,checkpoint,52,97981912,6.40576171875
gts-author-1m,2,2,candidate,52,99963600,6.40576171875
gts-author-1m,3,0,candidate,52,99005530,6.40576171875
gts-author-1m,3,1,checkpoint,52,98477587,6.40576171875
gts-author-1m,3,2,before,52,98346801,6.40576171875
gts-author-1m,4,0,before,52,98565114,6.40576171875
gts-author-1m,4,1,checkpoint,52,99306561,6.40576171875
gts-author-1m,4,2,candidate,52,100628929,6.40576171875
gts-author-1m,5,0,candidate,52,99534463,6.40576171875
gts-author-1m,5,1,checkpoint,52,99317510,6.40576171875
gts-author-1m,5,2,before,52,99199644,6.40576171875
gts-author-1m,6,0,before,52,98494217,6.40576171875
gts-author-1m,6,1,checkpoint,52,98716759,6.40576171875
gts-author-1m,6,2,candidate,52,100485063,6.40576171875
gts-author-1m,7,0,candidate,52,100299150,6.40576171875
gts-author-1m,7,1,checkpoint,52,98801997,6.40576171875
gts-author-1m,7,2,before,52,98148997,6.40576171875
gts-author-1m,8,0,before,52,98368160,6.40576171875
gts-author-1m,8,1,checkpoint,52,99161115,6.40576171875
gts-author-1m,8,2,candidate,52,100121595,6.40576171875
gts-author-1m,9,0,candidate,52,98823966,6.40576171875
gts-author-1m,9,1,checkpoint,52,98714569,6.40576171875
gts-author-1m,9,2,before,52,98698950,6.40576171875
gts-author-1m,10,0,before,52,98771027,6.40576171875
gts-author-1m,10,1,checkpoint,52,98745409,6.40576171875
gts-author-1m,10,2,candidate,52,100598490,6.40576171875
gts-author-1m,11,0,candidate,52,100493363,6.40576171875
gts-author-1m,11,1,checkpoint,52,98982851,6.40576171875
gts-author-1m,11,2,before,52,98351511,6.40576171875
gts-read-1m,0,0,before,30,99145176,6.40576171875
gts-read-1m,0,1,checkpoint,30,98811176,6.40576171875
gts-read-1m,0,2,candidate,30,100505183,6.40576171875
gts-read-1m,1,0,candidate,30,97333813,6.40576171875
gts-read-1m,1,1,checkpoint,30,97864126,6.40576171875
gts-read-1m,1,2,before,30,99819265,6.40576171875
gts-read-1m,2,0,before,30,98757278,6.40576171875
gts-read-1m,2,1,checkpoint,30,97978213,6.40576171875
gts-read-1m,2,2,candidate,30,98052350,6.40576171875
gts-read-1m,3,0,candidate,30,97879675,6.40576171875
gts-read-1m,3,1,checkpoint,30,97182338,6.40576171875
gts-read-1m,3,2,before,30,96311035,6.40576171875
gts-read-1m,4,0,before,30,98896533,6.53369140625
gts-read-1m,4,1,checkpoint,30,98107639,6.53369140625
gts-read-1m,4,2,candidate,30,98455868,6.53369140625
gts-read-1m,5,0,candidate,30,97844657,6.53369140625
gts-read-1m,5,1,checkpoint,30,97880046,6.53369140625
gts-read-1m,5,2,before,30,97947334,6.53369140625
gts-read-1m,6,0,before,30,96819390,6.53369140625
gts-read-1m,6,1,checkpoint,30,98984411,6.53369140625
gts-read-1m,6,2,candidate,30,96667524,6.53369140625
gts-read-1m,7,0,candidate,30,95826001,6.53369140625
gts-read-1m,7,1,checkpoint,30,98615982,6.53369140625
gts-read-1m,7,2,before,30,97297914,6.53369140625
gts-read-1m,8,0,before,30,99850883,6.53369140625
gts-read-1m,8,1,checkpoint,30,101773383,6.53369140625
gts-read-1m,8,2,candidate,30,101433434,6.53369140625
gts-read-1m,9,0,candidate,30,97829628,6.53369140625
gts-read-1m,9,1,checkpoint,30,98927023,6.53369140625
gts-read-1m,9,2,before,30,100557061,6.53369140625
gts-read-1m,10,0,before,30,98824346,6.53369140625
gts-read-1m,10,1,checkpoint,30,97039933,6.53369140625
gts-read-1m,10,2,candidate,30,97989332,6.53369140625
gts-read-1m,11,0,candidate,30,98065050,6.53369140625
gts-read-1m,11,1,checkpoint,30,97185578,6.53369140625
gts-read-1m,11,2,before,30,96576197,6.53369140625
