0	/home/paudley/Active/purrdf/.worktrees/454-rdflib-shim-algebra-level-reassignment/.stage/rdflib-shim-algebra-level-reassignment/raw/final-lossless-evidence-archive/objects/02767b33dfacf17e7770954fb1a6c64bf73becad2e43436b9cd8ccc3c4a1e3de.gz
0	/home/paudley/Active/purrdf/.worktrees/454-rdflib-shim-algebra-level-reassignment/.stage/rdflib-shim-algebra-level-reassignment/raw/final-lossless-evidence-archive/objects/038aec61cebd38cce6670b4be87615aa47b5654247cc9b5923f7209a37a861bd.gz
0	/home/paudley/Active/purrdf/.worktrees/454-rdflib-shim-algebra-level-reassignment/.stage/rdflib-shim-algebra-level-reassignment/raw/final-lossless-evidence-archive/objects/05d175f05e4e6dbcde87a1bd0f423b73b4bf891074d3501c78e7d217baf984df.gz
0	/home/paudley/Active/purrdf/.worktrees/454-rdflib-shim-algebra-level-reassignment/.stage/rdflib-shim-algebra-level-reassignment/raw/final-lossless-evidence-archive/objects/05f42e5e1da348c321d4b95c473d22667d1958dc1e5fe6b67924b4e2a43e29f1.gz
0	/home/paudley/Active/purrdf/.worktrees/454-rdflib-shim-algebra-level-reassignment/.stage/rdflib-shim-algebra-level-reassignment/raw/final-lossless-evidence-archive/objects/064a2c0dd797dfacde9d74a7255a222d64975899ac6e7a46f67eb05501593f4f.gz
0	/home/paudley/Active/purrdf/.worktrees/454-rdflib-shim-algebra-level-reassignment/.stage/rdflib-shim-algebra-level-reassignment/raw/final-lossless-evidence-archive/objects/06d70d04210fea271f454045bc847d694b298313d5a9e99d3ea13f930d6aab67.gz
0	/home/paudley/Active/purrdf/.worktrees/454-rdflib-shim-algebra-level-reassignment/.stage/rdflib-shim-algebra-level-reassignment/raw/final-lossless-evidence-archive/objects/0713b5d455618ff71e53fd069dc0a17661e44ee0676bca6d2092d106d96d36dc.gz
0	/home/paudley/Active/purrdf/.worktrees/454-rdflib-shim-algebra-level-reassignment/.stage/rdflib-shim-algebra-level-reassignment/raw/final-lossless-evidence-archive/objects/0823666519d9aeec9d622a0702760f590efdbfcf75f1cf42d4150c64795848b0.gz
0	/home/paudley/Active/purrdf/.worktrees/454-rdflib-shim-algebra-level-reassignment/.stage/rdflib-shim-algebra-level-reassignment/raw/final-lossless-evidence-archive/objects/093e621cf98714470be652ac54f2eb53549ea898d7ccf5452f25f0feea5675b8.gz
0	/home/paudley/Active/purrdf/.worktrees/454-rdflib-shim-algebra-level-reassignment/.stage/rdflib-shim-algebra-level-reassignment/raw/final-lossless-evidence-archive/objects/09d2a8c6cc84cd886aa6e9c087313bf0ac8a4f944ce5d8abb578416404bf980f.gz
0	/home/paudley/Active/purrdf/.worktrees/454-rdflib-shim-algebra-level-reassignment/.stage/rdflib-shim-algebra-level-reassignment/raw/final-lossless-evidence-archive/objects/0a67e9a367e640805e5ecc892a4723dd5e4e207fe78d1cffc4e8e5cf52f66336.gz
0	/home/paudley/Active/purrdf/.worktrees/454-rdflib-shim-algebra-level-reassignment/.stage/rdflib-shim-algebra-level-reassignment/raw/final-lossless-evidence-archive/objects/0d8481c81fb33cc60bdacd785af3e2bc86794a8bb8e410a87d69ca1effaacc82.gz
0	/home/paudley/Active/purrdf/.worktrees/454-rdflib-shim-algebra-level-reassignment/.stage/rdflib-shim-algebra-level-reassignment/raw/final-lossless-evidence-archive/objects/0da4532ed40920e62c4455b6ea3aea5b2bca1aa41cdea671517f8a397fc38089.gz
0	/home/paudley/Active/purrdf/.worktrees/454-rdflib-shim-algebra-level-reassignment/.stage/rdflib-shim-algebra-level-reassignment/raw/final-lossless-evidence-archive/objects/0db89d274558ffd6ac7e606f0cbd5f89a044768dc8f5a81e450d69eb2237cbb2.gz
0	/home/paudley/Active/purrdf/.worktrees/454-rdflib-shim-algebra-level-reassignment/.stage/rdflib-shim-algebra-level-reassignment/raw/final-lossless-evidence-archive/objects/0dbb4a1c8656422303157b1d2ae6238edf26ddb37772065edccf86db147a2d79.gz
0	/home/paudley/Active/purrdf/.worktrees/454-rdflib-shim-algebra-level-reassignment/.stage/rdflib-shim-algebra-level-reassignment/raw/final-lossless-evidence-archive/objects/101798f021e10db3caf900ad0950b2cf159526628a4adb34459d4f97d633848c.gz
0	/home/paudley/Active/purrdf/.worktrees/454-rdflib-shim-algebra-level-reassignment/.stage/rdflib-shim-algebra-level-reassignment/raw/final-lossless-evidence-archive/objects/10277825f38afd222af5bff561b18a3ab76558d88786e2085278a5b45cb55973.gz
0	/home/paudley/Active/purrdf/.worktrees/454-rdflib-shim-algebra-level-reassignment/.stage/rdflib-shim-algebra-level-reassignment/raw/final-lossless-evidence-archive/objects/102b9dc4789c1ceed6255a2dd4c60fdf38a31db868196b7935b9063ba8a3a7d0.gz
0	/home/paudley/Active/purrdf/.worktrees/454-rdflib-shim-algebra-level-reassignment/.stage/rdflib-shim-algebra-level-reassignment/raw/final-lossless-evidence-archive/objects/1124231f6b56cec16a76e45c28b1ea00c0043077ee0420697d643941147601ef.gz
0	/home/paudley/Active/purrdf/.worktrees/454-rdflib-shim-algebra-level-reassignment/.stage/rdflib-shim-algebra-level-reassignment/raw/final-lossless-evidence-archive/objects/1163c80f7d30ba0963bd8d5dae2460b8928630bb713795e74d950c3d38ccc798.gz
0	/home/paudley/Active/purrdf/.worktrees/454-rdflib-shim-algebra-level-reassignment/.stage/rdflib-shim-algebra-level-reassignment/raw/final-lossless-evidence-archive/objects/12529c91c0f8df0e9dd87ab090532969d892c7681d1e514caeafffd7dc33dbbd.gz
0	/home/paudley/Active/purrdf/.worktrees/454-rdflib-shim-algebra-level-reassignment/.stage/rdflib-shim-algebra-level-reassignment/raw/final-lossless-evidence-archive/objects/150649be86a0e0a2913010773887316a0b478c07610cdba03caf3fa1bd3b37f1.gz
0	/home/paudley/Active/purrdf/.worktrees/454-rdflib-shim-algebra-level-reassignment/.stage/rdflib-shim-algebra-level-reassignment/raw/final-lossless-evidence-archive/objects/1729b04667c1c89e5a6e7473e1dc2c480b44a5dd3e8e0f79400254f1668a06d7.gz
0	/home/paudley/Active/purrdf/.worktrees/454-rdflib-shim-algebra-level-reassignment/.stage/rdflib-shim-algebra-level-reassignment/raw/final-lossless-evidence-archive/objects/178e38622364893d93c67c959ec31ac16ace9381e565b9e190d23aae54788629.gz
0	/home/paudley/Active/purrdf/.worktrees/454-rdflib-shim-algebra-level-reassignment/.stage/rdflib-shim-algebra-level-reassignment/raw/final-lossless-evidence-archive/objects/1859b85621d40c5d4034a300cd1d753f94e749a53a6d12afe78228c5375a4633.gz
0	/home/paudley/Active/purrdf/.worktrees/454-rdflib-shim-algebra-level-reassignment/.stage/rdflib-shim-algebra-level-reassignment/raw/final-lossless-evidence-archive/objects/18b598791d33019fc47f5fca45da8c7e515340c7fd0cc09ccc72e109f42b9021.gz
0	/home/paudley/Active/purrdf/.worktrees/454-rdflib-shim-algebra-level-reassignment/.stage/rdflib-shim-algebra-level-reassignment/raw/final-lossless-evidence-archive/objects/1dc27c2c2f2277f3274e0af2c5747143113ba26572ccc6b0feaf5dfb2a56a263.gz
0	/home/paudley/Active/purrdf/.worktrees/454-rdflib-shim-algebra-level-reassignment/.stage/rdflib-shim-algebra-level-reassignment/raw/final-lossless-evidence-archive/objects/1f2b2b9324ba8a7b4c97b536af239c24f7dfd07d0a5d4ab350a323396a74078e.gz
0	/home/paudley/Active/purrdf/.worktrees/454-rdflib-shim-algebra-level-reassignment/.stage/rdflib-shim-algebra-level-reassignment/raw/final-lossless-evidence-archive/objects/1fb3eb94404e1d35af9fb191f0eec1efa4704986943d84d7f5e46598fdaa7a1a.gz
0	/home/paudley/Active/purrdf/.worktrees/454-rdflib-shim-algebra-level-reassignment/.stage/rdflib-shim-algebra-level-reassignment/raw/final-lossless-evidence-archive/objects/21640efb318b4e8ee4d75bf0ac1c33d299b92b2f920cb40038ada0795a46f4fa.gz
0	/home/paudley/Active/purrdf/.worktrees/454-rdflib-shim-algebra-level-reassignment/.stage/rdflib-shim-algebra-level-reassignment/raw/final-lossless-evidence-archive/objects/2165fb8d1b382c6b607401dbab4e4e20e64cef07cf4cdb557ff6ca435e5e93a2.gz
0	/home/paudley/Active/purrdf/.worktrees/454-rdflib-shim-algebra-level-reassignment/.stage/rdflib-shim-algebra-level-reassignment/raw/final-lossless-evidence-archive/objects/2167a268df1c19e637d19eb4ae7af1447fd4b197c228de162dc317d88387401d.gz
0	/home/paudley/Active/purrdf/.worktrees/454-rdflib-shim-algebra-level-reassignment/.stage/rdflib-shim-algebra-level-reassignment/raw/final-lossless-evidence-archive/objects/21b186956a36d71b866a08dc0175bc6b1b7596cc5c5a9be0f0df5f800af55304.gz
0	/home/paudley/Active/purrdf/.worktrees/454-rdflib-shim-algebra-level-reassignment/.stage/rdflib-shim-algebra-level-reassignment/raw/final-lossless-evidence-archive/objects/21c19e94d74c231de4d59db5e7ef11ec690acc79b622275fc306ab31d87f4231.gz
0	/home/paudley/Active/purrdf/.worktrees/454-rdflib-shim-algebra-level-reassignment/.stage/rdflib-shim-algebra-level-reassignment/raw/final-lossless-evidence-archive/objects/248e5dcda8ece55c725ed2738ec6a45dcd8e6204fc85084e14082e33b3318660.gz
0	/home/paudley/Active/purrdf/.worktrees/454-rdflib-shim-algebra-level-reassignment/.stage/rdflib-shim-algebra-level-reassignment/raw/final-lossless-evidence-archive/objects/254f408841ccccfa3302e201a2573dab9793396a326b4fc760179d0b8c404b08.gz
0	/home/paudley/Active/purrdf/.worktrees/454-rdflib-shim-algebra-level-reassignment/.stage/rdflib-shim-algebra-level-reassignment/raw/final-lossless-evidence-archive/objects/256104bdd28a0234fdf7ed9f33be4d60b3abb64a228cf7f4012bab6b88252085.gz
0	/home/paudley/Active/purrdf/.worktrees/454-rdflib-shim-algebra-level-reassignment/.stage/rdflib-shim-algebra-level-reassignment/raw/final-lossless-evidence-archive/objects/25cfc45a3ffa54e497e258d0452939f0c7560ae61fd299950ac2ad582a8591bd.gz
0	/home/paudley/Active/purrdf/.worktrees/454-rdflib-shim-algebra-level-reassignment/.stage/rdflib-shim-algebra-level-reassignment/raw/final-lossless-evidence-archive/objects/260a66002a98fff9675975be1bb63f1eed016eee0b383a7b8936822639b6d3cf.gz
0	/home/paudley/Active/purrdf/.worktrees/454-rdflib-shim-algebra-level-reassignment/.stage/rdflib-shim-algebra-level-reassignment/raw/final-lossless-evidence-archive/objects/262a5a2c7474be3f73caeedd24014f6c27a2cf3cd79adb3e965d157826b0b8f6.gz
0	/home/paudley/Active/purrdf/.worktrees/454-rdflib-shim-algebra-level-reassignment/.stage/rdflib-shim-algebra-level-reassignment/raw/final-lossless-evidence-archive/objects/2774d9d4e2b1db29c33de575be0488d1f63ed793cecf433828aed51b77a65d63.gz
0	/home/paudley/Active/purrdf/.worktrees/454-rdflib-shim-algebra-level-reassignment/.stage/rdflib-shim-algebra-level-reassignment/raw/final-lossless-evidence-archive/objects/287ac63af411d8979beb38ee4170c1a1f34a25a2df4de91225f762656a525049.gz
0	/home/paudley/Active/purrdf/.worktrees/454-rdflib-shim-algebra-level-reassignment/.stage/rdflib-shim-algebra-level-reassignment/raw/final-lossless-evidence-archive/objects/294d51f0ca411ddce743d5fa58e9f2a5dfa86e1bb7423c7161208d8962812ee6.gz
0	/home/paudley/Active/purrdf/.worktrees/454-rdflib-shim-algebra-level-reassignment/.stage/rdflib-shim-algebra-level-reassignment/raw/final-lossless-evidence-archive/objects/29998ec3b8e14b79faf46bf29dbebb72f3823d950336b641106a3a99924ae01d.gz
0	/home/paudley/Active/purrdf/.worktrees/454-rdflib-shim-algebra-level-reassignment/.stage/rdflib-shim-algebra-level-reassignment/raw/final-lossless-evidence-archive/objects/2b81d49bd25a192e4453fd0689368a6c643b2fd9adf3c886dbcfaef9411bbf51.gz
0	/home/paudley/Active/purrdf/.worktrees/454-rdflib-shim-algebra-level-reassignment/.stage/rdflib-shim-algebra-level-reassignment/raw/final-lossless-evidence-archive/objects/2c0659912623d10dae3dac8413ade55615567e358f5f0f46b3990f5d4ab7917d.gz
0	/home/paudley/Active/purrdf/.worktrees/454-rdflib-shim-algebra-level-reassignment/.stage/rdflib-shim-algebra-level-reassignment/raw/final-lossless-evidence-archive/objects/2c160c7e12fbfb9a9fb41a01ecddb317049bb333a3561ecd3b9d68524d1ac7ef.gz
0	/home/paudley/Active/purrdf/.worktrees/454-rdflib-shim-algebra-level-reassignment/.stage/rdflib-shim-algebra-level-reassignment/raw/final-lossless-evidence-archive/objects/2ffd549513fabd8d33a53f7b09c534363315dee1109a91d825a7232e133a7604.gz
0	/home/paudley/Active/purrdf/.worktrees/454-rdflib-shim-algebra-level-reassignment/.stage/rdflib-shim-algebra-level-reassignment/raw/final-lossless-evidence-archive/objects/33620f84c6d05bd291afa6c067c2af24a2a9fcbc692eb338a29a7a5b7fda04c1.gz
0	/home/paudley/Active/purrdf/.worktrees/454-rdflib-shim-algebra-level-reassignment/.stage/rdflib-shim-algebra-level-reassignment/raw/final-lossless-evidence-archive/objects/3387dd0bed58e3282a5d0f78c848379052355cb9795ed9699651edc967a11342.gz
0	/home/paudley/Active/purrdf/.worktrees/454-rdflib-shim-algebra-level-reassignment/.stage/rdflib-shim-algebra-level-reassignment/raw/final-lossless-evidence-archive/objects/367c63498f5014c2c2810758e76bed7996f22540a24adb3bea42082f7ad4c41c.gz
0	/home/paudley/Active/purrdf/.worktrees/454-rdflib-shim-algebra-level-reassignment/.stage/rdflib-shim-algebra-level-reassignment/raw/final-lossless-evidence-archive/objects/374abb1c77e03de5896620975a066ef30ce46c518819e2dbcdd098d9783c2453.gz
0	/home/paudley/Active/purrdf/.worktrees/454-rdflib-shim-algebra-level-reassignment/.stage/rdflib-shim-algebra-level-reassignment/raw/final-lossless-evidence-archive/objects/37ac87910f270d4a7a3fc204c0da4d1e8ec2d63ee786d7213c7e478595ae1b3a.gz
0	/home/paudley/Active/purrdf/.worktrees/454-rdflib-shim-algebra-level-reassignment/.stage/rdflib-shim-algebra-level-reassignment/raw/final-lossless-evidence-archive/objects/37d124852b04cbd2f30eb604329e3959d9a2981d4eaa44c2a1bc8c6e459f0a86.gz
0	/home/paudley/Active/purrdf/.worktrees/454-rdflib-shim-algebra-level-reassignment/.stage/rdflib-shim-algebra-level-reassignment/raw/final-lossless-evidence-archive/objects/3832cd9f5de09b309a82b9fcd0ea95ea7ffc61b8160addb03b5de958bbeff844.gz
0	/home/paudley/Active/purrdf/.worktrees/454-rdflib-shim-algebra-level-reassignment/.stage/rdflib-shim-algebra-level-reassignment/raw/final-lossless-evidence-archive/objects/3982bfe6765b9b38c5efa5943cecdc019338f9bd0407f67bf4b411334669457a.gz
0	/home/paudley/Active/purrdf/.worktrees/454-rdflib-shim-algebra-level-reassignment/.stage/rdflib-shim-algebra-level-reassignment/raw/final-lossless-evidence-archive/objects/3b9c313ded74513f08518ba8079d731bbda689c074c9452e174c33fd41c3d0cc.gz
0	/home/paudley/Active/purrdf/.worktrees/454-rdflib-shim-algebra-level-reassignment/.stage/rdflib-shim-algebra-level-reassignment/raw/final-lossless-evidence-archive/objects/3ee0224e4796f117de2adcb2e542f635cf917e6a6f186c45ce63a79a2b104445.gz
0	/home/paudley/Active/purrdf/.worktrees/454-rdflib-shim-algebra-level-reassignment/.stage/rdflib-shim-algebra-level-reassignment/raw/final-lossless-evidence-archive/objects/3ee5229eda83b2147ffb571078a8f5509133fd630091be4d31da6fad960dfd90.gz
0	/home/paudley/Active/purrdf/.worktrees/454-rdflib-shim-algebra-level-reassignment/.stage/rdflib-shim-algebra-level-reassignment/raw/final-lossless-evidence-archive/objects/3fa847cfa3ae17757c1d3c0ac017eaf8f75c196789241f5b46aa324fbb1eb74a.gz
0	/home/paudley/Active/purrdf/.worktrees/454-rdflib-shim-algebra-level-reassignment/.stage/rdflib-shim-algebra-level-reassignment/raw/final-lossless-evidence-archive/objects/4060a8fd969c7a32a8f074debd9e948c97a8190db493ce54a6186aa6e44151f3.gz
0	/home/paudley/Active/purrdf/.worktrees/454-rdflib-shim-algebra-level-reassignment/.stage/rdflib-shim-algebra-level-reassignment/raw/final-lossless-evidence-archive/objects/412165b147ecc95ba871b032a89d682ef75dd81df1a3961a314041efb0974e6c.gz
0	/home/paudley/Active/purrdf/.worktrees/454-rdflib-shim-algebra-level-reassignment/.stage/rdflib-shim-algebra-level-reassignment/raw/final-lossless-evidence-archive/objects/419a45717ecd8c71d79a47939012d680713aee815588c78e8645ea1e059a07fb.gz
0	/home/paudley/Active/purrdf/.worktrees/454-rdflib-shim-algebra-level-reassignment/.stage/rdflib-shim-algebra-level-reassignment/raw/final-lossless-evidence-archive/objects/41c21e2b4f841a8130ede0dcc99983c5e95799717c8cae668072a73100051c2c.gz
0	/home/paudley/Active/purrdf/.worktrees/454-rdflib-shim-algebra-level-reassignment/.stage/rdflib-shim-algebra-level-reassignment/raw/final-lossless-evidence-archive/objects/421bc13975a71573bdeeab562b6e369b9ff4eec54af5006ca0ec99d72e14c713.gz
0	/home/paudley/Active/purrdf/.worktrees/454-rdflib-shim-algebra-level-reassignment/.stage/rdflib-shim-algebra-level-reassignment/raw/final-lossless-evidence-archive/objects/423f361c815531ae12237d798af4fa9009134e918fe4b6b7cca4237376e75915.gz
0	/home/paudley/Active/purrdf/.worktrees/454-rdflib-shim-algebra-level-reassignment/.stage/rdflib-shim-algebra-level-reassignment/raw/final-lossless-evidence-archive/objects/43373b2b4f6d8e65e2352e33aad3de9f7fd5608e195f492426f68b12f2c6f6dc.gz
0	/home/paudley/Active/purrdf/.worktrees/454-rdflib-shim-algebra-level-reassignment/.stage/rdflib-shim-algebra-level-reassignment/raw/final-lossless-evidence-archive/objects/437c0622233a20ff703663f2bf95bed241cfe80cfadfec5c251003408b6873a3.gz
0	/home/paudley/Active/purrdf/.worktrees/454-rdflib-shim-algebra-level-reassignment/.stage/rdflib-shim-algebra-level-reassignment/raw/final-lossless-evidence-archive/objects/43b952c3636efa3429985eed0994f5e2209d145b32653167b2da7bcec0c265f4.gz
0	/home/paudley/Active/purrdf/.worktrees/454-rdflib-shim-algebra-level-reassignment/.stage/rdflib-shim-algebra-level-reassignment/raw/final-lossless-evidence-archive/objects/4647884558a9bc2b3c27bee907338b771dde928c32fc26b1359911d8aaea4b32.gz
0	/home/paudley/Active/purrdf/.worktrees/454-rdflib-shim-algebra-level-reassignment/.stage/rdflib-shim-algebra-level-reassignment/raw/final-lossless-evidence-archive/objects/467da08cff824e26b3105bc2dc72c609c4096460d20a4b1694446b166b946a81.gz
0	/home/paudley/Active/purrdf/.worktrees/454-rdflib-shim-algebra-level-reassignment/.stage/rdflib-shim-algebra-level-reassignment/raw/final-lossless-evidence-archive/objects/48099b6b5c5f8028c3e104f27bba0a9986d805ecba7617f04dbc71031507ef85.gz
0	/home/paudley/Active/purrdf/.worktrees/454-rdflib-shim-algebra-level-reassignment/.stage/rdflib-shim-algebra-level-reassignment/raw/final-lossless-evidence-archive/objects/48ac822afaf89650e9fbae6adbaf6e16ba4a5f4233d624bfed3a1f1ce4e7c0c2.gz
0	/home/paudley/Active/purrdf/.worktrees/454-rdflib-shim-algebra-level-reassignment/.stage/rdflib-shim-algebra-level-reassignment/raw/final-lossless-evidence-archive/objects/497dbdaa97cefd58f34281d454c84473a40d462895e5e83bd610c8b57f7fc1a0.gz
0	/home/paudley/Active/purrdf/.worktrees/454-rdflib-shim-algebra-level-reassignment/.stage/rdflib-shim-algebra-level-reassignment/raw/final-lossless-evidence-archive/objects/4a697f9e39e2947c539a5584cd1efdd0540ad91cc2072f2e5ca65510120e333a.gz
0	/home/paudley/Active/purrdf/.worktrees/454-rdflib-shim-algebra-level-reassignment/.stage/rdflib-shim-algebra-level-reassignment/raw/final-lossless-evidence-archive/objects/4ab90ae0e7cae3016047a313e570ded16ca02bc145b0188a6f835a6a6b869a36.gz
0	/home/paudley/Active/purrdf/.worktrees/454-rdflib-shim-algebra-level-reassignment/.stage/rdflib-shim-algebra-level-reassignment/raw/final-lossless-evidence-archive/objects/4ba62fa6923ea4ebb8b81b488cbaf55145b865f31daed8d99b09300b51cf7b40.gz
0	/home/paudley/Active/purrdf/.worktrees/454-rdflib-shim-algebra-level-reassignment/.stage/rdflib-shim-algebra-level-reassignment/raw/final-lossless-evidence-archive/objects/4c42dcf690e085b25b96a944c48586156e59cdee11fa6eef874044ca1391caa8.gz
0	/home/paudley/Active/purrdf/.worktrees/454-rdflib-shim-algebra-level-reassignment/.stage/rdflib-shim-algebra-level-reassignment/raw/final-lossless-evidence-archive/objects/4d3488b944dfc79dce327267d8458d984054a45ebaf7b29daca9c80c166a7ee1.gz
0	/home/paudley/Active/purrdf/.worktrees/454-rdflib-shim-algebra-level-reassignment/.stage/rdflib-shim-algebra-level-reassignment/raw/final-lossless-evidence-archive/objects/4f0cd0cd305fc1594c4bb3a294eda0fcb39df4896bff5a54edf461e190894e29.gz
0	/home/paudley/Active/purrdf/.worktrees/454-rdflib-shim-algebra-level-reassignment/.stage/rdflib-shim-algebra-level-reassignment/raw/final-lossless-evidence-archive/objects/4f9eccb693936e46cc86fc5515228c4054ac4172f870d81303d17aa8ba1e9245.gz
0	/home/paudley/Active/purrdf/.worktrees/454-rdflib-shim-algebra-level-reassignment/.stage/rdflib-shim-algebra-level-reassignment/raw/final-lossless-evidence-archive/objects/516fa38acdcb313f500b320d8f6289e40dbdde1c8fc7ddcca006664d8d3bb8b1.gz
0	/home/paudley/Active/purrdf/.worktrees/454-rdflib-shim-algebra-level-reassignment/.stage/rdflib-shim-algebra-level-reassignment/raw/final-lossless-evidence-archive/objects/55ed3f7bf28921497befaff1d5e96fada3b4b0d8c6afe29b4669f13680bc1109.gz
0	/home/paudley/Active/purrdf/.worktrees/454-rdflib-shim-algebra-level-reassignment/.stage/rdflib-shim-algebra-level-reassignment/raw/final-lossless-evidence-archive/objects/562a8a0347182f7205f8301704361983661a7404660f65942c0ac72374aaa2d4.gz
0	/home/paudley/Active/purrdf/.worktrees/454-rdflib-shim-algebra-level-reassignment/.stage/rdflib-shim-algebra-level-reassignment/raw/final-lossless-evidence-archive/objects/563669e6efe97f6d7dcc113b03725efa0698c225b6539cca61a268b737802bc2.gz
0	/home/paudley/Active/purrdf/.worktrees/454-rdflib-shim-algebra-level-reassignment/.stage/rdflib-shim-algebra-level-reassignment/raw/final-lossless-evidence-archive/objects/56c1c50c8b1d9984bcfce5728951fee49f974ff025b629ef7e2e6c3aa496d009.gz
0	/home/paudley/Active/purrdf/.worktrees/454-rdflib-shim-algebra-level-reassignment/.stage/rdflib-shim-algebra-level-reassignment/raw/final-lossless-evidence-archive/objects/575c3c3abbc255446a45d99ab0bd000ee36073e26ca2e900888cc9279975aa8e.gz
0	/home/paudley/Active/purrdf/.worktrees/454-rdflib-shim-algebra-level-reassignment/.stage/rdflib-shim-algebra-level-reassignment/raw/final-lossless-evidence-archive/objects/58168e12c756d0004f6384341e6ed8bf03b341f27ce34fb67e573fb831b81d85.gz
0	/home/paudley/Active/purrdf/.worktrees/454-rdflib-shim-algebra-level-reassignment/.stage/rdflib-shim-algebra-level-reassignment/raw/final-lossless-evidence-archive/objects/5a5cdb5bdffe03e4cf2ec49e2c63b7fd648211a725dfb33dd24af1225a7abe37.gz
0	/home/paudley/Active/purrdf/.worktrees/454-rdflib-shim-algebra-level-reassignment/.stage/rdflib-shim-algebra-level-reassignment/raw/final-lossless-evidence-archive/objects/5ab04bd31ccf301a5dd36dcb65745c9e22dc0be3217b9b0b01bfabe58aab6248.gz
0	/home/paudley/Active/purrdf/.worktrees/454-rdflib-shim-algebra-level-reassignment/.stage/rdflib-shim-algebra-level-reassignment/raw/final-lossless-evidence-archive/objects/5ac08841644397e0322ffcb27b39fa98e2ba885d32bb7144a667b040c9c3ca2f.gz
0	/home/paudley/Active/purrdf/.worktrees/454-rdflib-shim-algebra-level-reassignment/.stage/rdflib-shim-algebra-level-reassignment/raw/final-lossless-evidence-archive/objects/5ad03fa4780f4168783f79fc635394a1cd387f62e6207ebc5586c4122b7b7b98.gz
0	/home/paudley/Active/purrdf/.worktrees/454-rdflib-shim-algebra-level-reassignment/.stage/rdflib-shim-algebra-level-reassignment/raw/final-lossless-evidence-archive/objects/5b5332d5c8b113bbd403c87476fc6901b1b101fd7598346df330cd9e9a6544c7.gz
0	/home/paudley/Active/purrdf/.worktrees/454-rdflib-shim-algebra-level-reassignment/.stage/rdflib-shim-algebra-level-reassignment/raw/final-lossless-evidence-archive/objects/5b5fb5437e783393d28dc5d61076c7d1ab5fcaa1265f43ecdf2fccb2d8cd3fce.gz
0	/home/paudley/Active/purrdf/.worktrees/454-rdflib-shim-algebra-level-reassignment/.stage/rdflib-shim-algebra-level-reassignment/raw/final-lossless-evidence-archive/objects/5ba4d6cbfb061eef5e4e1878f8cbc37b2b76dc4d0aa2a30273c2d90fc2e1d2f3.gz
0	/home/paudley/Active/purrdf/.worktrees/454-rdflib-shim-algebra-level-reassignment/.stage/rdflib-shim-algebra-level-reassignment/raw/final-lossless-evidence-archive/objects/5c8c548605efcd660d8236667e0edbaa2edb6fd43f66d25de90625dbcc6db018.gz
0	/home/paudley/Active/purrdf/.worktrees/454-rdflib-shim-algebra-level-reassignment/.stage/rdflib-shim-algebra-level-reassignment/raw/final-lossless-evidence-archive/objects/5d607b097523506d68be310398a42c5ae3b2186fa1cb0b123a4a16e0ee9d757f.gz
0	/home/paudley/Active/purrdf/.worktrees/454-rdflib-shim-algebra-level-reassignment/.stage/rdflib-shim-algebra-level-reassignment/raw/final-lossless-evidence-archive/objects/5d67aacbae393b8c7e591a67af967b8d94924a9df9860d3659a63ce248b7f415.gz
0	/home/paudley/Active/purrdf/.worktrees/454-rdflib-shim-algebra-level-reassignment/.stage/rdflib-shim-algebra-level-reassignment/raw/final-lossless-evidence-archive/objects/5dca3be2a61103e9ca1221994f5404c47d73aa9c839acdeec9449aba0d69b493.gz
0	/home/paudley/Active/purrdf/.worktrees/454-rdflib-shim-algebra-level-reassignment/.stage/rdflib-shim-algebra-level-reassignment/raw/final-lossless-evidence-archive/objects/5e64080fd4d34171c15d3e67e9f61c797ea2f14c3a87f7ea2bebee1f0215ad32.gz
0	/home/paudley/Active/purrdf/.worktrees/454-rdflib-shim-algebra-level-reassignment/.stage/rdflib-shim-algebra-level-reassignment/raw/final-lossless-evidence-archive/objects/5e6c5c47daad30b25d6571b0dc98e4fc00a4ecbb0b3c51997bbbe23df36e0485.gz
0	/home/paudley/Active/purrdf/.worktrees/454-rdflib-shim-algebra-level-reassignment/.stage/rdflib-shim-algebra-level-reassignment/raw/final-lossless-evidence-archive/objects/60d209566a03e4d0194e35618173a3ed834faad5b5e6918bcf13aa6bf36828a3.gz
0	/home/paudley/Active/purrdf/.worktrees/454-rdflib-shim-algebra-level-reassignment/.stage/rdflib-shim-algebra-level-reassignment/raw/final-lossless-evidence-archive/objects/61768da03dc528909122d23d9c5c62817e7943e94de3627fe8e52aa99e3e40d5.gz
0	/home/paudley/Active/purrdf/.worktrees/454-rdflib-shim-algebra-level-reassignment/.stage/rdflib-shim-algebra-level-reassignment/raw/final-lossless-evidence-archive/objects/61a3754aeef01c227a68825233a9e19b25400380ea3dc60e2ba38bbcd4f455c6.gz
0	/home/paudley/Active/purrdf/.worktrees/454-rdflib-shim-algebra-level-reassignment/.stage/rdflib-shim-algebra-level-reassignment/raw/final-lossless-evidence-archive/objects/62e97c5da8ee55d67ce97bcfca60ca96d74185d5a32109821dc30bad4e415d60.gz
0	/home/paudley/Active/purrdf/.worktrees/454-rdflib-shim-algebra-level-reassignment/.stage/rdflib-shim-algebra-level-reassignment/raw/final-lossless-evidence-archive/objects/63a426fe21deb82cf4e87a50c5a05d0aadb145b978516c439d4ecbd186fa2f04.gz
0	/home/paudley/Active/purrdf/.worktrees/454-rdflib-shim-algebra-level-reassignment/.stage/rdflib-shim-algebra-level-reassignment/raw/final-lossless-evidence-archive/objects/650698111047f8e05e56fa47ae084f079a1449c6f372f19a832fee0e059ad4a4.gz
0	/home/paudley/Active/purrdf/.worktrees/454-rdflib-shim-algebra-level-reassignment/.stage/rdflib-shim-algebra-level-reassignment/raw/final-lossless-evidence-archive/objects/65847ab597e7f3212005b27e8bac94af1eea1e7b78c0adbfe7e619984df924ad.gz
0	/home/paudley/Active/purrdf/.worktrees/454-rdflib-shim-algebra-level-reassignment/.stage/rdflib-shim-algebra-level-reassignment/raw/final-lossless-evidence-archive/objects/65c86f705acc0a8753cd07b372589822d549f701987b734312855e39ab605904.gz
0	/home/paudley/Active/purrdf/.worktrees/454-rdflib-shim-algebra-level-reassignment/.stage/rdflib-shim-algebra-level-reassignment/raw/final-lossless-evidence-archive/objects/6723d2c9ac2db200ae66c2000018b9d67d9af5165cdf38d6edb14b15ccc6a82b.gz
0	/home/paudley/Active/purrdf/.worktrees/454-rdflib-shim-algebra-level-reassignment/.stage/rdflib-shim-algebra-level-reassignment/raw/final-lossless-evidence-archive/objects/680ec3a776de872d85db3ae9b768aef32ef1ff4be5b0eeb0363f5e561b7a7eb6.gz
0	/home/paudley/Active/purrdf/.worktrees/454-rdflib-shim-algebra-level-reassignment/.stage/rdflib-shim-algebra-level-reassignment/raw/final-lossless-evidence-archive/objects/685f9daceae3c8ef7402746de1a1317b73ba53c320165338afb1300dbfb22023.gz
0	/home/paudley/Active/purrdf/.worktrees/454-rdflib-shim-algebra-level-reassignment/.stage/rdflib-shim-algebra-level-reassignment/raw/final-lossless-evidence-archive/objects/68d638f3c55dc22ee1d2c01473ad2097bfb72c267ac35e63431ffd244ca04081.gz
0	/home/paudley/Active/purrdf/.worktrees/454-rdflib-shim-algebra-level-reassignment/.stage/rdflib-shim-algebra-level-reassignment/raw/final-lossless-evidence-archive/objects/6920bb5dff0caa7844c7cbd9bb984fa2146b44d74ef62db2584f5847eb5f823f.gz
0	/home/paudley/Active/purrdf/.worktrees/454-rdflib-shim-algebra-level-reassignment/.stage/rdflib-shim-algebra-level-reassignment/raw/final-lossless-evidence-archive/objects/699b27ecbc20a12c0dc11fda3d20523389d46c8a3e7f15a2f529e04d238d0227.gz
0	/home/paudley/Active/purrdf/.worktrees/454-rdflib-shim-algebra-level-reassignment/.stage/rdflib-shim-algebra-level-reassignment/raw/final-lossless-evidence-archive/objects/6a07909a5b3aee1ff4dc6e57f21ee565c1684e4fb27b42ca586116ee910753df.gz
0	/home/paudley/Active/purrdf/.worktrees/454-rdflib-shim-algebra-level-reassignment/.stage/rdflib-shim-algebra-level-reassignment/raw/final-lossless-evidence-archive/objects/6a8df490ed1aa0606a950a2ac271e8dc9e6fce8063fb7fb86fd021b7eb847645.gz
0	/home/paudley/Active/purrdf/.worktrees/454-rdflib-shim-algebra-level-reassignment/.stage/rdflib-shim-algebra-level-reassignment/raw/final-lossless-evidence-archive/objects/6aaa39db95f4530d48c5c57c28ed94b499ce5a4f393ba4c85605fb9d94fadb36.gz
0	/home/paudley/Active/purrdf/.worktrees/454-rdflib-shim-algebra-level-reassignment/.stage/rdflib-shim-algebra-level-reassignment/raw/final-lossless-evidence-archive/objects/6b9cecfee782d43fcd596320816e3f415f09825c4fca462660f2ccb9b9c25032.gz
0	/home/paudley/Active/purrdf/.worktrees/454-rdflib-shim-algebra-level-reassignment/.stage/rdflib-shim-algebra-level-reassignment/raw/final-lossless-evidence-archive/objects/6bc4baefd474752fb208310204ec99ec83fd839433397f3348066371876f2dcf.gz
0	/home/paudley/Active/purrdf/.worktrees/454-rdflib-shim-algebra-level-reassignment/.stage/rdflib-shim-algebra-level-reassignment/raw/final-lossless-evidence-archive/objects/6bc627ee7409477f1ad814bdd441d709cb9009c9788133fb35e66a93144a5895.gz
0	/home/paudley/Active/purrdf/.worktrees/454-rdflib-shim-algebra-level-reassignment/.stage/rdflib-shim-algebra-level-reassignment/raw/final-lossless-evidence-archive/objects/6c41a3ac2b11980ff8daa4ac26c4b4573b9b0a406148f1d9a584a59f958de23f.gz
0	/home/paudley/Active/purrdf/.worktrees/454-rdflib-shim-algebra-level-reassignment/.stage/rdflib-shim-algebra-level-reassignment/raw/final-lossless-evidence-archive/objects/6d393653faa6441353ccf6342a5406039a11da680d6047d2d767c63291ed3d0c.gz
0	/home/paudley/Active/purrdf/.worktrees/454-rdflib-shim-algebra-level-reassignment/.stage/rdflib-shim-algebra-level-reassignment/raw/final-lossless-evidence-archive/objects/6d792d8493d0c970c9521148a6b4523727451307a82614949e57d17e4f340bc1.gz
0	/home/paudley/Active/purrdf/.worktrees/454-rdflib-shim-algebra-level-reassignment/.stage/rdflib-shim-algebra-level-reassignment/raw/final-lossless-evidence-archive/objects/6df949d495d2003a16d4b358f80f711712e8eb5f22ecbf93f4afd68f81cfd515.gz
0	/home/paudley/Active/purrdf/.worktrees/454-rdflib-shim-algebra-level-reassignment/.stage/rdflib-shim-algebra-level-reassignment/raw/final-lossless-evidence-archive/objects/6e1cacffb84be41c59fb146b30cf80f2fde8e0b956fd86a94ce36333eabebda3.gz
0	/home/paudley/Active/purrdf/.worktrees/454-rdflib-shim-algebra-level-reassignment/.stage/rdflib-shim-algebra-level-reassignment/raw/final-lossless-evidence-archive/objects/6ed87c835834eec795b58a11195f949f40605215cd276e0a32d6efafd0cac9f6.gz
0	/home/paudley/Active/purrdf/.worktrees/454-rdflib-shim-algebra-level-reassignment/.stage/rdflib-shim-algebra-level-reassignment/raw/final-lossless-evidence-archive/objects/71dd029644e819469ebbf62765437e3132ab0015be5d5b26f0d6ac44e5d787fe.gz
0	/home/paudley/Active/purrdf/.worktrees/454-rdflib-shim-algebra-level-reassignment/.stage/rdflib-shim-algebra-level-reassignment/raw/final-lossless-evidence-archive/objects/75ef025cd5b04e985d09b62b06ef3f68babb224ccef97fc67045904d52bceadb.gz
0	/home/paudley/Active/purrdf/.worktrees/454-rdflib-shim-algebra-level-reassignment/.stage/rdflib-shim-algebra-level-reassignment/raw/final-lossless-evidence-archive/objects/76bcb27551afe1882c637aab4b99dfeae683ce5f7d8689bfd6c04e659541bb27.gz
0	/home/paudley/Active/purrdf/.worktrees/454-rdflib-shim-algebra-level-reassignment/.stage/rdflib-shim-algebra-level-reassignment/raw/final-lossless-evidence-archive/objects/785b2f9e9f53b35b80eeb5960aa119d3189be665e49cb3d637e6ecd515a7a120.gz
0	/home/paudley/Active/purrdf/.worktrees/454-rdflib-shim-algebra-level-reassignment/.stage/rdflib-shim-algebra-level-reassignment/raw/final-lossless-evidence-archive/objects/7a521012b9530748a80565c2656d5c4c8d785b8b44722a78fd627b4781378b02.gz
0	/home/paudley/Active/purrdf/.worktrees/454-rdflib-shim-algebra-level-reassignment/.stage/rdflib-shim-algebra-level-reassignment/raw/final-lossless-evidence-archive/objects/7b84e55a3295bd1469ad72478dbc2a1033b075105b18971a32cfdbc1b6aa55ab.gz
0	/home/paudley/Active/purrdf/.worktrees/454-rdflib-shim-algebra-level-reassignment/.stage/rdflib-shim-algebra-level-reassignment/raw/final-lossless-evidence-archive/objects/7e24df7f773aab74083819439bcc760698ef2ff23ac350835fe70297391cce27.gz
0	/home/paudley/Active/purrdf/.worktrees/454-rdflib-shim-algebra-level-reassignment/.stage/rdflib-shim-algebra-level-reassignment/raw/final-lossless-evidence-archive/objects/7ef20b16aafbf0c053d121fa98619a57430ef646fadaa98d0fa87866dc4d1516.gz
0	/home/paudley/Active/purrdf/.worktrees/454-rdflib-shim-algebra-level-reassignment/.stage/rdflib-shim-algebra-level-reassignment/raw/final-lossless-evidence-archive/objects/7f1068423525e36dbdcb1a40d210bd24c0b81ec0ce462c6dd2bccad5572e3765.gz
0	/home/paudley/Active/purrdf/.worktrees/454-rdflib-shim-algebra-level-reassignment/.stage/rdflib-shim-algebra-level-reassignment/raw/final-lossless-evidence-archive/objects/7f36f59df0b7d8f593f3b404b0844c9d4d7a993bbcbe24786c6e3d1f16ea1dc1.gz
0	/home/paudley/Active/purrdf/.worktrees/454-rdflib-shim-algebra-level-reassignment/.stage/rdflib-shim-algebra-level-reassignment/raw/final-lossless-evidence-archive/objects/7f8a03903bd68fc5e656c424a98e36f3c45a2e0b35091b70ee44347fbad949f0.gz
0	/home/paudley/Active/purrdf/.worktrees/454-rdflib-shim-algebra-level-reassignment/.stage/rdflib-shim-algebra-level-reassignment/raw/final-lossless-evidence-archive/objects/80e3b959efa703192e26c162ae329b18cb161e8331b3d242ab9d8e24b5926e21.gz
0	/home/paudley/Active/purrdf/.worktrees/454-rdflib-shim-algebra-level-reassignment/.stage/rdflib-shim-algebra-level-reassignment/raw/final-lossless-evidence-archive/objects/825cafecb650e238b83d5537ab18e7366314d62c301276c23d96dc75f7d653a1.gz
0	/home/paudley/Active/purrdf/.worktrees/454-rdflib-shim-algebra-level-reassignment/.stage/rdflib-shim-algebra-level-reassignment/raw/final-lossless-evidence-archive/objects/82e6b66c8a1a4dd9c261cbbbebb50408b5428abc8d77342168c1708c462180a5.gz
0	/home/paudley/Active/purrdf/.worktrees/454-rdflib-shim-algebra-level-reassignment/.stage/rdflib-shim-algebra-level-reassignment/raw/final-lossless-evidence-archive/objects/8688eaab8b9eb7f649d211410e152eec86782169c9eba9b3797f9ec82ceec2b6.gz
0	/home/paudley/Active/purrdf/.worktrees/454-rdflib-shim-algebra-level-reassignment/.stage/rdflib-shim-algebra-level-reassignment/raw/final-lossless-evidence-archive/objects/86d0a2f1eb267aff7df5758084af6ca80d1a160dfda9bf294cb0079d62a7c9f6.gz
0	/home/paudley/Active/purrdf/.worktrees/454-rdflib-shim-algebra-level-reassignment/.stage/rdflib-shim-algebra-level-reassignment/raw/final-lossless-evidence-archive/objects/881126715910dc938678e6981e2000fa4dd89c9f92f2aad516af9d522ed654f2.gz
0	/home/paudley/Active/purrdf/.worktrees/454-rdflib-shim-algebra-level-reassignment/.stage/rdflib-shim-algebra-level-reassignment/raw/final-lossless-evidence-archive/objects/8a816960daed286c0aa58a2e704c1b4635fe37aaf078c19e5e13c6ab97469034.gz
0	/home/paudley/Active/purrdf/.worktrees/454-rdflib-shim-algebra-level-reassignment/.stage/rdflib-shim-algebra-level-reassignment/raw/final-lossless-evidence-archive/objects/8b72d713a18d0bf142687a9ebae19586019e794476968fe3605c707d9c9d44a9.gz
0	/home/paudley/Active/purrdf/.worktrees/454-rdflib-shim-algebra-level-reassignment/.stage/rdflib-shim-algebra-level-reassignment/raw/final-lossless-evidence-archive/objects/8c247d2bde562bc8916e203783cac0aed09e72287f7d63c372aff56852c6ce04.gz
0	/home/paudley/Active/purrdf/.worktrees/454-rdflib-shim-algebra-level-reassignment/.stage/rdflib-shim-algebra-level-reassignment/raw/final-lossless-evidence-archive/objects/8cc340e5d7d8c207f329517eb81e08404a444983448ab9ac894a3958d0fcfe7f.gz
0	/home/paudley/Active/purrdf/.worktrees/454-rdflib-shim-algebra-level-reassignment/.stage/rdflib-shim-algebra-level-reassignment/raw/final-lossless-evidence-archive/objects/8e5c1e92460764f0344366d585aaa3209496072963afbfd298e5ed6ecdfc4112.gz
0	/home/paudley/Active/purrdf/.worktrees/454-rdflib-shim-algebra-level-reassignment/.stage/rdflib-shim-algebra-level-reassignment/raw/final-lossless-evidence-archive/objects/8e604fdcbe85e99f121f1eda366794004f5dc5c19022c9bfee76db4978a95b86.gz
0	/home/paudley/Active/purrdf/.worktrees/454-rdflib-shim-algebra-level-reassignment/.stage/rdflib-shim-algebra-level-reassignment/raw/final-lossless-evidence-archive/objects/8ec3cbb80779f51bbcb3ba48a4890138b08082afdef5042b88a6dca90394a751.gz
0	/home/paudley/Active/purrdf/.worktrees/454-rdflib-shim-algebra-level-reassignment/.stage/rdflib-shim-algebra-level-reassignment/raw/final-lossless-evidence-archive/objects/8ee9c99d8b0ecebca0d869533f9ef6bde079e0738cab955bcb0e7b86f4a3b797.gz
0	/home/paudley/Active/purrdf/.worktrees/454-rdflib-shim-algebra-level-reassignment/.stage/rdflib-shim-algebra-level-reassignment/raw/final-lossless-evidence-archive/objects/91ada580c68df0210e0d7b28ec10313ea7cd970ec7301ad2f1d2582f80705bb7.gz
0	/home/paudley/Active/purrdf/.worktrees/454-rdflib-shim-algebra-level-reassignment/.stage/rdflib-shim-algebra-level-reassignment/raw/final-lossless-evidence-archive/objects/9275c01ebf54e2c62f3309f7e2d82d194282626ad0ba4a11ecc3ba5db5d76e7e.gz
0	/home/paudley/Active/purrdf/.worktrees/454-rdflib-shim-algebra-level-reassignment/.stage/rdflib-shim-algebra-level-reassignment/raw/final-lossless-evidence-archive/objects/92f05de7c00b67e2cbceff6252d8bc9750084c93fcec295684f353a7d6a6bce2.gz
0	/home/paudley/Active/purrdf/.worktrees/454-rdflib-shim-algebra-level-reassignment/.stage/rdflib-shim-algebra-level-reassignment/raw/final-lossless-evidence-archive/objects/943f70b3b77ff02552187a1bc011b24d5406126f1bf4afbda09e9604810e90ab.gz
0	/home/paudley/Active/purrdf/.worktrees/454-rdflib-shim-algebra-level-reassignment/.stage/rdflib-shim-algebra-level-reassignment/raw/final-lossless-evidence-archive/objects/95244a7f9af15334e71f4b7b373f277064cc51a75fe43c9966b8b172794c7c36.gz
0	/home/paudley/Active/purrdf/.worktrees/454-rdflib-shim-algebra-level-reassignment/.stage/rdflib-shim-algebra-level-reassignment/raw/final-lossless-evidence-archive/objects/954e4780ab9af84bdbda83df742d7c0c1f7072d7717dffcb61d544727161b362.gz
0	/home/paudley/Active/purrdf/.worktrees/454-rdflib-shim-algebra-level-reassignment/.stage/rdflib-shim-algebra-level-reassignment/raw/final-lossless-evidence-archive/objects/96a65923e794396706feb7b8c2151553dc300846bb1f82bff8b00b6aeeb44ec9.gz
0	/home/paudley/Active/purrdf/.worktrees/454-rdflib-shim-algebra-level-reassignment/.stage/rdflib-shim-algebra-level-reassignment/raw/final-lossless-evidence-archive/objects/96c2f0a27cf4471c59eb34cc0214a3d2063d4020750222e4e3f51bb389a6f979.gz
0	/home/paudley/Active/purrdf/.worktrees/454-rdflib-shim-algebra-level-reassignment/.stage/rdflib-shim-algebra-level-reassignment/raw/final-lossless-evidence-archive/objects/96fc9a33fcc86dbffe5c35959d6fe4e8349cf9d680c4cbe4d72e7e3f258e495e.gz
0	/home/paudley/Active/purrdf/.worktrees/454-rdflib-shim-algebra-level-reassignment/.stage/rdflib-shim-algebra-level-reassignment/raw/final-lossless-evidence-archive/objects/985bb6291103220e85b7d982d2d74d44cefa16dfb3fb042ace6a77e162896707.gz
0	/home/paudley/Active/purrdf/.worktrees/454-rdflib-shim-algebra-level-reassignment/.stage/rdflib-shim-algebra-level-reassignment/raw/final-lossless-evidence-archive/objects/993a4bc2a7f82cc4257b267cd01ea0ce5d716b7bfadea4160558bc84b2606042.gz
0	/home/paudley/Active/purrdf/.worktrees/454-rdflib-shim-algebra-level-reassignment/.stage/rdflib-shim-algebra-level-reassignment/raw/final-lossless-evidence-archive/objects/99c545bc651c52a7596b158a7294e0d3927c957fa92d2ae71279c62b5fbf32db.gz
0	/home/paudley/Active/purrdf/.worktrees/454-rdflib-shim-algebra-level-reassignment/.stage/rdflib-shim-algebra-level-reassignment/raw/final-lossless-evidence-archive/objects/9af15d41f58efd950f661f1f00629f0a44419e0bd2efa0bd59ab64727695463f.gz
0	/home/paudley/Active/purrdf/.worktrees/454-rdflib-shim-algebra-level-reassignment/.stage/rdflib-shim-algebra-level-reassignment/raw/final-lossless-evidence-archive/objects/9c460caf8144ad472119237b29ec972620a044d7317968ef11f9b76b2d8c313d.gz
0	/home/paudley/Active/purrdf/.worktrees/454-rdflib-shim-algebra-level-reassignment/.stage/rdflib-shim-algebra-level-reassignment/raw/final-lossless-evidence-archive/objects/9c48c8835e7f8344ca168f9d1ee5e4cc72b587e85e78a2f995bced397581831a.gz
0	/home/paudley/Active/purrdf/.worktrees/454-rdflib-shim-algebra-level-reassignment/.stage/rdflib-shim-algebra-level-reassignment/raw/final-lossless-evidence-archive/objects/9c780cb01076fe6de86006846c9cf9cc7092091478b1c61d6f378abb5219f6f4.gz
0	/home/paudley/Active/purrdf/.worktrees/454-rdflib-shim-algebra-level-reassignment/.stage/rdflib-shim-algebra-level-reassignment/raw/final-lossless-evidence-archive/objects/9da92d6bfa1a64861dba172b4f7d0b6559d0d2b60123ea8463e278a7c12378fc.gz
0	/home/paudley/Active/purrdf/.worktrees/454-rdflib-shim-algebra-level-reassignment/.stage/rdflib-shim-algebra-level-reassignment/raw/final-lossless-evidence-archive/objects/9f7ba676c08a3812faf755844cc5f979da5bfff2fec00983da73f772bd265b93.gz
0	/home/paudley/Active/purrdf/.worktrees/454-rdflib-shim-algebra-level-reassignment/.stage/rdflib-shim-algebra-level-reassignment/raw/final-lossless-evidence-archive/objects/a04af4e1fbac34bf6bcc3489ae0c618a3450abab322e0994c51b74ff05457fcb.gz
0	/home/paudley/Active/purrdf/.worktrees/454-rdflib-shim-algebra-level-reassignment/.stage/rdflib-shim-algebra-level-reassignment/raw/final-lossless-evidence-archive/objects/a18ca5877a1f14d686478308d9dc6f6d7911a99420cdc3735a7f06980ad62d16.gz
0	/home/paudley/Active/purrdf/.worktrees/454-rdflib-shim-algebra-level-reassignment/.stage/rdflib-shim-algebra-level-reassignment/raw/final-lossless-evidence-archive/objects/a1a115ea4f942ce163491052be435daee35a59c7c286d80d772ba7de7ce69535.gz
0	/home/paudley/Active/purrdf/.worktrees/454-rdflib-shim-algebra-level-reassignment/.stage/rdflib-shim-algebra-level-reassignment/raw/final-lossless-evidence-archive/objects/a3f1076cb527135729ce291e955e89500db611a1c2afcbcd2e287e001ed82246.gz
0	/home/paudley/Active/purrdf/.worktrees/454-rdflib-shim-algebra-level-reassignment/.stage/rdflib-shim-algebra-level-reassignment/raw/final-lossless-evidence-archive/objects/a42e325e11e154f3ebb2dd3e69c01b729ae7aee02ac32f2a560b1d50e61da1c5.gz
0	/home/paudley/Active/purrdf/.worktrees/454-rdflib-shim-algebra-level-reassignment/.stage/rdflib-shim-algebra-level-reassignment/raw/final-lossless-evidence-archive/objects/a435ad666d2d88e21860650945a6d6f394339abb8f3f47f74faf64c48ec8ef46.gz
0	/home/paudley/Active/purrdf/.worktrees/454-rdflib-shim-algebra-level-reassignment/.stage/rdflib-shim-algebra-level-reassignment/raw/final-lossless-evidence-archive/objects/a45f5cb0b8528b79ec430384b7e6324d50054d1f08dd812f2094e2cadd6c1803.gz
0	/home/paudley/Active/purrdf/.worktrees/454-rdflib-shim-algebra-level-reassignment/.stage/rdflib-shim-algebra-level-reassignment/raw/final-lossless-evidence-archive/objects/a4982b41ed1b9caae66dcefcc9fd455cb766a6cdfeeb002d6dc3204c78ea2961.gz
0	/home/paudley/Active/purrdf/.worktrees/454-rdflib-shim-algebra-level-reassignment/.stage/rdflib-shim-algebra-level-reassignment/raw/final-lossless-evidence-archive/objects/a4b4b8182bc944a3cd433d1ed023edcd44c75090fc362e1f050d4c8002cff2ba.gz
0	/home/paudley/Active/purrdf/.worktrees/454-rdflib-shim-algebra-level-reassignment/.stage/rdflib-shim-algebra-level-reassignment/raw/final-lossless-evidence-archive/objects/a4d76383ec9ac263b1c812db0e8641b16bdffb79f52818a9076f428c24006a87.gz
0	/home/paudley/Active/purrdf/.worktrees/454-rdflib-shim-algebra-level-reassignment/.stage/rdflib-shim-algebra-level-reassignment/raw/final-lossless-evidence-archive/objects/a66491fe079a1e6bc6826807eaa619f988d74bd791206ebff128420f4250b237.gz
0	/home/paudley/Active/purrdf/.worktrees/454-rdflib-shim-algebra-level-reassignment/.stage/rdflib-shim-algebra-level-reassignment/raw/final-lossless-evidence-archive/objects/a70510c22495fb7b566c22798a931044d4e05eb082a189840d0e2c4cc8ec9175.gz
0	/home/paudley/Active/purrdf/.worktrees/454-rdflib-shim-algebra-level-reassignment/.stage/rdflib-shim-algebra-level-reassignment/raw/final-lossless-evidence-archive/objects/a7a94831432cb315623cc3c5666594e30c6d20c0c779d0dcf775f37959b286ff.gz
0	/home/paudley/Active/purrdf/.worktrees/454-rdflib-shim-algebra-level-reassignment/.stage/rdflib-shim-algebra-level-reassignment/raw/final-lossless-evidence-archive/objects/a7f06c9c62c765a530f6be1f1247cd9247782ed89151c851c77a08524d359a8e.gz
0	/home/paudley/Active/purrdf/.worktrees/454-rdflib-shim-algebra-level-reassignment/.stage/rdflib-shim-algebra-level-reassignment/raw/final-lossless-evidence-archive/objects/a843fd2ea3d6f5dcd01b346adc1fe54c457b0b9b032cccf859968265bae7168a.gz
0	/home/paudley/Active/purrdf/.worktrees/454-rdflib-shim-algebra-level-reassignment/.stage/rdflib-shim-algebra-level-reassignment/raw/final-lossless-evidence-archive/objects/a844721e550d17a3a63fe8a82a39fb7c2cbf29a74783a9cbcd7bc1a8be61de4f.gz
0	/home/paudley/Active/purrdf/.worktrees/454-rdflib-shim-algebra-level-reassignment/.stage/rdflib-shim-algebra-level-reassignment/raw/final-lossless-evidence-archive/objects/a874bdbfe10776f9f4c4521ba6645b87357449e768120c27a9866f2a82963e74.gz
0	/home/paudley/Active/purrdf/.worktrees/454-rdflib-shim-algebra-level-reassignment/.stage/rdflib-shim-algebra-level-reassignment/raw/final-lossless-evidence-archive/objects/a8dc9071c59ffbb9ac1a8dc8b5b796391e43560eafe3f7b5e479e0f109b52f74.gz
0	/home/paudley/Active/purrdf/.worktrees/454-rdflib-shim-algebra-level-reassignment/.stage/rdflib-shim-algebra-level-reassignment/raw/final-lossless-evidence-archive/objects/aac31065cd5d1640dcf8f5b0567527ce377b8ec480b6f44c52e7738039b2ac7e.gz
0	/home/paudley/Active/purrdf/.worktrees/454-rdflib-shim-algebra-level-reassignment/.stage/rdflib-shim-algebra-level-reassignment/raw/final-lossless-evidence-archive/objects/ab65212d1aa5c844d9b45804e85fbe59bc5cedded6fd279993b626c46db62f9f.gz
0	/home/paudley/Active/purrdf/.worktrees/454-rdflib-shim-algebra-level-reassignment/.stage/rdflib-shim-algebra-level-reassignment/raw/final-lossless-evidence-archive/objects/abe892279736085bd6b62bfc92ab80cae2425f81f0ad26d49704270e1502299f.gz
0	/home/paudley/Active/purrdf/.worktrees/454-rdflib-shim-algebra-level-reassignment/.stage/rdflib-shim-algebra-level-reassignment/raw/final-lossless-evidence-archive/objects/acf64843b0adbe346bec4b9159e7f8c46336b28b6cbf8bd5ce006cf7e205d45c.gz
0	/home/paudley/Active/purrdf/.worktrees/454-rdflib-shim-algebra-level-reassignment/.stage/rdflib-shim-algebra-level-reassignment/raw/final-lossless-evidence-archive/objects/ada1acca7fc65a7a513fec3b9e50a30e12c4598a4b5a2e2dca8349dcebc0bc1e.gz
0	/home/paudley/Active/purrdf/.worktrees/454-rdflib-shim-algebra-level-reassignment/.stage/rdflib-shim-algebra-level-reassignment/raw/final-lossless-evidence-archive/objects/adfc868c9f7eb62afea9f28c6231dc26d7bfbe91e6f5ab2d5c452058a053aa54.gz
0	/home/paudley/Active/purrdf/.worktrees/454-rdflib-shim-algebra-level-reassignment/.stage/rdflib-shim-algebra-level-reassignment/raw/final-lossless-evidence-archive/objects/ae1f197401639d864accfeba5e09101c7d7ad9275e706f28ea4f2a7b41e3a26e.gz
0	/home/paudley/Active/purrdf/.worktrees/454-rdflib-shim-algebra-level-reassignment/.stage/rdflib-shim-algebra-level-reassignment/raw/final-lossless-evidence-archive/objects/ae8ab8a43e9f47c49ed92a8c1866fcceff04c7924bc1e21fdc552aafbaa83b66.gz
0	/home/paudley/Active/purrdf/.worktrees/454-rdflib-shim-algebra-level-reassignment/.stage/rdflib-shim-algebra-level-reassignment/raw/final-lossless-evidence-archive/objects/b089c412464b760a31c32f7c7bdd89cfe21638b21200e15f8fca80cba5035180.gz
0	/home/paudley/Active/purrdf/.worktrees/454-rdflib-shim-algebra-level-reassignment/.stage/rdflib-shim-algebra-level-reassignment/raw/final-lossless-evidence-archive/objects/b14d2093665348e97af40928c56075ca43a8f6a802bd2287f9ee66265a2ef153.gz
0	/home/paudley/Active/purrdf/.worktrees/454-rdflib-shim-algebra-level-reassignment/.stage/rdflib-shim-algebra-level-reassignment/raw/final-lossless-evidence-archive/objects/b24b89975a92428fc74002ab4028847e1b9e1378ec684dbda090382683f22a50.gz
0	/home/paudley/Active/purrdf/.worktrees/454-rdflib-shim-algebra-level-reassignment/.stage/rdflib-shim-algebra-level-reassignment/raw/final-lossless-evidence-archive/objects/b2c06675765f73406d3f6a224427d1ec633a2fe0789a0dab6d26f7de2374b01e.gz
0	/home/paudley/Active/purrdf/.worktrees/454-rdflib-shim-algebra-level-reassignment/.stage/rdflib-shim-algebra-level-reassignment/raw/final-lossless-evidence-archive/objects/b316ca78c4806d9caa192fb426c997b644eeca6c40875e231d26b5618e675b9f.gz
0	/home/paudley/Active/purrdf/.worktrees/454-rdflib-shim-algebra-level-reassignment/.stage/rdflib-shim-algebra-level-reassignment/raw/final-lossless-evidence-archive/objects/b34f29d1abbf3a1d633cb8c45cd82e60ecb6a394efa33f9c6b398f5c76d1f367.gz
0	/home/paudley/Active/purrdf/.worktrees/454-rdflib-shim-algebra-level-reassignment/.stage/rdflib-shim-algebra-level-reassignment/raw/final-lossless-evidence-archive/objects/b40a53a21ae3657f20b44c8552dd5b244dc3b333157d312d14e19f00af92a312.gz
0	/home/paudley/Active/purrdf/.worktrees/454-rdflib-shim-algebra-level-reassignment/.stage/rdflib-shim-algebra-level-reassignment/raw/final-lossless-evidence-archive/objects/b5321422b3ed70bd0e2ad1fb29f652fe707da068d4674857d185273f4ad8c466.gz
0	/home/paudley/Active/purrdf/.worktrees/454-rdflib-shim-algebra-level-reassignment/.stage/rdflib-shim-algebra-level-reassignment/raw/final-lossless-evidence-archive/objects/b550b5ad513f7bb0b39007e69b463ef8300a1d29a87d383fb2de0b3937b48847.gz
0	/home/paudley/Active/purrdf/.worktrees/454-rdflib-shim-algebra-level-reassignment/.stage/rdflib-shim-algebra-level-reassignment/raw/final-lossless-evidence-archive/objects/b56a5ad820fd72f79d4bbf938336de025a57d845a3a21a4b208e137e263119aa.gz
0	/home/paudley/Active/purrdf/.worktrees/454-rdflib-shim-algebra-level-reassignment/.stage/rdflib-shim-algebra-level-reassignment/raw/final-lossless-evidence-archive/objects/b6c15d1f097e93d70766d3e2fef0f3972ac6f4f8b5f45ee06d1428ad4be9a410.gz
0	/home/paudley/Active/purrdf/.worktrees/454-rdflib-shim-algebra-level-reassignment/.stage/rdflib-shim-algebra-level-reassignment/raw/final-lossless-evidence-archive/objects/b6e5cfb2088c9374f792e4eb044d7bcb996bda4afd67c855703105404454d66d.gz
0	/home/paudley/Active/purrdf/.worktrees/454-rdflib-shim-algebra-level-reassignment/.stage/rdflib-shim-algebra-level-reassignment/raw/final-lossless-evidence-archive/objects/b86715d8d1b57a15be357b2e275fa72e0e876c5a74b53ad988d97f67a8fa7724.gz
0	/home/paudley/Active/purrdf/.worktrees/454-rdflib-shim-algebra-level-reassignment/.stage/rdflib-shim-algebra-level-reassignment/raw/final-lossless-evidence-archive/objects/b881b2b29caea7bf766c0fdc33a243d93e8c0396cab5f55292dc577ce8a55ca7.gz
0	/home/paudley/Active/purrdf/.worktrees/454-rdflib-shim-algebra-level-reassignment/.stage/rdflib-shim-algebra-level-reassignment/raw/final-lossless-evidence-archive/objects/b8e371cb59ca1561571df83f7f2db372669af6bb2c51d7d5d915176c7bc3db53.gz
0	/home/paudley/Active/purrdf/.worktrees/454-rdflib-shim-algebra-level-reassignment/.stage/rdflib-shim-algebra-level-reassignment/raw/final-lossless-evidence-archive/objects/b90ab32ca6532f2688b99f8000065ff3805fb3f993cee2eec8a2d634aa829a0d.gz
0	/home/paudley/Active/purrdf/.worktrees/454-rdflib-shim-algebra-level-reassignment/.stage/rdflib-shim-algebra-level-reassignment/raw/final-lossless-evidence-archive/objects/b90c8b53f08c97ecb707d3638a8aae6fee630d12ae791315f22cf5b97203989b.gz
0	/home/paudley/Active/purrdf/.worktrees/454-rdflib-shim-algebra-level-reassignment/.stage/rdflib-shim-algebra-level-reassignment/raw/final-lossless-evidence-archive/objects/b90f4c28ba9351b304a9a3b9ba6def6462e83f1c310c18ad7b72fec9a5b2013e.gz
0	/home/paudley/Active/purrdf/.worktrees/454-rdflib-shim-algebra-level-reassignment/.stage/rdflib-shim-algebra-level-reassignment/raw/final-lossless-evidence-archive/objects/b9b3884839e435289e5d3724b4507034ddd4ddd6839c2a85541cec56c972537a.gz
0	/home/paudley/Active/purrdf/.worktrees/454-rdflib-shim-algebra-level-reassignment/.stage/rdflib-shim-algebra-level-reassignment/raw/final-lossless-evidence-archive/objects/ba641533d83a78226e695f10d7b4dd06d243b7a54d9233940ee1465603f0b0c9.gz
0	/home/paudley/Active/purrdf/.worktrees/454-rdflib-shim-algebra-level-reassignment/.stage/rdflib-shim-algebra-level-reassignment/raw/final-lossless-evidence-archive/objects/bb1334d0f8a2e8ed520227b0b18f0e1cb81337aad748a6a21b086ff973920dbb.gz
0	/home/paudley/Active/purrdf/.worktrees/454-rdflib-shim-algebra-level-reassignment/.stage/rdflib-shim-algebra-level-reassignment/raw/final-lossless-evidence-archive/objects/bb98c40d1bd1c4d372f044842929f85b855ec51dea52ec3133be805cec76b9a4.gz
0	/home/paudley/Active/purrdf/.worktrees/454-rdflib-shim-algebra-level-reassignment/.stage/rdflib-shim-algebra-level-reassignment/raw/final-lossless-evidence-archive/objects/bc440c7e76e3601f0129403402bd28595d913e9388e91df85c2af3684542c018.gz
0	/home/paudley/Active/purrdf/.worktrees/454-rdflib-shim-algebra-level-reassignment/.stage/rdflib-shim-algebra-level-reassignment/raw/final-lossless-evidence-archive/objects/bd4a9c39378fd3a1e6e4ba880b4024099c3bd60972c8fab22cfdaa39ccaef03a.gz
0	/home/paudley/Active/purrdf/.worktrees/454-rdflib-shim-algebra-level-reassignment/.stage/rdflib-shim-algebra-level-reassignment/raw/final-lossless-evidence-archive/objects/bf06a834c09f77b0c90533b9e1520e08f1f48c4d03718467e0c60c8a8e90c0d6.gz
0	/home/paudley/Active/purrdf/.worktrees/454-rdflib-shim-algebra-level-reassignment/.stage/rdflib-shim-algebra-level-reassignment/raw/final-lossless-evidence-archive/objects/bfe98c43b7728f08588826752d6a1ac9637e91acca7ce661db2b9d781adff722.gz
0	/home/paudley/Active/purrdf/.worktrees/454-rdflib-shim-algebra-level-reassignment/.stage/rdflib-shim-algebra-level-reassignment/raw/final-lossless-evidence-archive/objects/c06f7846676d3c253132e268e917a3d22d77d5fbda7bd49828298e12cfcffcd3.gz
0	/home/paudley/Active/purrdf/.worktrees/454-rdflib-shim-algebra-level-reassignment/.stage/rdflib-shim-algebra-level-reassignment/raw/final-lossless-evidence-archive/objects/c0abf6857bbce82e1192534d6562602eef300ca8ee20b87bcb30131fcab4d553.gz
0	/home/paudley/Active/purrdf/.worktrees/454-rdflib-shim-algebra-level-reassignment/.stage/rdflib-shim-algebra-level-reassignment/raw/final-lossless-evidence-archive/objects/c185103f2d9c82d22e6250ace64fd54e7fc067cb37b16c3ca1ebe85aec4f8b01.gz
0	/home/paudley/Active/purrdf/.worktrees/454-rdflib-shim-algebra-level-reassignment/.stage/rdflib-shim-algebra-level-reassignment/raw/final-lossless-evidence-archive/objects/c19111711235a0c5aeb57b6615fcca6ac5036a79391adefae22b4e338b7ac58a.gz
0	/home/paudley/Active/purrdf/.worktrees/454-rdflib-shim-algebra-level-reassignment/.stage/rdflib-shim-algebra-level-reassignment/raw/final-lossless-evidence-archive/objects/c193cb9c85929d821b9b5b33a3a3d3573c55c49ea60461e931924fe8688fe7a4.gz
0	/home/paudley/Active/purrdf/.worktrees/454-rdflib-shim-algebra-level-reassignment/.stage/rdflib-shim-algebra-level-reassignment/raw/final-lossless-evidence-archive/objects/c40a142553edde18898b80c09185b5a7994dae5dcd823178c2b6c3e8a48bb0ce.gz
0	/home/paudley/Active/purrdf/.worktrees/454-rdflib-shim-algebra-level-reassignment/.stage/rdflib-shim-algebra-level-reassignment/raw/final-lossless-evidence-archive/objects/c50307eee28892eb3b0c457d05036dce16d77eafdf20384a0149f22d06068ae2.gz
0	/home/paudley/Active/purrdf/.worktrees/454-rdflib-shim-algebra-level-reassignment/.stage/rdflib-shim-algebra-level-reassignment/raw/final-lossless-evidence-archive/objects/c5f7f440f36c0904cfa1476e63e4244aa2348111079e8508e31a39560bccd0ff.gz
0	/home/paudley/Active/purrdf/.worktrees/454-rdflib-shim-algebra-level-reassignment/.stage/rdflib-shim-algebra-level-reassignment/raw/final-lossless-evidence-archive/objects/c60db179be09ef5dbbbd8d39a158f91c46a3d18e629e51755bc910a247ae1024.gz
0	/home/paudley/Active/purrdf/.worktrees/454-rdflib-shim-algebra-level-reassignment/.stage/rdflib-shim-algebra-level-reassignment/raw/final-lossless-evidence-archive/objects/c6211f2fe5bf0e9bd58408031a7f360db2e8198117679d9ee329156a7650b878.gz
0	/home/paudley/Active/purrdf/.worktrees/454-rdflib-shim-algebra-level-reassignment/.stage/rdflib-shim-algebra-level-reassignment/raw/final-lossless-evidence-archive/objects/c78e6081874334adf1ebbb7a738dd2cc33d674f5dab37631869de8d9d8a638b7.gz
0	/home/paudley/Active/purrdf/.worktrees/454-rdflib-shim-algebra-level-reassignment/.stage/rdflib-shim-algebra-level-reassignment/raw/final-lossless-evidence-archive/objects/c904e2f47012a8ef04692a7d5f165c8ecf7b8b047af443bb828d77c6b6776b83.gz
0	/home/paudley/Active/purrdf/.worktrees/454-rdflib-shim-algebra-level-reassignment/.stage/rdflib-shim-algebra-level-reassignment/raw/final-lossless-evidence-archive/objects/c9d909375deab79d9caa42c3cd47ed3f5043305d98b668635e38488e4c78c042.gz
0	/home/paudley/Active/purrdf/.worktrees/454-rdflib-shim-algebra-level-reassignment/.stage/rdflib-shim-algebra-level-reassignment/raw/final-lossless-evidence-archive/objects/c9e84ebf75be395c3f5aabe6c5554f7b0755de4d5e148093622969374ab0788f.gz
0	/home/paudley/Active/purrdf/.worktrees/454-rdflib-shim-algebra-level-reassignment/.stage/rdflib-shim-algebra-level-reassignment/raw/final-lossless-evidence-archive/objects/ca374e9274c11241eec168f4d9fd0c24354c7cfef960062a74c4f41a2658f583.gz
0	/home/paudley/Active/purrdf/.worktrees/454-rdflib-shim-algebra-level-reassignment/.stage/rdflib-shim-algebra-level-reassignment/raw/final-lossless-evidence-archive/objects/ca6d9b167d461a5bb3de7d09c88c5107540978d0552a73ee8284aa18537ab948.gz
0	/home/paudley/Active/purrdf/.worktrees/454-rdflib-shim-algebra-level-reassignment/.stage/rdflib-shim-algebra-level-reassignment/raw/final-lossless-evidence-archive/objects/ca83accaccd13ada20be19e913fdf7f97c1f172cdc8ed949f67a9f70bf48e7fb.gz
0	/home/paudley/Active/purrdf/.worktrees/454-rdflib-shim-algebra-level-reassignment/.stage/rdflib-shim-algebra-level-reassignment/raw/final-lossless-evidence-archive/objects/cafdb2c47c4ed7a34ed4dec294aacdf392355a37f981b362ad77f61b022e172e.gz
0	/home/paudley/Active/purrdf/.worktrees/454-rdflib-shim-algebra-level-reassignment/.stage/rdflib-shim-algebra-level-reassignment/raw/final-lossless-evidence-archive/objects/cbe5efc3f7c909b9fe7f0a7e08a63598a1299b315c45a05a1a9680c6eda9fd9c.gz
0	/home/paudley/Active/purrdf/.worktrees/454-rdflib-shim-algebra-level-reassignment/.stage/rdflib-shim-algebra-level-reassignment/raw/final-lossless-evidence-archive/objects/cc74e7c7c8a9333e88666db15e5fe9a560f8ea5f42e60cf047d6073b37c0eab8.gz
0	/home/paudley/Active/purrdf/.worktrees/454-rdflib-shim-algebra-level-reassignment/.stage/rdflib-shim-algebra-level-reassignment/raw/final-lossless-evidence-archive/objects/ce404b6e09c34c31d0fdecab5fbaec7a64571da732a682368c8c1d672c3d8a32.gz
0	/home/paudley/Active/purrdf/.worktrees/454-rdflib-shim-algebra-level-reassignment/.stage/rdflib-shim-algebra-level-reassignment/raw/final-lossless-evidence-archive/objects/ce568213e49e7b125dd402ea050b86ae19d65932fb2354f3ffc6bf87a10c34e8.gz
0	/home/paudley/Active/purrdf/.worktrees/454-rdflib-shim-algebra-level-reassignment/.stage/rdflib-shim-algebra-level-reassignment/raw/final-lossless-evidence-archive/objects/d052d2a9283f78a281ca3f4dcea2cdd8ef6ab820eb2a5aeae58a001018989f4a.gz
0	/home/paudley/Active/purrdf/.worktrees/454-rdflib-shim-algebra-level-reassignment/.stage/rdflib-shim-algebra-level-reassignment/raw/final-lossless-evidence-archive/objects/d2074dc5ea9e2785b5464139a1a4b1fffbf6031459c45ee60decfee4659176be.gz
0	/home/paudley/Active/purrdf/.worktrees/454-rdflib-shim-algebra-level-reassignment/.stage/rdflib-shim-algebra-level-reassignment/raw/final-lossless-evidence-archive/objects/d2e1bc46f94982e56c92f432de88dabf3688e0804af1813624d64aedc62dbe07.gz
0	/home/paudley/Active/purrdf/.worktrees/454-rdflib-shim-algebra-level-reassignment/.stage/rdflib-shim-algebra-level-reassignment/raw/final-lossless-evidence-archive/objects/d5cd0b3873b7af2f8bbf6d9a95a4ab0d34edad221d5e4601e7d51cf80f3f1bb5.gz
0	/home/paudley/Active/purrdf/.worktrees/454-rdflib-shim-algebra-level-reassignment/.stage/rdflib-shim-algebra-level-reassignment/raw/final-lossless-evidence-archive/objects/d5ffec6db6cbdf2aee3e07a5ed33a04042309d2716ee9d46eb7e65370c377350.gz
0	/home/paudley/Active/purrdf/.worktrees/454-rdflib-shim-algebra-level-reassignment/.stage/rdflib-shim-algebra-level-reassignment/raw/final-lossless-evidence-archive/objects/d6cd8886f45ccde4ebe4c8ddfd17ab5b043f48dfa8c89a72ed9949c417a97acf.gz
0	/home/paudley/Active/purrdf/.worktrees/454-rdflib-shim-algebra-level-reassignment/.stage/rdflib-shim-algebra-level-reassignment/raw/final-lossless-evidence-archive/objects/d8ec9167de4205a440fe1cfe465f583307bd75952b1fb93f562e7c133796c709.gz
0	/home/paudley/Active/purrdf/.worktrees/454-rdflib-shim-algebra-level-reassignment/.stage/rdflib-shim-algebra-level-reassignment/raw/final-lossless-evidence-archive/objects/d96607d387375dae7fa1da57499d6bfed9e47482627505a6afc18ea7faa05678.gz
0	/home/paudley/Active/purrdf/.worktrees/454-rdflib-shim-algebra-level-reassignment/.stage/rdflib-shim-algebra-level-reassignment/raw/final-lossless-evidence-archive/objects/daf5542a32f4bc7732624f4092da656c0b9a8e82907b68dd51c7e52fa939a8ce.gz
0	/home/paudley/Active/purrdf/.worktrees/454-rdflib-shim-algebra-level-reassignment/.stage/rdflib-shim-algebra-level-reassignment/raw/final-lossless-evidence-archive/objects/db1a5cc87e450e983ffb592dd26c47f87a070e40a11da288aae2315deecdc79d.gz
0	/home/paudley/Active/purrdf/.worktrees/454-rdflib-shim-algebra-level-reassignment/.stage/rdflib-shim-algebra-level-reassignment/raw/final-lossless-evidence-archive/objects/db5c1dacebd9c92988983c2e60322fac3d8013a861d0946782a97e66673f2837.gz
0	/home/paudley/Active/purrdf/.worktrees/454-rdflib-shim-algebra-level-reassignment/.stage/rdflib-shim-algebra-level-reassignment/raw/final-lossless-evidence-archive/objects/dc868210d2317c53c08bdd9be1b1d7af2603aa2c1591127ba31af4859f31ee39.gz
0	/home/paudley/Active/purrdf/.worktrees/454-rdflib-shim-algebra-level-reassignment/.stage/rdflib-shim-algebra-level-reassignment/raw/final-lossless-evidence-archive/objects/de30a2cbbcf2d771304826811cce2cd784ac6f53fe535d824cdb868a5e765cc0.gz
0	/home/paudley/Active/purrdf/.worktrees/454-rdflib-shim-algebra-level-reassignment/.stage/rdflib-shim-algebra-level-reassignment/raw/final-lossless-evidence-archive/objects/dfcfd123c8b0ed833a54f9f0e549ad58fa0fc16a77b1c3b48a1dec89292b580f.gz
0	/home/paudley/Active/purrdf/.worktrees/454-rdflib-shim-algebra-level-reassignment/.stage/rdflib-shim-algebra-level-reassignment/raw/final-lossless-evidence-archive/objects/dfd5122b6baa993657b7153181c9de305e6849218967d4bba18a0adce1f7c71e.gz
0	/home/paudley/Active/purrdf/.worktrees/454-rdflib-shim-algebra-level-reassignment/.stage/rdflib-shim-algebra-level-reassignment/raw/final-lossless-evidence-archive/objects/e131380838cc80f5e78039846ea040e33d60489282ab728768616bdc97ed90d6.gz
0	/home/paudley/Active/purrdf/.worktrees/454-rdflib-shim-algebra-level-reassignment/.stage/rdflib-shim-algebra-level-reassignment/raw/final-lossless-evidence-archive/objects/e202215d5b092550c246eda1e2890203b472d0a78035bade6c6f3f1f125a8ec5.gz
0	/home/paudley/Active/purrdf/.worktrees/454-rdflib-shim-algebra-level-reassignment/.stage/rdflib-shim-algebra-level-reassignment/raw/final-lossless-evidence-archive/objects/e503f126552e04bd4711be87602c735f755fe17d9513295169bf656b2f7e699b.gz
0	/home/paudley/Active/purrdf/.worktrees/454-rdflib-shim-algebra-level-reassignment/.stage/rdflib-shim-algebra-level-reassignment/raw/final-lossless-evidence-archive/objects/e53fce6f6ae73b867a4313f25c62f0bca4e37576615fc827c3ff1f9c9f63c262.gz
0	/home/paudley/Active/purrdf/.worktrees/454-rdflib-shim-algebra-level-reassignment/.stage/rdflib-shim-algebra-level-reassignment/raw/final-lossless-evidence-archive/objects/e5828e9a6a9ddfe32e63c35ee5a1cf0a0d237dff22575646ab227122166b1ce9.gz
0	/home/paudley/Active/purrdf/.worktrees/454-rdflib-shim-algebra-level-reassignment/.stage/rdflib-shim-algebra-level-reassignment/raw/final-lossless-evidence-archive/objects/e5bb65a2e44cfc9215322a31c15223af441ca3dad728b9d34ced4a959c22502d.gz
0	/home/paudley/Active/purrdf/.worktrees/454-rdflib-shim-algebra-level-reassignment/.stage/rdflib-shim-algebra-level-reassignment/raw/final-lossless-evidence-archive/objects/e6d90a70c2153fdfc2d86fad0463e12768e48e3f7203faa35c1e45b500691668.gz
0	/home/paudley/Active/purrdf/.worktrees/454-rdflib-shim-algebra-level-reassignment/.stage/rdflib-shim-algebra-level-reassignment/raw/final-lossless-evidence-archive/objects/e799d1834137a165680552e75f6c274f0336f844d93b7702ceb2765795634250.gz
0	/home/paudley/Active/purrdf/.worktrees/454-rdflib-shim-algebra-level-reassignment/.stage/rdflib-shim-algebra-level-reassignment/raw/final-lossless-evidence-archive/objects/e7e6e5c5eb2e31f3d0d9d93296f8d63acc7fd3d1139504b16d9a13242f92b17f.gz
0	/home/paudley/Active/purrdf/.worktrees/454-rdflib-shim-algebra-level-reassignment/.stage/rdflib-shim-algebra-level-reassignment/raw/final-lossless-evidence-archive/objects/e8dbe58f63b549f9842b6e342cb249e7ddd24c8d5604381dffaef3888f9b907c.gz
0	/home/paudley/Active/purrdf/.worktrees/454-rdflib-shim-algebra-level-reassignment/.stage/rdflib-shim-algebra-level-reassignment/raw/final-lossless-evidence-archive/objects/ea102ec3b5003985cd662a2511836f909565abebbb03f6d9f7f3e32384f73f42.gz
0	/home/paudley/Active/purrdf/.worktrees/454-rdflib-shim-algebra-level-reassignment/.stage/rdflib-shim-algebra-level-reassignment/raw/final-lossless-evidence-archive/objects/ea717ad54c6925485881242a2d8665b6a276cf21f958da3dd219a79d0d3b8df0.gz
0	/home/paudley/Active/purrdf/.worktrees/454-rdflib-shim-algebra-level-reassignment/.stage/rdflib-shim-algebra-level-reassignment/raw/final-lossless-evidence-archive/objects/eac9b36f5b36141b909294596c8a89c0e91704416ee722b332ff7366d5f82721.gz
0	/home/paudley/Active/purrdf/.worktrees/454-rdflib-shim-algebra-level-reassignment/.stage/rdflib-shim-algebra-level-reassignment/raw/final-lossless-evidence-archive/objects/ead6383f14d935a24b2542bcadd2fc9db8dceb8c3cd58f94d7e6894920578624.gz
0	/home/paudley/Active/purrdf/.worktrees/454-rdflib-shim-algebra-level-reassignment/.stage/rdflib-shim-algebra-level-reassignment/raw/final-lossless-evidence-archive/objects/ecba68668746ca98dfd09eaa08a214cec714285bac1e20725e6d928cf0bce967.gz
0	/home/paudley/Active/purrdf/.worktrees/454-rdflib-shim-algebra-level-reassignment/.stage/rdflib-shim-algebra-level-reassignment/raw/final-lossless-evidence-archive/objects/ed00d780c12f0f812644d6d5cec42cb5be0d2f7da7cd3fc8f2bdbfba7de96070.gz
0	/home/paudley/Active/purrdf/.worktrees/454-rdflib-shim-algebra-level-reassignment/.stage/rdflib-shim-algebra-level-reassignment/raw/final-lossless-evidence-archive/objects/edd6df21ab06a6470b1c3580ec92932373af96337bcee0b932ce51c475811906.gz
0	/home/paudley/Active/purrdf/.worktrees/454-rdflib-shim-algebra-level-reassignment/.stage/rdflib-shim-algebra-level-reassignment/raw/final-lossless-evidence-archive/objects/eeed6a7e2217263b1931d8d937592dbd7bbd15699c99793dabe53e37bcee3d23.gz
0	/home/paudley/Active/purrdf/.worktrees/454-rdflib-shim-algebra-level-reassignment/.stage/rdflib-shim-algebra-level-reassignment/raw/final-lossless-evidence-archive/objects/efddb85ab4a637d7aaf5db1140e7a2295c4148805b7bc781ada6287163486590.gz
0	/home/paudley/Active/purrdf/.worktrees/454-rdflib-shim-algebra-level-reassignment/.stage/rdflib-shim-algebra-level-reassignment/raw/final-lossless-evidence-archive/objects/f1b2e4d65971147b697b39776904711965a16e6eb9d4a79fec631219328c3f6f.gz
0	/home/paudley/Active/purrdf/.worktrees/454-rdflib-shim-algebra-level-reassignment/.stage/rdflib-shim-algebra-level-reassignment/raw/final-lossless-evidence-archive/objects/f1fa9bdbdb601df4c2f75c6548411bf2169bf4285278dde5d36746fe83819e4e.gz
0	/home/paudley/Active/purrdf/.worktrees/454-rdflib-shim-algebra-level-reassignment/.stage/rdflib-shim-algebra-level-reassignment/raw/final-lossless-evidence-archive/objects/f2378a5a738a5948ee199e11c53990ca368291102fae4e825a1162a0923ba9ee.gz
0	/home/paudley/Active/purrdf/.worktrees/454-rdflib-shim-algebra-level-reassignment/.stage/rdflib-shim-algebra-level-reassignment/raw/final-lossless-evidence-archive/objects/f299eada8fff0e6edd4e3b12a215b1f2e5ccc3c89a23b80c04b001806704e833.gz
0	/home/paudley/Active/purrdf/.worktrees/454-rdflib-shim-algebra-level-reassignment/.stage/rdflib-shim-algebra-level-reassignment/raw/final-lossless-evidence-archive/objects/f43ec6e468d91a5cfcd3d7f368adb8ad82a480fe76c672370b37e3d302b5089b.gz
0	/home/paudley/Active/purrdf/.worktrees/454-rdflib-shim-algebra-level-reassignment/.stage/rdflib-shim-algebra-level-reassignment/raw/final-lossless-evidence-archive/objects/f4749d5830d1ab38d007b51abf6e3e329d3456b61020ed147305b2fdc6ad2e09.gz
0	/home/paudley/Active/purrdf/.worktrees/454-rdflib-shim-algebra-level-reassignment/.stage/rdflib-shim-algebra-level-reassignment/raw/final-lossless-evidence-archive/objects/f49fd31d6a49825e8134322f29f9789be2c3fe0ba365d7fe2922f80a50b82cb7.gz
0	/home/paudley/Active/purrdf/.worktrees/454-rdflib-shim-algebra-level-reassignment/.stage/rdflib-shim-algebra-level-reassignment/raw/final-lossless-evidence-archive/objects/f5cc15c35c2684117e2093b8e174efa6e8392fe56501fd71da9d7c32486da2de.gz
0	/home/paudley/Active/purrdf/.worktrees/454-rdflib-shim-algebra-level-reassignment/.stage/rdflib-shim-algebra-level-reassignment/raw/final-lossless-evidence-archive/objects/f5cfae24bff23aea8c31604ac960a7eb0ae54f79b69a4a84b5c84c5b8686cfad.gz
0	/home/paudley/Active/purrdf/.worktrees/454-rdflib-shim-algebra-level-reassignment/.stage/rdflib-shim-algebra-level-reassignment/raw/final-lossless-evidence-archive/objects/f64a1446e07da40f0f1370220c8aa510b3ddc2a8e0921cf747d9669ad552cd7b.gz
0	/home/paudley/Active/purrdf/.worktrees/454-rdflib-shim-algebra-level-reassignment/.stage/rdflib-shim-algebra-level-reassignment/raw/final-lossless-evidence-archive/objects/f875485fabc071c4d3933986a84f78ea756c5235d53ad5e1620d42a9668729be.gz
0	/home/paudley/Active/purrdf/.worktrees/454-rdflib-shim-algebra-level-reassignment/.stage/rdflib-shim-algebra-level-reassignment/raw/final-lossless-evidence-archive/objects/fb8ea918b762cfa7849ba5ec186f94e42f31c2d54a092529f304759aaa854677.gz
0	/home/paudley/Active/purrdf/.worktrees/454-rdflib-shim-algebra-level-reassignment/.stage/rdflib-shim-algebra-level-reassignment/raw/final-lossless-evidence-archive/objects/fc8c53ad2c66ccb7cae72017db455077bad65f2e1c12e50aa4e55042334087bc.gz
0	/home/paudley/Active/purrdf/.worktrees/454-rdflib-shim-algebra-level-reassignment/.stage/rdflib-shim-algebra-level-reassignment/raw/final-lossless-evidence-archive/objects/fdf328dfc160f46075f9bf549f0b6377dba31fd6ff2605daa941cad3dff4677f.gz
0	/home/paudley/Active/purrdf/.worktrees/454-rdflib-shim-algebra-level-reassignment/.stage/rdflib-shim-algebra-level-reassignment/raw/final-lossless-evidence-archive/objects/fe785efc5dbeca4c6a149c15ff254d2116ddbf2a669cdafad88397a7644d25b0.gz
0	/home/paudley/Active/purrdf/.worktrees/454-rdflib-shim-algebra-level-reassignment/.stage/rdflib-shim-algebra-level-reassignment/raw/final-lossless-evidence-archive/objects/febd67a240b8849ff0ae61eb4e1b5906dbb54ec39819aecee5b4e1f92acb07bd.gz
