644	72	docs/book/book/.nojekyll
644	19420	docs/book/book/404.html
644	109072	docs/book/book/assets/visualization/purrdf-viz2-asserted-reified-compact.svg
644	166168	docs/book/book/assets/visualization/purrdf-viz2-asserted-reified-incidence.svg
644	56909	docs/book/book/assets/visualization/purrdf-viz2-asserted-reified-table.svg
644	316243	docs/book/book/assets/visualization/purrdf-viz2-dense-connected-compact.svg
644	590494	docs/book/book/assets/visualization/purrdf-viz2-dense-connected-incidence.svg
644	228160	docs/book/book/assets/visualization/purrdf-viz2-dense-connected-table.svg
644	80716	docs/book/book/assets/visualization/purrdf-viz2-nested-dialect-compact.svg
644	119903	docs/book/book/assets/visualization/purrdf-viz2-nested-dialect-incidence.svg
644	46884	docs/book/book/assets/visualization/purrdf-viz2-nested-dialect-table.svg
644	62698	docs/book/book/assets/visualization/purrdf-viz2-ordinary-shared-compact.svg
644	153788	docs/book/book/assets/visualization/purrdf-viz2-ordinary-shared-incidence.svg
644	71009	docs/book/book/assets/visualization/purrdf-viz2-ordinary-shared-table.svg
644	80728	docs/book/book/assets/visualization/purrdf-viz2-quoted-only-compact.svg
644	89885	docs/book/book/assets/visualization/purrdf-viz2-quoted-only-incidence.svg
644	30413	docs/book/book/assets/visualization/purrdf-viz2-quoted-only-table.svg
644	907	docs/book/book/ayu-highlight-3fdfc3ac.css
644	30517	docs/book/book/book-c22b7243.js
644	10754	docs/book/book/clipboard-1626706a.min.js
644	41449	docs/book/book/concepts/base-iris.html
644	30934	docs/book/book/concepts/canonicalization.html
644	36555	docs/book/book/concepts/codecs.html
644	28346	docs/book/book/concepts/interned-dataset.html
644	28129	docs/book/book/concepts/jsonld.html
644	52528	docs/book/book/concepts/projections.html
644	28438	docs/book/book/concepts/rdf12.html
644	29964	docs/book/book/concepts/visualization.html
644	17860	docs/book/book/css/chrome-fc474251.css
644	9923	docs/book/book/css/general-0392ca55.css
644	689	docs/book/book/css/print-9e4910d8.css
644	10422	docs/book/book/css/variables-8adf115d.css
644	30944	docs/book/book/datalog.html
644	18051	docs/book/book/elasticlunr-ef4e11c1.min.js
644	43958	docs/book/book/entailment-rules.html
644	62212	docs/book/book/entailment.html
644	5679	docs/book/book/favicon-8114d1fc.png
644	1835	docs/book/book/favicon-de23e50b.svg
644	11358	docs/book/book/fonts/OPEN-SANS-LICENSE.txt
644	4528	docs/book/book/fonts/SOURCE-CODE-PRO-LICENSE.txt
644	3818	docs/book/book/fonts/fonts-9644e21d.css
644	44352	docs/book/book/fonts/open-sans-v17-all-charsets-300-7736aa35.woff2
644	40656	docs/book/book/fonts/open-sans-v17-all-charsets-300italic-2c7b95c0.woff2
644	44936	docs/book/book/fonts/open-sans-v17-all-charsets-600-486c6759.woff2
644	42120	docs/book/book/fonts/open-sans-v17-all-charsets-600italic-1a3e8659.woff2
644	44988	docs/book/book/fonts/open-sans-v17-all-charsets-700-c22fe8c7.woff2
644	40800	docs/book/book/fonts/open-sans-v17-all-charsets-700italic-238ae959.woff2
644	44536	docs/book/book/fonts/open-sans-v17-all-charsets-800-3d2c812a.woff2
644	40812	docs/book/book/fonts/open-sans-v17-all-charsets-800italic-ba1521ec.woff2
644	41076	docs/book/book/fonts/open-sans-v17-all-charsets-italic-6c9463f7.woff2
644	43236	docs/book/book/fonts/open-sans-v17-all-charsets-regular-2e3b1d34.woff2
644	59140	docs/book/book/fonts/source-code-pro-v11-all-charsets-500-2bdd9410.woff2
644	30323	docs/book/book/getting-started/c.html
644	50652	docs/book/book/getting-started/javascript.html
644	30579	docs/book/book/getting-started/python.html
644	29044	docs/book/book/getting-started/rust.html
644	31047	docs/book/book/gts.html
644	1209	docs/book/book/highlight-493f70e1.css
644	137537	docs/book/book/highlight-abc7f01d.js
644	35501	docs/book/book/index.html
644	29519	docs/book/book/interop/rdfjs.html
644	27875	docs/book/book/interop/rdflib.html
644	35501	docs/book/book/introduction.html
644	17320	docs/book/book/mark-09e88c2c.min.js
644	713908	docs/book/book/print.html
644	30500	docs/book/book/project/conformance.html
644	30590	docs/book/book/project/design-rules.html
644	70021	docs/book/book/project/diagnostic-codes.html
644	28067	docs/book/book/project/performance.html
644	33774	docs/book/book/project/releases.html
644	20294	docs/book/book/searcher-09f2665d.js
644	3168238	docs/book/book/searchindex-2bbf0d21.js
644	28784	docs/book/book/slices.html
644	33165	docs/book/book/sparql/embedding-knn.html
644	34164	docs/book/book/sparql/full-text.html
644	34360	docs/book/book/sparql/geosparql.html
644	167745	docs/book/book/sparql/querying.html
644	30303	docs/book/book/sparql/results.html
644	25728	docs/book/book/toc-65a8c8f4.js
644	8506	docs/book/book/toc.html
644	1694	docs/book/book/tomorrow-night-4c0ae647.css
644	140826	docs/book/book/validation/shacl.html
644	86472	docs/book/book/validation/shapes-products.html
644	29996	docs/book/book/validation/shex.html
644	72	docs/book/book/zh-Hans/.nojekyll
644	16452	docs/book/book/zh-Hans/404.html
644	109072	docs/book/book/zh-Hans/assets/visualization/purrdf-viz2-asserted-reified-compact.svg
644	166168	docs/book/book/zh-Hans/assets/visualization/purrdf-viz2-asserted-reified-incidence.svg
644	56909	docs/book/book/zh-Hans/assets/visualization/purrdf-viz2-asserted-reified-table.svg
644	316243	docs/book/book/zh-Hans/assets/visualization/purrdf-viz2-dense-connected-compact.svg
644	590494	docs/book/book/zh-Hans/assets/visualization/purrdf-viz2-dense-connected-incidence.svg
644	228160	docs/book/book/zh-Hans/assets/visualization/purrdf-viz2-dense-connected-table.svg
644	80716	docs/book/book/zh-Hans/assets/visualization/purrdf-viz2-nested-dialect-compact.svg
644	119903	docs/book/book/zh-Hans/assets/visualization/purrdf-viz2-nested-dialect-incidence.svg
644	46884	docs/book/book/zh-Hans/assets/visualization/purrdf-viz2-nested-dialect-table.svg
644	62698	docs/book/book/zh-Hans/assets/visualization/purrdf-viz2-ordinary-shared-compact.svg
644	153788	docs/book/book/zh-Hans/assets/visualization/purrdf-viz2-ordinary-shared-incidence.svg
644	71009	docs/book/book/zh-Hans/assets/visualization/purrdf-viz2-ordinary-shared-table.svg
644	80728	docs/book/book/zh-Hans/assets/visualization/purrdf-viz2-quoted-only-compact.svg
644	89885	docs/book/book/zh-Hans/assets/visualization/purrdf-viz2-quoted-only-incidence.svg
644	30413	docs/book/book/zh-Hans/assets/visualization/purrdf-viz2-quoted-only-table.svg
644	907	docs/book/book/zh-Hans/ayu-highlight-3fdfc3ac.css
644	30517	docs/book/book/zh-Hans/book-c22b7243.js
644	10754	docs/book/book/zh-Hans/clipboard-1626706a.min.js
644	38510	docs/book/book/zh-Hans/concepts/base-iris.html
644	27936	docs/book/book/zh-Hans/concepts/canonicalization.html
644	33550	docs/book/book/zh-Hans/concepts/codecs.html
644	25445	docs/book/book/zh-Hans/concepts/interned-dataset.html
644	25075	docs/book/book/zh-Hans/concepts/jsonld.html
644	48514	docs/book/book/zh-Hans/concepts/projections.html
644	25529	docs/book/book/zh-Hans/concepts/rdf12.html
644	26937	docs/book/book/zh-Hans/concepts/visualization.html
644	17860	docs/book/book/zh-Hans/css/chrome-fc474251.css
644	9923	docs/book/book/zh-Hans/css/general-0392ca55.css
644	689	docs/book/book/zh-Hans/css/print-9e4910d8.css
644	10422	docs/book/book/zh-Hans/css/variables-8adf115d.css
644	28088	docs/book/book/zh-Hans/datalog.html
644	41136	docs/book/book/zh-Hans/entailment-rules.html
644	59782	docs/book/book/zh-Hans/entailment.html
644	5679	docs/book/book/zh-Hans/favicon-8114d1fc.png
644	1835	docs/book/book/zh-Hans/favicon-de23e50b.svg
644	11358	docs/book/book/zh-Hans/fonts/OPEN-SANS-LICENSE.txt
644	4528	docs/book/book/zh-Hans/fonts/SOURCE-CODE-PRO-LICENSE.txt
644	3818	docs/book/book/zh-Hans/fonts/fonts-9644e21d.css
644	44352	docs/book/book/zh-Hans/fonts/open-sans-v17-all-charsets-300-7736aa35.woff2
644	40656	docs/book/book/zh-Hans/fonts/open-sans-v17-all-charsets-300italic-2c7b95c0.woff2
644	44936	docs/book/book/zh-Hans/fonts/open-sans-v17-all-charsets-600-486c6759.woff2
644	42120	docs/book/book/zh-Hans/fonts/open-sans-v17-all-charsets-600italic-1a3e8659.woff2
644	44988	docs/book/book/zh-Hans/fonts/open-sans-v17-all-charsets-700-c22fe8c7.woff2
644	40800	docs/book/book/zh-Hans/fonts/open-sans-v17-all-charsets-700italic-238ae959.woff2
644	44536	docs/book/book/zh-Hans/fonts/open-sans-v17-all-charsets-800-3d2c812a.woff2
644	40812	docs/book/book/zh-Hans/fonts/open-sans-v17-all-charsets-800italic-ba1521ec.woff2
644	41076	docs/book/book/zh-Hans/fonts/open-sans-v17-all-charsets-italic-6c9463f7.woff2
644	43236	docs/book/book/zh-Hans/fonts/open-sans-v17-all-charsets-regular-2e3b1d34.woff2
644	59140	docs/book/book/zh-Hans/fonts/source-code-pro-v11-all-charsets-500-2bdd9410.woff2
644	27349	docs/book/book/zh-Hans/getting-started/c.html
644	48720	docs/book/book/zh-Hans/getting-started/javascript.html
644	27910	docs/book/book/zh-Hans/getting-started/python.html
644	26471	docs/book/book/zh-Hans/getting-started/rust.html
644	27666	docs/book/book/zh-Hans/gts.html
644	1209	docs/book/book/zh-Hans/highlight-493f70e1.css
644	137537	docs/book/book/zh-Hans/highlight-abc7f01d.js
644	33038	docs/book/book/zh-Hans/index.html
644	26547	docs/book/book/zh-Hans/interop/rdfjs.html
644	24810	docs/book/book/zh-Hans/interop/rdflib.html
644	33038	docs/book/book/zh-Hans/introduction.html
644	711473	docs/book/book/zh-Hans/print.html
644	27687	docs/book/book/zh-Hans/project/conformance.html
644	27782	docs/book/book/zh-Hans/project/design-rules.html
644	66805	docs/book/book/zh-Hans/project/diagnostic-codes.html
644	24947	docs/book/book/zh-Hans/project/performance.html
644	31004	docs/book/book/zh-Hans/project/releases.html
644	25719	docs/book/book/zh-Hans/slices.html
644	30251	docs/book/book/zh-Hans/sparql/embedding-knn.html
644	30945	docs/book/book/zh-Hans/sparql/full-text.html
644	30999	docs/book/book/zh-Hans/sparql/geosparql.html
644	164047	docs/book/book/zh-Hans/sparql/querying.html
644	27342	docs/book/book/zh-Hans/sparql/results.html
644	25580	docs/book/book/zh-Hans/toc-e9199b81.js
644	8363	docs/book/book/zh-Hans/toc.html
644	1694	docs/book/book/zh-Hans/tomorrow-night-4c0ae647.css
644	138253	docs/book/book/zh-Hans/validation/shacl.html
644	82969	docs/book/book/zh-Hans/validation/shapes-products.html
644	27055	docs/book/book/zh-Hans/validation/shex.html
