original_path	archived_relative_path	size	mode	sha256
/opt/purrdf-454-conformance-ed14-20261008.FOVwkJBK/results/core.json	results/core.json	360627	644	87e488cb0a659d833de3ac625ea14f31fb76274f98b0f25b2da87293dcfc2aef
/opt/purrdf-454-conformance-ed14-20261008.FOVwkJBK/results/python.json	results/python.json	12554	644	7f44e243f8b6e37aec45a04ff54a2ad6cb32ffc0524ea9354d59442c6b077671
/opt/purrdf-454-conformance-ed14-20261008.FOVwkJBK/results/shapes.json	results/shapes.json	30056	644	4880fff3b2c8bc60488631f95bcab9eec4e9279455ff4961e46d0e641be150f7
/opt/purrdf-454-conformance-ed14-20261008.FOVwkJBK/results/sparql.json	results/sparql.json	32354	644	4ccba678f9e5da870530a636565e1ec90cbf532c2d7bbea425bd385ad4511990
/opt/purrdf-454-conformance-ed14-20261008.FOVwkJBK/zips/core.extract.log	zips/core.extract.log	159	644	0bb843d7b28c70f1125470ee41bdb9f2a336814cbc2abd6e103bcd9cc1bbf6a4
/opt/purrdf-454-conformance-ed14-20261008.FOVwkJBK/zips/core.members.txt	zips/core.members.txt	10	644	ff63a1f02892ca972a910fd33c82bf621a63a9102a48282efd1690293f2ec8e5
/opt/purrdf-454-conformance-ed14-20261008.FOVwkJBK/zips/core.zip	zips/core.zip	32425	644	ef48a9d3d58797ebbb23e7770700ec441b61b987c2282335fc5a35eb80f9d4ff
/opt/purrdf-454-conformance-ed14-20261008.FOVwkJBK/zips/python.extract.log	zips/python.extract.log	163	644	635ca8a164fa06463683023b5329f98261c8c5e4e2bb796077cf46af983f3b88
/opt/purrdf-454-conformance-ed14-20261008.FOVwkJBK/zips/python.members.txt	zips/python.members.txt	12	644	a9fb92b41f752bcda447fc987b5d2478567e253772f0c047d9e79650da08d173
/opt/purrdf-454-conformance-ed14-20261008.FOVwkJBK/zips/python.zip	zips/python.zip	2832	644	5eee004e5d92b260799d7f3409ab53796583fcc4f1a7090a138e058129f52d24
/opt/purrdf-454-conformance-ed14-20261008.FOVwkJBK/zips/shapes.extract.log	zips/shapes.extract.log	163	644	b0eb21ce1c2fffdbf68c70150ba960efdba863e7dcd2d4fbd2eba65e398b539b
/opt/purrdf-454-conformance-ed14-20261008.FOVwkJBK/zips/shapes.members.txt	zips/shapes.members.txt	12	644	23be5578b70a0e163141bbe47375f453c4bbece75f91f61a1be4797671fb90a3
/opt/purrdf-454-conformance-ed14-20261008.FOVwkJBK/zips/shapes.zip	zips/shapes.zip	5581	644	a6f147cce8a305e839e0a2594379800a5ac673e94571c5258bc27b74a54eeefb
/opt/purrdf-454-conformance-ed14-20261008.FOVwkJBK/zips/sparql.extract.log	zips/sparql.extract.log	163	644	ea1924ee7a727c22bd4dec82d1f22ca40eec13f824dfdf3614e5f97175ff5f60
/opt/purrdf-454-conformance-ed14-20261008.FOVwkJBK/zips/sparql.members.txt	zips/sparql.members.txt	12	644	783a20d86673817acce4ca6b875be82a06b6d7d649de3c423ece2e87cfd9d49b
/opt/purrdf-454-conformance-ed14-20261008.FOVwkJBK/zips/sparql.zip	zips/sparql.zip	5888	644	9d5a957fb1d0a50507aa87efd9e2d7a7e7f1a08d15b50087ab804e79eff7a6c2
/opt/purrdf-454-conformance-ed14-20261008.FOVwkJBK/jobs/core.raw.log	jobs/core.raw.log	51692	644	43b1bfcfbbc0ef5e9ba3f8dd555a3dbc6315150f6d2b74b65c8103bc1f07c55d
/opt/purrdf-454-conformance-ed14-20261008.FOVwkJBK/jobs/python.raw.log	jobs/python.raw.log	46737	644	554fdf1d2c9d53c2fd69809b80b4dedc83a4add1fe5cfef18c04533d2e57aa7a
/opt/purrdf-454-conformance-ed14-20261008.FOVwkJBK/jobs/shapes.raw.log	jobs/shapes.raw.log	48253	644	b6694e58cb429b2b99e833b223c0cd5bed08810844d735e56a01e6a43c4a1395
/opt/purrdf-454-conformance-ed14-20261008.FOVwkJBK/jobs/sparql.raw.log	jobs/sparql.raw.log	49542	644	95decd398d2783408e4ed7f84dd29517f523a068c0c8f5bdae4f6749950892f4
/opt/purrdf-454-conformance-ed14-20261008.FOVwkJBK/artifacts-api.json	artifacts-api.json	8275	644	bb216a0f7ce13ccb02100c45929a9f1ed4571ccc0958d2f1d248ec10a89a112e
/opt/purrdf-454-conformance-ed14-20261008.FOVwkJBK/run.json	run.json	14150	644	3cfa3d2c1723851805f2784320f9773a6d4ec94634646c628c50eb08ae35204c
/opt/purrdf-454-conformance-ed14-20261008.FOVwkJBK/jobs-api.json	jobs-api.json	118384	644	a2044f320d1a081007f9d830f5601ef926cada29919a6fa5215c1991ed528b66
/opt/purrdf-454-conformance-ed14-20261008.FOVwkJBK/results.sha256	results.sha256	546	644	7008434ee91fc09c9e8823c59979ed4a88f1a540b0d6f691084cb8451a6aed20
/opt/purrdf-454-conformance-ed14-20261008.FOVwkJBK/schema-admission.txt	schema-admission.txt	5	644	a17fcf0a2f50e2d495e4f90ce263410edc183add6c62699a2facbccf60410f74
/opt/purrdf-454-conformance-ed14-20261008.FOVwkJBK/budget-admission.txt	budget-admission.txt	5	644	a17fcf0a2f50e2d495e4f90ce263410edc183add6c62699a2facbccf60410f74
/opt/purrdf-454-conformance-ed14-20261008.FOVwkJBK/run-admission.txt	run-admission.txt	5	644	a17fcf0a2f50e2d495e4f90ce263410edc183add6c62699a2facbccf60410f74
/opt/purrdf-454-conformance-ed14-20261008.FOVwkJBK/job-admission.txt	job-admission.txt	5	644	a17fcf0a2f50e2d495e4f90ce263410edc183add6c62699a2facbccf60410f74
/opt/purrdf-454-conformance-ed14-20261008.FOVwkJBK/all-rows.tsv	all-rows.tsv	1606	644	4c98cbc54071ef87baaef0f4a7c8df02c92fd034df92978264f8bbae9111f61a
/opt/purrdf-454-conformance-ed14-20261008.FOVwkJBK/source-delta.txt	source-delta.txt	117	644	5df650b4195624ce3da6cc7a76f5aa0298d898787bf93a83188ec50562be58cb
/opt/purrdf-454-conformance-ed14-20261008.FOVwkJBK/source-delta.patch	source-delta.patch	1624	644	595ef86443cdf6071f4cbeda0213186065e09016a6a96e2af566d6b7c145d07d
/opt/purrdf-454-conformance-ed14-20261008.FOVwkJBK/current-source-inputs.sha256	current-source-inputs.sha256	363	644	810bbc18e2caa73572253e968242e61c76b2ae9b4ba34804ce4e29f97f8807b2
/opt/purrdf-454-conformance-ed14-20261008.FOVwkJBK/publication-credential-scan-paths.txt	publication-credential-scan-paths.txt	0	644	e3b0c44298fc1c149afbf4c8996fb92427ae41e4649b934ca495991b7852b855
/opt/purrdf-454-conformance-ed14-20261008.FOVwkJBK/publication-credential-scan.exit	publication-credential-scan.exit	4	644	181210f8f9c779c26da1d9b2075bde0127302ee0e3fca38c9a83f5b1dd8e5d3b
/opt/purrdf-454-conformance-ed14-20261008.FOVwkJBK/publication-credential-scan-corrected-paths.txt	publication-credential-scan-corrected-paths.txt	0	644	e3b0c44298fc1c149afbf4c8996fb92427ae41e4649b934ca495991b7852b855
/opt/purrdf-454-conformance-ed14-20261008.FOVwkJBK/publication-scan-admission.txt	publication-scan-admission.txt	166	644	af17dcc8a8e1b84cd015fa59d431572b031f8f294e2c2cb6e45df59a7edd181d
/opt/purrdf-454-conformance-ed14-20261008.FOVwkJBK/publication-zip-readback.txt	publication-zip-readback.txt	126	644	0746c413132f641c60e690c3d8184d726071efc67b8f27c1cdbf662e3c652723
/opt/purrdf-454-conformance-ed14-20261008.FOVwkJBK/retrieval-terminals.txt	retrieval-terminals.txt	359	644	9792a6047061c92791268608721c179c054e94451bb3b2e2e205d6e469a67f29
