case,sample,variant,nanoseconds,iterations,answer
u64,0,before,2002067,3000000,5078113001088685620
u64,0,after,2003167,3000000,5078113001088685620
u64,0,offset,2069955,3000000,5078113001088685620
u64,1,before,2058046,3000000,5078113001088685620
u64,1,offset,2015337,3000000,5078113001088685620
u64,1,after,2035706,3000000,5078113001088685620
u64,2,offset,2025656,3000000,5078113001088685620
u64,2,before,2022146,3000000,5078113001088685620
u64,2,after,2037986,3000000,5078113001088685620
u64,3,offset,2019826,3000000,5078113001088685620
u64,3,after,2062795,3000000,5078113001088685620
u64,3,before,2019046,3000000,5078113001088685620
u64,4,after,2016827,3000000,5078113001088685620
u64,4,offset,2010937,3000000,5078113001088685620
u64,4,before,2011107,3000000,5078113001088685620
u64,5,after,2029256,3000000,5078113001088685620
u64,5,before,2035146,3000000,5078113001088685620
u64,5,offset,2001007,3000000,5078113001088685620
u64,6,before,2028157,3000000,5078113001088685620
u64,6,after,2005817,3000000,5078113001088685620
u64,6,offset,1999717,3000000,5078113001088685620
u64,7,before,1996078,3000000,5078113001088685620
u64,7,offset,2014177,3000000,5078113001088685620
u64,7,after,1995137,3000000,5078113001088685620
u64,8,offset,2002997,3000000,5078113001088685620
u64,8,before,1997497,3000000,5078113001088685620
u64,8,after,2081895,3000000,5078113001088685620
u64,9,offset,2046186,3000000,5078113001088685620
u64,9,after,2001147,3000000,5078113001088685620
u64,9,before,2026096,3000000,5078113001088685620
u64,10,after,1995937,3000000,5078113001088685620
u64,10,offset,2010506,3000000,5078113001088685620
u64,10,before,1998897,3000000,5078113001088685620
u64,11,after,2024256,3000000,5078113001088685620
u64,11,before,1996807,3000000,5078113001088685620
u64,11,offset,1997077,3000000,5078113001088685620
triple-local,0,before,2140923,3000000,3015128670177158317
triple-local,0,after,2897108,3000000,1578967031099748059
triple-local,0,offset,2145592,3000000,5594372083566900862
triple-local,1,before,2137153,3000000,3015128670177158317
triple-local,1,offset,2161162,3000000,5594372083566900862
triple-local,1,after,2894329,3000000,1578967031099748059
triple-local,2,offset,2134713,3000000,5594372083566900862
triple-local,2,before,2150993,3000000,3015128670177158317
triple-local,2,after,2881129,3000000,1578967031099748059
triple-local,3,offset,2148262,3000000,5594372083566900862
triple-local,3,after,2896139,3000000,1578967031099748059
triple-local,3,before,2134883,3000000,3015128670177158317
triple-local,4,after,2925258,3000000,1578967031099748059
triple-local,4,offset,2133973,3000000,5594372083566900862
triple-local,4,before,2134082,3000000,3015128670177158317
triple-local,5,after,2910099,3000000,1578967031099748059
triple-local,5,before,2176342,3000000,3015128670177158317
triple-local,5,offset,2146363,3000000,5594372083566900862
triple-local,6,before,2139862,3000000,3015128670177158317
triple-local,6,after,2922579,3000000,1578967031099748059
triple-local,6,offset,2152622,3000000,5594372083566900862
triple-local,7,before,2139573,3000000,3015128670177158317
triple-local,7,offset,2139453,3000000,5594372083566900862
triple-local,7,after,2924208,3000000,1578967031099748059
triple-local,8,offset,2141693,3000000,5594372083566900862
triple-local,8,before,2140653,3000000,3015128670177158317
triple-local,8,after,2895918,3000000,1578967031099748059
triple-local,9,offset,2146802,3000000,5594372083566900862
triple-local,9,after,2925158,3000000,1578967031099748059
triple-local,9,before,2140493,3000000,3015128670177158317
triple-local,10,after,2874669,3000000,1578967031099748059
triple-local,10,offset,2143762,3000000,5594372083566900862
triple-local,10,before,2142723,3000000,3015128670177158317
triple-local,11,after,2897719,3000000,1578967031099748059
triple-local,11,before,2142853,3000000,3015128670177158317
triple-local,11,offset,2180152,3000000,5594372083566900862
triple-global,0,before,2721234,3000000,12054522169155871826
triple-global,0,after,4407161,3000000,403571312127813153
triple-global,0,offset,2723154,3000000,4738539678410602769
triple-global,1,before,2734454,3000000,12054522169155871826
triple-global,1,offset,2724104,3000000,4738539678410602769
triple-global,1,after,4328185,3000000,403571312127813153
triple-global,2,offset,2669246,3000000,4738539678410602769
triple-global,2,before,2666516,3000000,12054522169155871826
triple-global,2,after,4322154,3000000,403571312127813153
triple-global,3,offset,2696665,3000000,4738539678410602769
triple-global,3,after,4323314,3000000,403571312127813153
triple-global,3,before,2690735,3000000,12054522169155871826
triple-global,4,after,4353354,3000000,403571312127813153
triple-global,4,offset,2717974,3000000,4738539678410602769
triple-global,4,before,2715694,3000000,12054522169155871826
triple-global,5,after,4357153,3000000,403571312127813153
triple-global,5,before,2732374,3000000,12054522169155871826
triple-global,5,offset,2710865,3000000,4738539678410602769
triple-global,6,before,2707805,3000000,12054522169155871826
triple-global,6,after,4358774,3000000,403571312127813153
triple-global,6,offset,2725694,3000000,4738539678410602769
triple-global,7,before,2758223,3000000,12054522169155871826
triple-global,7,offset,2717375,3000000,4738539678410602769
triple-global,7,after,4468250,3000000,403571312127813153
triple-global,8,offset,2717355,3000000,4738539678410602769
triple-global,8,before,2705655,3000000,12054522169155871826
triple-global,8,after,4440721,3000000,403571312127813153
triple-global,9,offset,2753244,3000000,4738539678410602769
triple-global,9,after,4364063,3000000,403571312127813153
triple-global,9,before,2727765,3000000,12054522169155871826
triple-global,10,after,4367132,3000000,403571312127813153
triple-global,10,offset,2714765,3000000,4738539678410602769
triple-global,10,before,2714895,3000000,12054522169155871826
triple-global,11,after,4400772,3000000,403571312127813153
triple-global,11,before,2729534,3000000,12054522169155871826
triple-global,11,offset,2721205,3000000,4738539678410602769
bytes16,0,before,6305022,3000000,2663523882669885336
bytes16,0,after,6146907,3000000,3302857071321631538
bytes16,0,offset,6455897,3000000,2230660901950185134
bytes16,1,before,6172026,3000000,2663523882669885336
bytes16,1,offset,6395480,3000000,2230660901950185134
bytes16,1,after,6029461,3000000,3302857071321631538
bytes16,2,offset,6452497,3000000,2230660901950185134
bytes16,2,before,6252064,3000000,2663523882669885336
bytes16,2,after,6164466,3000000,3302857071321631538
bytes16,3,offset,6496216,3000000,2230660901950185134
bytes16,3,after,6163986,3000000,3302857071321631538
bytes16,3,before,6254803,3000000,2663523882669885336
bytes16,4,after,6108338,3000000,3302857071321631538
bytes16,4,offset,6507486,3000000,2230660901950185134
bytes16,4,before,6280952,3000000,2663523882669885336
bytes16,5,after,6139767,3000000,3302857071321631538
bytes16,5,before,6251234,3000000,2663523882669885336
bytes16,5,offset,6489186,3000000,2230660901950185134
bytes16,6,before,6236584,3000000,2663523882669885336
bytes16,6,after,6110758,3000000,3302857071321631538
bytes16,6,offset,6448377,3000000,2230660901950185134
bytes16,7,before,6227525,3000000,2663523882669885336
bytes16,7,offset,6469647,3000000,2230660901950185134
bytes16,7,after,6103188,3000000,3302857071321631538
bytes16,8,offset,6481007,3000000,2230660901950185134
bytes16,8,before,6239344,3000000,2663523882669885336
bytes16,8,after,6130777,3000000,3302857071321631538
bytes16,9,offset,6496146,3000000,2230660901950185134
bytes16,9,after,6173876,3000000,3302857071321631538
bytes16,9,before,6266114,3000000,2663523882669885336
bytes16,10,after,6159317,3000000,3302857071321631538
bytes16,10,offset,6496266,3000000,2230660901950185134
bytes16,10,before,6253844,3000000,2663523882669885336
bytes16,11,after,6117138,3000000,3302857071321631538
bytes16,11,before,6262813,3000000,2663523882669885336
bytes16,11,offset,6498596,3000000,2230660901950185134
str26,0,before,10326046,3000000,12660992414106475698
str26,0,after,10540648,3000000,9001377939972871944
str26,0,offset,10556748,3000000,16461429784987862252
str26,1,before,10291167,3000000,12660992414106475698
str26,1,offset,10605157,3000000,16461429784987862252
str26,1,after,10567118,3000000,9001377939972871944
str26,2,offset,10563779,3000000,16461429784987862252
str26,2,before,10277948,3000000,12660992414106475698
str26,2,after,10496660,3000000,9001377939972871944
str26,3,offset,11399412,3000000,16461429784987862252
str26,3,after,10413303,3000000,9001377939972871944
str26,3,before,10161601,3000000,12660992414106475698
str26,4,after,11315155,3000000,9001377939972871944
str26,4,offset,10484880,3000000,16461429784987862252
str26,4,before,10247778,3000000,12660992414106475698
str26,5,after,10468271,3000000,9001377939972871944
str26,5,before,10242538,3000000,12660992414106475698
str26,5,offset,10515899,3000000,16461429784987862252
str26,6,before,10260067,3000000,12660992414106475698
str26,6,after,10464551,3000000,9001377939972871944
str26,6,offset,10486951,3000000,16461429784987862252
str26,7,before,10235189,3000000,12660992414106475698
str26,7,offset,10487650,3000000,16461429784987862252
str26,7,after,10448152,3000000,9001377939972871944
str26,8,offset,10509510,3000000,16461429784987862252
str26,8,before,10234079,3000000,12660992414106475698
str26,8,after,10488261,3000000,9001377939972871944
str26,9,offset,10495290,3000000,16461429784987862252
str26,9,after,10333765,3000000,9001377939972871944
str26,9,before,10096643,3000000,12660992414106475698
str26,10,after,10300256,3000000,9001377939972871944
str26,10,offset,10351114,3000000,16461429784987862252
str26,10,before,10092043,3000000,12660992414106475698
str26,11,after,10319336,3000000,9001377939972871944
str26,11,before,10080744,3000000,12660992414106475698
str26,11,offset,10340635,3000000,16461429784987862252
bytes64,0,before,13486267,3000000,14508953675628228998
bytes64,0,after,13435338,3000000,14732432497871170456
bytes64,0,offset,13737418,3000000,11837880597007986619
bytes64,1,before,13458247,3000000,14508953675628228998
bytes64,1,offset,13757277,3000000,11837880597007986619
bytes64,1,after,13441078,3000000,14732432497871170456
bytes64,2,offset,13875854,3000000,11837880597007986619
bytes64,2,before,13619922,3000000,14508953675628228998
bytes64,2,after,13565264,3000000,14732432497871170456
bytes64,3,offset,14033360,3000000,11837880597007986619
bytes64,3,after,13684601,3000000,14732432497871170456
bytes64,3,before,13860835,3000000,14508953675628228998
bytes64,4,after,13830165,3000000,14732432497871170456
bytes64,4,offset,14176855,3000000,11837880597007986619
bytes64,4,before,13948942,3000000,14508953675628228998
bytes64,5,after,13898584,3000000,14732432497871170456
bytes64,5,before,13940002,3000000,14508953675628228998
bytes64,5,offset,14184514,3000000,11837880597007986619
bytes64,6,before,14002300,3000000,14508953675628228998
bytes64,6,after,13789857,3000000,14732432497871170456
bytes64,6,offset,14076007,3000000,11837880597007986619
bytes64,7,before,13872754,3000000,14508953675628228998
bytes64,7,offset,14242682,3000000,11837880597007986619
bytes64,7,after,13789487,3000000,14732432497871170456
bytes64,8,offset,14193524,3000000,11837880597007986619
bytes64,8,before,13873394,3000000,14508953675628228998
bytes64,8,after,13833265,3000000,14732432497871170456
bytes64,9,offset,14144435,3000000,11837880597007986619
bytes64,9,after,13822856,3000000,14732432497871170456
bytes64,9,before,13813946,3000000,14508953675628228998
bytes64,10,after,13735568,3000000,14732432497871170456
bytes64,10,offset,14163755,3000000,11837880597007986619
bytes64,10,before,13830935,3000000,14508953675628228998
bytes64,11,after,13825536,3000000,14732432497871170456
bytes64,11,before,13870674,3000000,14508953675628228998
bytes64,11,offset,14144555,3000000,11837880597007986619
