b82826bdbdd2c34622ca53747e9011919d8b78bf	bindings/python/licenses/dependencies/regex-syntax-0.8.11/src/unicode_tables/LICENSE-UNICODE
21d930662743e7e05925f32d0eaff363334e4754	bindings/python/python/src/purrdf/__init__.py
fecde6901373bfb3b8fd0a35d176090c6d589a96	bindings/python/python/src/purrdf/__init__.pyi
7a65348c24d6d2e6fb9695212a48a5659ef3853f	bindings/python/python/src/purrdf/_gts_export.py
5ce684bd292c5565877af63ddf4c292c3b5cb718	bindings/python/python/src/purrdf/compat/__init__.py
8e879b0730e790a2ad3bbc9d49fe58c3f78ebb0c	bindings/python/python/src/purrdf/compat/rdflib/__init__.py
2b58df73ba802ee79ac3e9cb632166ead349bbdd	bindings/python/python/src/purrdf/compat/rdflib/collection.py
b46236737015886489478456f2005aa5e4b02d00	bindings/python/python/src/purrdf/compat/rdflib/compare.py
2e08fa2ddffba520ea5c308c9072e903baf01175	bindings/python/python/src/purrdf/compat/rdflib/graph.py
32f935e4e02663e640c63d1d0d2ff88b7d99a8fb	bindings/python/python/src/purrdf/compat/rdflib/namespace.py
5b14c304c255b827f4094d0df0385c8edc70a0f3	bindings/python/python/src/purrdf/compat/rdflib/parser.py
e241deeb2ac216da80db26d1da63e0e3d9f8c700	bindings/python/python/src/purrdf/compat/rdflib/paths.py
b794b0dba331570b1a300fc2967f0b50558dc212	bindings/python/python/src/purrdf/compat/rdflib/plugin.py
9294964dd4a8559bd1787b4a438a6d2f5acc2574	bindings/python/python/src/purrdf/compat/rdflib/plugins/__init__.py
c4d80dd96d50b55fd527952b4e66861f8c17d74b	bindings/python/python/src/purrdf/compat/rdflib/plugins/parsers.py
8a02eaf9fd032d114a24b9c79b1fe8efc15f36f8	bindings/python/python/src/purrdf/compat/rdflib/plugins/serializers/__init__.py
f0b3f74631440926a4e60bb6b49efd75c7fe0b1d	bindings/python/python/src/purrdf/compat/rdflib/plugins/serializers/turtle.py
9ee4f57b3fabf5af67df30b6511eeab722e4237a	bindings/python/python/src/purrdf/compat/rdflib/plugins/sparql.py
ae2903b469b72c2528820c292d7228eabdcee0be	bindings/python/python/src/purrdf/compat/rdflib/plugins/sparqlprocessor.py
916b8f902b4bed1befff8de1cf287d931eb664d9	bindings/python/python/src/purrdf/compat/rdflib/plugins/sparqlresults.py
655a02f47ee4655968235dd3050c952370522683	bindings/python/python/src/purrdf/compat/rdflib/query.py
a7938a17960633d4556c1eb42ad4bc2086a1a9f5	bindings/python/python/src/purrdf/compat/rdflib/resource.py
13a889059da49af8028d3d65244392597c6d9d62	bindings/python/python/src/purrdf/compat/rdflib/serializer.py
f722d6d89d79697fadfd1e7254655084d7b7f46e	bindings/python/python/src/purrdf/compat/rdflib/store.py
c558054e9b0ee750cef72071d500fd433875620b	bindings/python/python/src/purrdf/compat/rdflib/term.py
ec9fee4772e4d126f1b180a0cf6ebf91a00bd231	bindings/python/python/src/purrdf/compat/rdflib/util.py
e69de29bb2d1d6434b8b29ae775ad8c2e48c5391	bindings/python/python/src/purrdf/py.typed
a56884460ffe9431b05c0f0198bd88f97389d6d8	bindings/python/src/attestation.rs
a86c1e79640c35a21b64b625b4225bcf5a50aba9	bindings/python/src/lib.rs
1c4f665b89953ab62f944ecd564d54fa8eae2a9e	bindings/python/src/py_entail.rs
045dd05f60991d2cd552636333ab4d7d890930f6	bindings/python/src/py_gts.rs
f967954f94889119ae0d2852b77c9949f17874eb	bindings/python/src/py_gts_dataset.rs
414aa2fc5b8b6c01fb90f8127ee6e8311db0e721	bindings/python/src/py_gts_view.rs
939863bfce0234ea4e9070d62589b79cd404b406	bindings/python/src/py_jsonld.rs
1270ca3c154ba9dd72a6bdfb6ec1a430af376b2d	bindings/python/src/py_projection.rs
3d21cfb25bb04a422c7f81c103249d5b0ee73cfb	bindings/python/src/py_retrieval.rs
865d34d02aff8453241d3978e55f42570bf0e476	bindings/python/src/py_shex.rs
3e38b4edb37eb13664791bb358329970b00f6910	bindings/python/src/py_slice.rs
40c24a204c477b301f357204ce0f3dbcb250c747	bindings/python/src/py_sssom.rs
2f883626352a98651d1d46f859856da1f205c87b	bindings/python/src/py_store.rs
16b865349b4368d572f7e1164d7c589b63e8a050	bindings/python/src/py_store/canon.rs
5675f94fdd3db8ac2523f17ab48851679f8be61d	bindings/python/src/py_store/env.rs
7410e3a840f51145243cbce644fb7d55e40496c7	bindings/python/src/py_store/io.rs
b893c9dc0d27eb19e209bb05385021eb589ef889	bindings/python/src/py_store/mutable.rs
e03444182825d0a9d2b14bf649d62f3a8ac22b80	bindings/python/src/py_store/prepared.rs
7df368cad5b0cbb44b96dbcd07fe2f9339b4e109	bindings/python/src/py_store/presentation.rs
8b77cb51bcbef7f837c3354ffa4b4e1c936721a9	bindings/python/src/py_store/quad_store.rs
c46d4fcf5d0457afcc273c18f5d0c447a366c6d3	bindings/python/src/py_store/query.rs
14eadd54f6bf9c43e472d771c96eea378bd96b21	bindings/python/src/py_store/results.rs
43aaa8d645d446b6f6dd083eacf34238963a4c64	bindings/python/src/py_store/store.rs
b8f9d2dbcf0b652aeecc8ca6a5b16b789c34ec6d	bindings/python/src/py_store/term.rs
7f759dbbd9142c366fe0fae65731e3542b01b98b	bindings/python/src/py_store/xsd.rs
f590d06d7a0ca9ef3d0b06fad346f6afc98f13d4	bindings/python/src/rdf.rs
b9582bd8d8777cb869a564f3aaeca38c3b805a34	bindings/python/src/shacl.rs
be63c2a23e02e314ff74ede6df7a5a0508dbc477	crates/alloc-probe/src/lib.rs
c114210082983a9e34ca256147c3de39ada9fed6	crates/bench/src/lib.rs
69349d5af0364276466b5142211371033bf3a38b	crates/bench/src/main.rs
f2d63274cf142e388667ea547a634cb6200b8d1b	crates/cdt/src/conformance.rs
024c7957db20d69be9230ce25107dd32852f5e45	crates/cdt/src/datatype.rs
1d02affdc88c8518f11e7400dfb8790d334028dc	crates/cdt/src/error.rs
6fc7f34093575adc644263a547ce7acc4000eb12	crates/cdt/src/functions.rs
3894a74dfb2a107e5edff7b621438bfd78e8095c	crates/cdt/src/lib.rs
818cc3b3fadb4abc13965af0e3429a1c8caa5f70	crates/cdt/src/limits.rs
510a959821cd139c88c6a0efc5cab806f275b727	crates/cdt/src/literal.rs
ab11a49c529a1afca66090977922996dd9a996f9	crates/cdt/src/ops.rs
e44b05c46a7a2cf1275599c21b995ee0c8f1a122	crates/cdt/src/parse.rs
62f5ba544f0da173fe5822886d681cf7e3ae870d	crates/cdt/src/render.rs
d70091b2ced588ecb5aa5c8822608232e2f53755	crates/cdt/src/term.rs
5d8cd6e964212d4cfd42e610ee4baaede3f41005	crates/cdt/src/tree.rs
53325f44efb168885cdd6eb49f8257a07d578243	crates/cdt/src/value.rs
bc7206ec3aacea0d171a1e5207d3caef43aa3477	crates/cli/src/argv_documents.rs
b486640a44bbe8298fd2ecf1802949173cc987dd	crates/cli/src/cli.rs
ebb0ad000470f799c7782009fd848c0a243fb9de	crates/cli/src/consistency.rs
c4eb1e360e4b6837aafd07372e0a189285d1b99f	crates/cli/src/convert.rs
1e2fa0ee915cf777788175ea9b413fe304258280	crates/cli/src/describe.rs
b3ad06dc09d2c7ae5dd9534788ede0254569f814	crates/cli/src/entails.rs
469d720c125ddf6f7cb8d44dc30686055692d3ad	crates/cli/src/error.rs
5d37a10d4ebe69fabbe83ea36f1ddceb2e1d0f6c	crates/cli/src/format.rs
c7a2f8ccf00f946196daa2be001d046fe5b68e23	crates/cli/src/governors.rs
6276b487bea624639a4246e02f3f605dc0629d6c	crates/cli/src/immutable.rs
593b646eb129985c33fc756d8b9764ec8c6ee9f7	crates/cli/src/ingest.rs
44982e32edd199cc3d44cf20aa3f31086ca7c8af	crates/cli/src/ledger.rs
d7c7444d07401a28df35c2c215aec99fca7c1574	crates/cli/src/lib.rs
1337e9b53bb6fb058cc73fbbef6f1817b7f5f31b	crates/cli/src/main.rs
b375cd70d7696dde99655c8dbefc5d4f290d2913	crates/cli/src/mmap.rs
0c711f70da893c5224ef039fb054323151bf7c72	crates/cli/src/pack.rs
404e6ff92f7a461425ab41baee1d0925a7a5a189	crates/cli/src/path_relation.rs
4354be7fdade1153d32ec2cd5d835894c04373a2	crates/cli/src/premise_imports.rs
9c4c8616df883d2954ea5c0909afc4434536731a	crates/cli/src/projection.rs
79f75dc318d16806a940a0ee013a879d043696fa	crates/cli/src/query.rs
89a5db536cd3e5db1c20db5edaf0f8b2e70d0f2a	crates/cli/src/reason.rs
1b96ff61d6e1ac04948cd79af7c1ea69023840dd	crates/cli/src/report.rs
42602a994f62166be4815eb5cc6faefc7d8987a0	crates/cli/src/shacl.rs
a787d61d2f9a808ee3f31442d1d5d75d400470db	crates/cli/src/shapes_source.rs
bd97c01e9c524597e4669b3f65904b66fdef5f73	crates/cli/src/shapes_tools.rs
77224ec21aaee913a846b026ef4fd9745dae0185	crates/cli/src/shex.rs
b4cf0629ad0669acb2e747d4536f0b315cc50903	crates/cli/src/sink.rs
5ffffda219de90ea90b87e4d61e4baae94d76cac	crates/cli/src/source.rs
52ba6fcbb07f4f1b8bf4ed5bcb36affb567c4d0c	crates/cli/src/update.rs
7965999e9b44199ca8a225f8d426ec0ec31fdd49	crates/cli/src/validate.rs
67468fd299e0c88f1f45cf253ad1f2b08f6c99c8	crates/columnar/src/column.rs
4e5522eb46edd159ad80ac030f500a877d18f501	crates/columnar/src/compact.rs
e5e02e036bd7fc7836f58c3dc75126b2e426f968	crates/columnar/src/error.rs
23850b7869edde40ea7451ce259e84ea7816e64d	crates/columnar/src/files.rs
9755d3d9cefe38835a9021776ce0e32adc5a765d	crates/columnar/src/lib.rs
20124a131c2dc9eaafcbe0886954c5fcf350870d	crates/columnar/src/parquet.rs
ac03036b745af97a5a1217926e542407ce91e44f	crates/columnar/src/plain_bench.rs
49a3c8498fa896a19a56afb5f7aa2d5c5aee73fc	crates/columnar/src/projection.rs
c89bf47166af3edd23d1202eed7ac4956b24291d	crates/columnar/src/reader.rs
cf967caa17f4f7070efb2994ed8a93566e4193b2	crates/columnar/src/schema.rs
fe4ee3ecf35d150f88cb1b06f3b195fc8d1fefdf	crates/columnar/src/writer.rs
e9a830ae389306cdcbabf8237c04a6ad15886b0c	crates/datalog/src/cache.rs
3d7ba3140934211f9f2b282d7850a9603f4bd005	crates/datalog/src/chase.rs
d0df99086a8d5a86c945db7c4020ec45fa1ae184	crates/datalog/src/clause.rs
5bb085c5dc50b945c24e6b6545405bd092df3510	crates/datalog/src/cursor.rs
5af34daaf28348780e8cb30885487582d109432e	crates/datalog/src/guard.rs
7081c38a53f1afab32ee6e420acf24bf5ecc45d4	crates/datalog/src/id.rs
7f62867a2344d73d0d88f7c19106b24d743663ed	crates/datalog/src/lib.rs
dc335c17e873ae76f8e4300e25a22705719e0474	crates/datalog/src/paths.rs
71bb158d1086cc7f0c4db57fc9cdfa39f0d22b48	crates/datalog/src/plan.rs
e25aa1245c1aa7c5b2c911e24ac416dcaa36e767	crates/datalog/src/proof.rs
a8b30304294983a5ef0410aff59090299bc222e9	crates/datalog/src/resolve_fol.rs
193994d62bc7e3b60d7838a0cff3c6e57650fc15	crates/datalog/src/schedule.rs
eb581abf81df7c794d9adf24d13e52f9322430eb	crates/datalog/src/seminaive.rs
ba4cc967c1b1417aa2c21bff70818edea7652792	crates/datalog/src/stop.rs
b13e3b058e48dca3355d5467bbb0b03c2b1c8b2b	crates/datalog/src/store.rs
d2b74cb59d09332e3f94be3366d7f5f62aed7e9f	crates/datalog/src/synth_corpus.rs
4ca0906815060f74f119a16f5c26daf05de94df0	crates/datalog/src/term.rs
ed82a05c4b574218185e93ccd575198f08a502a8	crates/datalog/src/unify.rs
7e976f95854d554a5e8f51098f21dc2fa4cf541e	crates/deflate/src/arch/aarch64.rs
e5849524672c67748a9e662e4f7c20708841ed7b	crates/deflate/src/arch/mod.rs
bbab838c44f3adce4ea1ee71f8adab34dd69422e	crates/deflate/src/arch/wasm32.rs
c699384797d287dc49dfe3f8e7162dd0d07a1a83	crates/deflate/src/arch/x86_64.rs
6829ce70b79804cfa90c889ee067dd07d1814294	crates/deflate/src/backend.rs
7a4bbac61b4b4e4ffee9f56dbc53bdd1e8d93340	crates/deflate/src/deflate.rs
b801d7ac17389e20c46ba7e932b695f87346d8cc	crates/deflate/src/error.rs
81c077d0f491347dd42b7af9236d13db822e8a93	crates/deflate/src/gzip.rs
99de79b02918d435ba57812c881158a56dce6abc	crates/deflate/src/huffman.rs
36636a9517ffce38e5797f4797a914ee8886d60f	crates/deflate/src/inflate.rs
5f63f0e120222282ebfd75e25923451001b2f71e	crates/deflate/src/kernels.rs
8ebf570bd70cc2c348a44230874d6c1fdbdbd8b1	crates/deflate/src/lib.rs
54144f2053f22f251da5a01209be21b61328d2fd	crates/deflate/src/tables.rs
d509641a743277ab20fec3284d0e68640e72d444	crates/ed25519/src/ct.rs
b9fd076f1bd534d6cbde0844b33011864ada309e	crates/ed25519/src/field.rs
2c9bd7bd23ca08a536918bd7ac29417e3a558cca	crates/ed25519/src/keys.rs
401d5ffc32cd1d5c387b8e67b3a14e696b2e6d4e	crates/ed25519/src/lib.rs
9a2e9ec60b3ca961d2a987d602b6e0c28680c75f	crates/ed25519/src/point.rs
de7bbe6095e3883b3c3c3c223dfe31155934270a	crates/ed25519/src/scalar.rs
8d6b30d62d3cd419df85fcb44f6a8d95d006b015	crates/ed25519/src/strictness_tests.rs
7dc0e966e667f20c508cdec0b0d810bb96e8404b	crates/entail/src/axioms.rs
05a1906d2554c05d23b7b1e43855807e3c02f7fc	crates/entail/src/calculus/cax.rs
bf055fe89fc6b1902b26c73cfc86050607c0ee07	crates/entail/src/calculus/cls.rs
fa2eb4f10643be4061851c28224d633a684b82bf	crates/entail/src/calculus/dt.rs
84e418a676cb6855f022e9c1f03d10d983edaf3b	crates/entail/src/calculus/eq.rs
28ebc628bc28f66763f9007ae51f45c48eca25b9	crates/entail/src/calculus/ext.rs
539305bf132f9d8d0213a20a2d58e9d4c5a5d156	crates/entail/src/calculus/mod.rs
b264544222bfea94481efe43d1a218b726c9581d	crates/entail/src/calculus/prp.rs
28a458d18445de5fb6a38442cdfcedf683309ef5	crates/entail/src/calculus/rdfs.rs
61bac40b7c31f939e0d17322aa8be393ebc2e580	crates/entail/src/calculus/scm.rs
e34722fc3e376f494be3d2df74717ea5b7bb73d9	crates/entail/src/combined.rs
cfe36ec4ad55323f9671598786c5a5ea59146542	crates/entail/src/datatypes.rs
3faeea18972905fa950cdc9418c32e375b85dfdf	crates/entail/src/engine.rs
c10469f614d7027126b8eebb491d325b5b729d17	crates/entail/src/entails/answers.rs
7ce0903964f6c9b5fe0fff2db6b9c2702aa54848	crates/entail/src/entails/certificate.rs
bb7f9ea3e737d1b38a6b02bd28701b96ebcc66f9	crates/entail/src/entails/comprehension.rs
c69774c79bc025b88f6e45c302b81c63104bbb48	crates/entail/src/entails/datarange.rs
320cdd7c8279f58b46f75ca97655357c16daeaee	crates/entail/src/entails/freeze.rs
b9c055ca61be9171d7c75aa937736c50484150bc	crates/entail/src/entails/fresh.rs
7382d630164da251e545916cc10ce5a8bd33cd55	crates/entail/src/entails/graph.rs
d32445613fa8e1c4fb7e132dfb10be286c6bcd2b	crates/entail/src/entails/homomorphism.rs
62331032285ef3144fa630d516dd80d44e852ebf	crates/entail/src/entails/imports.rs
b7ab2198302ab67371101b69f3d1fa7f72733b76	crates/entail/src/entails/membership.rs
4057b8264c359e99cfa4a1e1b8c4ad4f03888cb4	crates/entail/src/entails/mod.rs
bce0787015b790b8f368766d2673e41c2cdb9bdd	crates/entail/src/entails/negation.rs
bd8f05149178611e5039ca25e20cbd7f896e89e0	crates/entail/src/entails/pattern.rs
f8d1adc1c5807e5e3c104c242e7eb3607d4f56a1	crates/entail/src/entails/precondition.rs
d4cf4e8b40757fc13e2aeea1c4ee6f97fbc749f3	crates/entail/src/entails/reflexivity.rs
a66a7b76509b8aafa49cbc6b1c99d20ae5df191a	crates/entail/src/entails/refutation.rs
6dd495bf09a22167d872b46dab3e387aab50262d	crates/entail/src/entails/warrant.rs
7a2bd6f197c7455b9fa1223967eb5693c39a9dbc	crates/entail/src/explain.rs
b475da0a4a5405177d604130eea685cee04133d8	crates/entail/src/interner.rs
6596363a1020100fe0ce4a74ef83c996e66e5dc4	crates/entail/src/lib.rs
a1e0b3d4a572f6d1f92de62853e91a1894274355	crates/entail/src/lists.rs
93751821099f3f618ce460b99c58cf7dcd39c0c5	crates/entail/src/owl_dl/absorb.rs
a2de1131f8b5adee0977584fb9bd2a6c27a79240	crates/entail/src/owl_dl/clause.rs
aed355bd47ed0f00c8afcf333fdd68b74890add9	crates/entail/src/owl_dl/concept.rs
0191c210383bb287100f502d703112872dd806ef	crates/entail/src/owl_dl/constructs.rs
395f62f963d79c65f5fca58522484a405e7b1dfc	crates/entail/src/owl_dl/data.rs
5bb4b936b9a194559c2be6eb1d4a66426db60bb5	crates/entail/src/owl_dl/graph.rs
ca0c8483e2c1ea262ebe4783c7112781e2299891	crates/entail/src/owl_dl/hyper.rs
701a7bddd1295ecbdac4f6aecc83eb1836473617	crates/entail/src/owl_dl/mod.rs
780d20fe8831dfae5120c18e7015b7feffe9ca8a	crates/entail/src/owl_dl/oracle.rs
04368f8bd3a050377e4bcf47b6f6461bc82cd3ec	crates/entail/src/owl_dl/parser.rs
057ffc9c53fc71a9aa3a324a787a80ad51ef07c5	crates/entail/src/owl_dl/proof.rs
c1efbc0449e1e1335ac3dca3ce75bd665c56126a	crates/entail/src/owl_dl/query.rs
485f08333ae9c6102f8ed4d93386605b8a8b3a96	crates/entail/src/owl_dl/saturate.rs
b6b60fb2240b608595592facf54f44218b3dc63b	crates/entail/src/owl_dl/tableau.rs
bf796b276df5d012c57ef693a11d9f14ae956863	crates/entail/src/reasoner/axiom.rs
e85996aaed7685b5bbb310b895bce9ea083409be	crates/entail/src/reasoner/certificate.rs
17be2e7c2d59ac0b0579fa0d619596c38129c1f1	crates/entail/src/reasoner/classify.rs
16fdeaf40a231fc7c2a1942b87e0731c26fcf869	crates/entail/src/reasoner/mod.rs
278485dacb8cb47d409ab35ad2d627223ca1aa95	crates/entail/src/reasoner/module.rs
d5fb6ce5594c2a2b98a542bec7f461352fb122ea	crates/entail/src/reasoner/profile.rs
1d3a5b1e8c712c7a568486c046005a27b400e7ee	crates/entail/src/reasoner/proof.rs
b24e0707a220f7163ec4db35ae9f9c6b789c101b	crates/entail/src/reasoner/realize.rs
2e015f4d73dfb31322c2f529b4b2d07c60f8248c	crates/entail/src/report.rs
9024bb748f6c2452ee6afe36a5b915543c9e405b	crates/entail/src/rif/eval.rs
cf69400c48345eaa92731ee9cded97c966833812	crates/entail/src/rif/mod.rs
e345de242935a268febbb8215407bc7ddd5eb74f	crates/entail/src/rif/model.rs
0ab5deb49e5cb94d21e47deb37a2f608e1c901e2	crates/entail/src/rif_xml.rs
32449dc9a4fd349c1ab58aeea3b5c189b1595ad1	crates/entail/src/rules.rs
c96e7f6e1a1e234cc4a97e4cc2211b80c0af3f22	crates/entail/src/surrogates.rs
5a88e1b08ee14a60a0c73b1b267f66e962fc2193	crates/entail/src/vocab.rs
ae9dbb912e539a7a7196316f2b99fc09b695ae5a	crates/envelope-probe/src/lib.rs
4a2152018e8e0b843d6cea6c22112679c431e103	crates/envelope-probe/src/main.rs
129fcba9d75f5af6ffaf727afe7b28abc08d3a03	crates/geo/src/construct.rs
74568bd9c078f0b6c4129f7c004bb2c8d16a157c	crates/geo/src/de9im.rs
462cd319ac9808622728f0fc1ce77227b9fe34ed	crates/geo/src/determinism.rs
4b8850ef4a9f167a9eff71ddfd0fe5d5e95aaca2	crates/geo/src/error.rs
09831b6ab357c326f63c670b635bc5a8815f8a21	crates/geo/src/exact.rs
da1623b9d0f8982a5465a99fa2071fe665dfc1e1	crates/geo/src/functions.rs
6e5b35fb296f64276c79f81ff99f5cb73123cb87	crates/geo/src/geojson.rs
0c4a7da62a173e7999bac904d685f7dda132fbb3	crates/geo/src/geom.rs
a8e047d70eabca55fca487a9145c36e64d7cf5fc	crates/geo/src/geom/arbitrary.rs
d25e858bf87fa5dd4777b9db1eef1404ca0c0efb	crates/geo/src/geom/tree.rs
61b60022ea1fa4d71619e16249004c1123b7c3cd	crates/geo/src/json.rs
e8d98cc0274ebafd4bdda115d1196bed9e744730	crates/geo/src/lib.rs
da014bc05240826100a65f5ba409675630425f6e	crates/geo/src/measure.rs
3c9c606fb1c6bbe91ab5937687f2e467db25388b	crates/geo/src/relation.rs
e6ed1631bc7a093ecfb27b5ff644777d3daf9987	crates/geo/src/relations.rs
cb5263ee1324c4767e943988964c47d19b221ff1	crates/geo/src/topology/locate.rs
489dcb60f45b78f9519b89b47e2599c049b5edd9	crates/geo/src/topology/mod.rs
5efb20adc5e8c828fbf4771cdee952144fe3b2d1	crates/geo/src/topology/relate.rs
a36ecad5a39770b6e28516a3328aef591a590046	crates/geo/src/topology/segment.rs
b983e37e3b498058276d85704efb3649f7a16b90	crates/geo/src/vocab.rs
de7152a220e1ce8b8df88600dba70eafce37d96b	crates/geo/src/wkt.rs
d342c93ca6839f28a246ae0f49bc61e462576e8a	crates/gts/src/codec.rs
78b3695ba4226c1d98b5e3543276b0af55285ec7	crates/gts/src/compact.rs
fca3e9a3847f38a0f48a97198f50d26053c13b99	crates/gts/src/cose.rs
b71b067d83a4bb075c18b48e21f8410c753c1175	crates/gts/src/cose/borrowed.rs
89e55b5dbfe15bc00d3f44bf702da794fc7c1ee5	crates/gts/src/cose/composite.rs
a4334b9bc2f6614271a25c56c194b575907dd128	crates/gts/src/cose/sign1.rs
351deb207a732eab07c745eb07f1e723dc2500c4	crates/gts/src/cose/tests.rs
b8fb88b9cafaf9958ce8efb1f447137b7bbb7773	crates/gts/src/dict.rs
b1bae12d78ea59d50038419d52e458b3e2f0d277	crates/gts/src/event_stream.rs
861e98389fadf293c625a0a7f7e57d4c63eddcef	crates/gts/src/examples/agent_memory.rs
b5ab4590ecb60b1972d4acff03625715f86e0d2b	crates/gts/src/examples/mod.rs
615c9db60311451942feddd3037947511849cfbc	crates/gts/src/files.rs
ea25125a8dd415bfe84c3b9fe54f809673fe7194	crates/gts/src/fixture.rs
12b48e7523f548e375bc6f3764a731a4910c0717	crates/gts/src/from_tar.rs
b0e9f3fd5574e468ab6d75521be274228bc3f193	crates/gts/src/lib.rs
62e82357c9b224be0683842845d1089da6045c5f	crates/gts/src/mldsa65/codec.rs
275601d87a500a601972e33cb2f340004c082d07	crates/gts/src/mldsa65/math.rs
4e2878bf210064807a16aeb89ecb22fc9123c355	crates/gts/src/mldsa65/mod.rs
ac720cc9818a0b11a235dcb15f0ffecce55098ac	crates/gts/src/mldsa65/sampling.rs
940bf787523f0bf6fef72deb2a6c0d0c43041e0f	crates/gts/src/mmr.rs
65f3694d859485ea920ee65033fd0c4c0eaf61c1	crates/gts/src/model.rs
ad3cb9df5672a861a9ac2bbc87e8a4af783dfa51	crates/gts/src/nested.rs
2b1bc74ed32e32839d7ab8155b4bd9d4d0a39f7b	crates/gts/src/openpgp.rs
0f5c1dcc08d84f9f7af06c6b34e6d5c140f26eb3	crates/gts/src/policy.rs
30b00f8dc21dd3586d5a7456ec4aa422d6985437	crates/gts/src/reader.rs
195a98e452de31e7aa7864f4d0a1253bff0c161a	crates/gts/src/reader_index.rs
e234b87060faadfb7f1e4dc79fd54e23679991e4	crates/gts/src/reader_layout.rs
f75a6245f8ecdaa9b187ec3d71b0f5abc5743fb5	crates/gts/src/reader_rows.rs
acfe32ed205ca0617ff0464525d07de6118c132b	crates/gts/src/reader_union.rs
81c11c2f4ea58101705b3f45e8f61d4d05a175a6	crates/gts/src/replication.rs
be028f32f82a366845fb2842f6fef6935b3878c5	crates/gts/src/rfc3339.rs
9e21e9ef2d282a11562f4190155bcc1fdacb964e	crates/gts/src/segment_decode.rs
c489016b5d61422b42c7d16869face68d4f156ee	crates/gts/src/stream.rs
723889e27a04530bec191cb35ad374fce23984c1	crates/gts/src/tar.rs
4a93e9617193a18327bd46e5366d387e617e71e3	crates/gts/src/transport.rs
1491935f8188949919188d19cc1629f3d469c83c	crates/gts/src/ulid.rs
94600efc665b2e100dc1817ef631ba7bf0e1260c	crates/gts/src/verify.rs
de867899e8a6df3cb58935e2582dab4fd8431579	crates/gts/src/wire.rs
eb507390087a6433668971e8c81a369b284ab846	crates/gts/src/writer.rs
614ca16e6ed8652bbd70b84b26193a3f5a06d01f	crates/hash-conformance/src/lib.rs
2fc787d53467e6a67f6c0d5d937909e62ca81117	crates/hash/src/arch/aarch64.rs
3eb300a5eb0fc36849a614047a13590b0c5065a8	crates/hash/src/arch/blake3_avx2.rs
4bd9044bdb84377e5765fe20ae9df380e9744039	crates/hash/src/arch/blake3_lanes.rs
97b808baaf9d84b4e8d3293238b0f607a4cb6660	crates/hash/src/arch/blake3_neon.rs
4c982ef7d4d28b4bd20e9946ce38ce15dc370fc3	crates/hash/src/arch/blake3_parents2.rs
6a2d591a0fdc8be754c3f2fc150976f74e21f754	crates/hash/src/arch/blake3_rows.rs
a3e7778d004c1127e4db931a6c096377de510087	crates/hash/src/arch/blake3_sse2.rs
3095fbd826c01b2b0f2223ae5cfe2ffb7f9c7aba	crates/hash/src/arch/blake3_wasm.rs
8422019a4dbd314a91d058bc5fcfbc430405d19e	crates/hash/src/arch/blake3_x86.rs
6bc7cc61a943b8b30be1f11d5856842cf76b4f6e	crates/hash/src/arch/mod.rs
bb8e9d049c5e82bc252ba95c5d890d4c2ca4e871	crates/hash/src/arch/wasm32.rs
e7e97e0e7cf5a05d554ac55312845c0b6a470613	crates/hash/src/arch/x86_64.rs
5224498262379483d120d2843db2dd8fae363a71	crates/hash/src/backend.rs
5349064f15d205921551604fe040657846d48d72	crates/hash/src/blake3.rs
fa6bc7fcce479a46d5e6c0f6f215b42aa3587e92	crates/hash/src/block.rs
0c305f6614e1c233055ca2baf1f0318dc763ce7d	crates/hash/src/crc32.rs
22ddf153ef124d8896659dca58734ec0b2bd9f39	crates/hash/src/digest.rs
d3bc93a92d117e26e9abe5d5497a040254ea8048	crates/hash/src/dispatch.rs
1ba0d0b5047b0f8083976a62844faf8f9f406d2a	crates/hash/src/domain.rs
2be95409ffab3540b9a3a16969fa042d9dc88d5c	crates/hash/src/fixed.rs
a9df7ce20dbbcf0b16bcee41d0b4c3e667c363d1	crates/hash/src/fixed/aes.rs
87002fa2f4c418f66bde49660300e454069ef76d	crates/hash/src/fixed/fold.rs
3b614fbe857b6fdde759a8aeb9a95e765e62a1a9	crates/hash/src/fixed/keys.rs
44c160e8496ace1aa9c12e1b99142ca52b4c6085	crates/hash/src/fixed/portable.rs
313872121e6a44b18ca4e613e945d120a424e0a0	crates/hash/src/fnv.rs
84e712ad76aaae0a173086508cbec5ded8f18f8b	crates/hash/src/frame.rs
4b708d58693efc6034db143f3ebf26ce2eda2303	crates/hash/src/hex.rs
b61640b4a91ce38e186e5928373d2868ae04c16a	crates/hash/src/impls.rs
64ce7ab992ce0dde303724db7c0f7b44485fd23b	crates/hash/src/lib.rs
fb24d2680be37424ab66ad611ae727b2b2ca8051	crates/hash/src/md5.rs
16d126c98376dcbebf1f79fcaaccc9cb70eac184	crates/hash/src/mix.rs
7a6f7c7189a783e8bce10c1676b2c5c636675896	crates/hash/src/secret.rs
70c910e2d01ecf3538330ce73ffffe6478cae241	crates/hash/src/sha1.rs
a579b5037518f9a70d35e3d04c2c048ebf970e7f	crates/hash/src/sha3.rs
35c591e7b5daa24ad91555e4b2697684a02c46df	crates/helper-census/src/census.rs
507dd4f04006d8465645e14c4c517e1d74d87f3c	crates/helper-census/src/layout.rs
e066b25d2a67f268b5fa744cc93ed7c60fff47e0	crates/helper-census/src/ledger.rs
752d440665ae2c1695f7126ade75465d9dc06994	crates/helper-census/src/main.rs
8bd2a72267d1e4d82ec8e328d93e6d8f05fe9e33	crates/helper-census/src/non_rust.rs
f68c3eb32c54f16dde1ba698cf2363d01b2cd77a	crates/helper-census/src/normalize.rs
1ea1f74089f653de0471d4fd9250924180ae2791	crates/helper-census/src/policy.rs
e11100870db2e484e542f516281e2795249c1429	crates/helper-census/src/rules.rs
bb21acd226fb1ff9424e5e424c2d47956dcafe4a	crates/helper-census/src/source.rs
555a42af17f031a90852e351f7e205d841509d8b	crates/helper-census/src/structure.rs
f6c30c018e2aa2deb849fc529b22308e3d8ffc64	crates/helper-census/src/toml.rs
d90d5a478fcc760f7c32bfbfb2ea6049642c8998	crates/hnsw/src/builder.rs
9e1ee5727702c2fb2c218aca39e92aa70f7adb99	crates/hnsw/src/determinism.rs
d713d87fcd8326b7aaa7b806c77472a96c4c8d71	crates/hnsw/src/error.rs
7d22c2edda44a80060aacd25177a8c6287947207	crates/hnsw/src/fixture.rs
b56a2ffdcdaae22aa21e1c9d0ba4e82170b79768	crates/hnsw/src/graph.rs
31c1f436938839586433bd5b15747d0961bc4b79	crates/hnsw/src/guard.rs
62b110be2bda92121c1ba006bf7c6f16975c5fbd	crates/hnsw/src/level.rs
0d7251477fb7504cff6323daf674dafd7add57c4	crates/hnsw/src/lib.rs
66859b377787099d1cd2f06c11f484d5b2bc849b	crates/hnsw/src/params.rs
ac604c6e7ac4ef0e9587ac875c6be6486c2cf2db	crates/hnsw/src/profile.rs
247930336d2b0d4ec2b38b805b12ac27ce802be4	crates/hnsw/src/relation.rs
6a1bd927319787b90be928bd5cb7b7394d5bd49e	crates/hnsw/src/search.rs
2bc50ca5af607b2da83ff016dede0b7e721f6fee	crates/hnsw/src/select.rs
7829f30161d4b360fc3d12ec20998843f68958a5	crates/iri/src/base.rs
7d0f56aec90e5ac8726242e63a5d5155d0cffe20	crates/iri/src/curie.rs
265eb3639ff795f67318fa24cdd8264411390ba6	crates/iri/src/error.rs
1ea74d77c587b4a8b5a9e86e50bb7a0d06dd825c	crates/iri/src/host.rs
459a9d8283a4bf55feb95e469e1913651b391db3	crates/iri/src/idna.rs
dbf76efd4afb276c234ba70d73844988edc9893c	crates/iri/src/idna_tables.rs
ed168dbb8a971e794da32c9929371803e14262b7	crates/iri/src/langtag.rs
c6bb848754f6a22fe850bff5761cff93e02f2608	crates/iri/src/lib.rs
5b9eff235c67688beaececce947beea326ed1358	crates/iri/src/normalize.rs
1b12ffe769606e4329dd7683e92ba13aadfdfaf6	crates/iri/src/parse.rs
637b96d08b777e3df396ac761e4ff75e47f6ddb3	crates/iri/src/pos.rs
129fd7e93f625726139f5603d335e92aa3509d13	crates/iri/src/resolve.rs
e877132468c906c8da5bfd1ee5b1d76f76146d8a	crates/iri/src/vocab.rs
279d09ba6cd8e9106ce9b9c5c2c315ae38e52406	crates/json/src/decode.rs
2c49b998e1a1cf183e04079766442ec0db1ac2bc	crates/json/src/error.rs
dbf6d97ad0c8da47b233164d86f70faeaf981add	crates/json/src/lib.rs
b8051eb9f4987f3cbffa4aff7451ab27a4e83193	crates/json/src/model.rs
f4bcc71d0a95ad105e3db4098eef57eaf6e31a58	crates/json/src/parse.rs
25a442e7fb3e6099591d4f8642fd123ace179a83	crates/json/src/profile.rs
3a6c7862cec03c14c8f5f41377e4f33b73f9fa5b	crates/json/src/project.rs
2031800a55b25ab61547bec457ded904279164c5	crates/jsonschema/src/compile.rs
c714c1b8824413b3189f086874f6b77417202c06	crates/jsonschema/src/content.rs
35439435d7038a570f218f7b9acc95ec050ef4b3	crates/jsonschema/src/dialect.rs
750bac9949cc26bb5a72f3313cff05d52a3fb00f	crates/jsonschema/src/ecma/emit.rs
9b492f6dc4800972a5df4f52be6257d1a72f845a	crates/jsonschema/src/ecma/mod.rs
b9d6e2bfaec625a5f6a2a0cfa7ff50243494571c	crates/jsonschema/src/ecma/property.rs
70d1434eaa737cc6190151efe4012911ec977bbf	crates/jsonschema/src/ecma/property_tables.rs
39d985053a7c1e35442daf1ddccdc79bc8dcb2de	crates/jsonschema/src/ecma/tests.rs
b0d2f94317c164ead5adf1b002ef90e7d9c25189	crates/jsonschema/src/ecma/unicode_ranges.rs
c07d117c89c7ad4c5b17232830c122c840bcf5f7	crates/jsonschema/src/ecma/vm.rs
83dfe7918fdc6653512ddcbfac0a1d5dc5548386	crates/jsonschema/src/error.rs
6aff74fc2a1905afd56a0bb9634b51259700f4a8	crates/jsonschema/src/format.rs
564a6365c76c8b1e3a2e6214a23beea70c348b54	crates/jsonschema/src/lib.rs
bcd2257c61e207a69ff64d9a9f13b858a95070db	crates/jsonschema/src/meta_set.rs
62a1600a21366a4fc22a6f8351baeb0f4889588a	crates/jsonschema/src/number.rs
d08f0fe1a68cf07afefcce8ef30d350733d9d01b	crates/jsonschema/src/output.rs
522a1e78cc308a65cf7db349f0f9d032741fcac8	crates/jsonschema/src/pointer.rs
948186cd0bd8b9ca3b041735ebf228405b836df4	crates/jsonschema/src/registry.rs
24f268b3beb8335f237576a51525ddd3c3ec6d1f	crates/jsonschema/src/schema.rs
42b2f25e2b6787347a2674a795d64348e9bcf2ea	crates/jsonschema/src/unique_items.rs
fe8d1b46dc68af73304df1212b83461cd38a2d2f	crates/jsonschema/src/validate.rs
b5c4711ba7a023ffb65f891cfadd46c9b1c655b8	crates/jsonschema/tests/preserve_order_consumer/src/lib.rs
96ef3811bb838a5d40560460be27c9c7e4b30ab8	crates/lex/src/assoc.rs
f0c75ca71293c7417aef1e1db51e4cfaff880740	crates/lex/src/cbor.rs
79c9e4965f64b12bd428ed5c905f18314697a946	crates/lex/src/cbor/decode.rs
80c1d8fe30d162f17f56e3dc3ff4e26619f943fd	crates/lex/src/cbor/encode.rs
9462c24881a31c7f00d9cf9d36dc0ae898ffaee8	crates/lex/src/cbor/head.rs
1240742ce2f4fefe743e62c1c14c8dae624884aa	crates/lex/src/cbor/tests.rs
6a429d7b0abed948f67b03d3e41dad49a4166371	crates/lex/src/cbor/value.rs
240ed07acb2c4787533d9847e9eeea0e6d4f4ce9	crates/lex/src/constructors.rs
fa3a48879bf13fb645866069f6dc41792186366f	crates/lex/src/crockford.rs
e1c47b7fad52723036b73d0f81c155fe8c8a308f	crates/lex/src/diagnostic.rs
29e4b1310c1e07ce33e43db35f24142d839c8308	crates/lex/src/html.rs
fda89769e231f358b92054b2ba1bfdbfbf0f4a75	crates/lex/src/html/entities.rs
ff56635ffc6e602728bbb43fa6b356fce770f594	crates/lex/src/iri_escape.rs
665c515ef75049ecf93d9411587e47bdd64fb0a9	crates/lex/src/json.rs
dc0a429aba38e8b8bcd332b7baa0bfccd02d6d0d	crates/lex/src/json/error.rs
afd354a91c87d893c3bafa221d5366bfab2fa3ae	crates/lex/src/json/number.rs
bacb94875476b1396681f0777cc5182028bbcf8a	crates/lex/src/json/read.rs
5c2a8bad31e62ffd05098a3b0e9fa3fe28d1a640	crates/lex/src/json/record.rs
1b0a756acc88e715d367c9347bef81457a2778ab	crates/lex/src/json/record/tests.rs
cbde200503a5b2738c330defe0cf060a8356bfbb	crates/lex/src/json/tests.rs
125d6b89994f99844cf9fc50944837312a0bea9a	crates/lex/src/json/value.rs
ff6a1cca2922e1256eba8f83395cc7826d761e8b	crates/lex/src/json/write.rs
a0e71636e8769b507bd66873633305e38e0d3a97	crates/lex/src/json_escape.rs
44021463c9756fd247d7fcc89e7752dafa7a823e	crates/lex/src/json_pointer.rs
c983f2c4a5d15df62bceebed765b86fed9d8abcf	crates/lex/src/lib.rs
ea13572d5ef9ca5d9b38040e0595d618409d7dc8	crates/lex/src/literal_escape.rs
31db53a03bc991f03e987c48b9c167e02c02f9d0	crates/lex/src/message_error.rs
96c7e19d8b5c2b3aab542f9c15c44ad9f6c6a95f	crates/lex/src/percent.rs
06018e2f4bdeea5911d04b7c3f488e368a80c573	crates/lex/src/scan.rs
1bdd2b4b02eb124b69880f5ee1ae732d1637c427	crates/lex/src/term_syntax.rs
ab71dd8c85ec2a238626ef59fbd60f238fa536f7	crates/lex/src/terminals.rs
884b78040457deb6d79f4e5eb9a5a5658396ded8	crates/lex/src/text_out.rs
bfea820bcb080211cf2c859bc2225521a0bb96ec	crates/lex/src/unicode.rs
e8a3578cb95a1601a2214be1ab753c5eb7b81bea	crates/lex/src/unicode/aligned.rs
dda43214e45d9d4f78ee9d81179a1c893346238d	crates/lex/src/unicode_tables.rs
65079c6a3ac959c659277b7bd650ecd5c645e44a	crates/lex/src/walk.rs
f329113f44f2395e85f653feb02fca25c0fdc27d	crates/lex/src/walk/scalar.rs
555986db45cb7c2d316c3d1b0969c314c436337c	crates/lex/src/xml.rs
141af91ef261b332c31a136f9b207d4a08a6aaa3	crates/lex/src/xml/decode.rs
2e998aa713296f187aeaf5e8fd3ceae6ac8a25e2	crates/lex/src/xml/dom.rs
3b5a396a827829916a9e4329d572861692d523c0	crates/lex/src/xml/error.rs
b04c44bd78211f393c82f18ed894861e200bfa03	crates/lex/src/xml/reader.rs
8a58443bba43aede8300209c197347b5574a13da	crates/lex/src/xml/reader/dtd.rs
f556ec6b037b3cc4caaacfb5f4b816c4e5d3317e	crates/lex/src/xml/tests.rs
2d62e5ba34bd7ce83240eedfceb845db2b817a7e	crates/lex/src/yaml.rs
0ac49dd3e934283745a3c183e436520103de69a9	crates/lex/src/yaml/read.rs
096d0e4fd3cc9d8a36ad823d81628692d268cb62	crates/lex/src/yaml/resolve.rs
71561a4bb8ff42d74e2ea28311ec51c6728a4d92	crates/lex/src/yaml/tests.rs
9aa6c96388afcdb7d71afb57611a6445dad1a60f	crates/lex/src/yaml/write.rs
27fb2b4fd976e2b5487f3b5c508aed617e2ab43f	crates/markdown/src/claims.rs
531c006da91c1419f76b444d986ac0fe8ec50668	crates/markdown/src/decode.rs
2a22c612c48da159465e6ecd47130f5af21cee49	crates/markdown/src/dialect/markdown.rs
b4f19cc8621eabfb48bd1a72c620b57ed04cdc8a	crates/markdown/src/dialect/mod.rs
e7a28f9c8ee8bdbb14b7cb4eb309a304a65bc3e7	crates/markdown/src/error.rs
87d27b7a20a6d3355fa151f0d4475f2b4d40560e	crates/markdown/src/identity.rs
6a73aa8d1b8dfcea5aeb18af8c139fffe8c389b4	crates/markdown/src/lib.rs
420599c4570a6fff11fa70d4313d4871cc512259	crates/markdown/src/model.rs
9ba2a98e6ac55b6c6f5e069535745aef0b0a0439	crates/markdown/src/profile.rs
d45a5d06a3c069b99586750c87dab26e82cf3bbb	crates/markdown/src/split.rs
6bb6c1a759c3134a224eca3fed4d46fe4ebc5ea7	crates/purrdf/src/lib.rs
2cc4b61f0a6d6fa71f888373836d007e365dd9a2	crates/purrdf/src/profile.rs
30e138552812652fc2683546b2fa7f8571ab8979	crates/purrdf/src/reasoning.rs
b82826bdbdd2c34622ca53747e9011919d8b78bf	crates/rdf-capi/licenses/dependencies/regex-syntax-0.8.11/src/unicode_tables/LICENSE-UNICODE
a6aaadafac9a3a0ca07474c9bec7f2e06cd37db4	crates/rdf-capi/src/buffer.rs
55179ae4b7d88ebe99514e0d734d73c66f579813	crates/rdf-capi/src/cursor.rs
6c8f26e62ba040b0820969a5f2fa186c523fb61c	crates/rdf-capi/src/entail.rs
e85a90935be4ddba596a8189534a0ea3073b9766	crates/rdf-capi/src/error.rs
b85496eed8bf7652daf53e31b1cca1612cf9002a	crates/rdf-capi/src/governor.rs
c2a5a3d04e8793073aae15dedecbbc99c4eb96a1	crates/rdf-capi/src/graph.rs
84e36c970695c33eed9a3fe5a732ec9ae2312c6f	crates/rdf-capi/src/gts.rs
b44dc9c0c3d863a2816313e7c7d1982ef1dfd7a2	crates/rdf-capi/src/handles.rs
5c70e7385d86d9be782d791a30d91d302d88ec68	crates/rdf-capi/src/lib.rs
bf9f57357d23d320859ea96d1df32af58a742252	crates/rdf-capi/src/parse.rs
719ca301c45ebc2cfa691012709f6522b50e700c	crates/rdf-capi/src/projection.rs
444ccf91b689c22a5d41abec5acec49725d0b06c	crates/rdf-capi/src/query.rs
27142ab5b2435fc9b0a35c17198821191feea785	crates/rdf-capi/src/query/division_tests.rs
600807d1c6534e88c08aba89c2d1bdc0624da236	crates/rdf-capi/src/rowcursor.rs
cb4a1c501a4ecd75a400f4563d8f73cb16f1eab1	crates/rdf-capi/src/serialize.rs
47db417e103d2a1ef840f0135a69e27401d14c5f	crates/rdf-capi/src/shacl.rs
0e7b148f8cc5117e642f6e96cc7e2e0666bc77ca	crates/rdf-capi/src/status.rs
96268dbf93595d9fe0c6f7f1babb3b5338200399	crates/rdf-capi/src/term.rs
6661257334c2802dacaa481a0180b732775aac18	crates/rdf-capi/src/version.rs
30378018b092745a97a5b3b2b087c50f459c000a	crates/rdf-capi/src/xsd.rs
b5fa5d3e89bd68d9c1bdbdb4777af8b06eb439fc	crates/rdf-core/src/artifact/container.rs
d84e30b9002820ae87cb7bcc607bbf9bb512965d	crates/rdf-core/src/artifact/identity.rs
21e716b2c2e9c8f15617481710a5daee44e9867c	crates/rdf-core/src/artifact/mod.rs
23ddf2bafaa48713ca0d30f1a2ac3b8fe7b968be	crates/rdf-core/src/backend.rs
d44672aab88b7debcf51f4a72adbf8721189bfb9	crates/rdf-core/src/binding_pattern.rs
f62817bd08581ecb7700b0fcdac4ece9770d64b5	crates/rdf-core/src/blank_label.rs
c701b7a74f04d27bd926b86d2ff006baa72c8a04	crates/rdf-core/src/bundle.rs
672c04dd4a2a8b7421c21dc8334248a495362807	crates/rdf-core/src/bytes.rs
7d23356f216b196515ce64cb97d34ea329afc214	crates/rdf-core/src/cdt_blank.rs
a6cb7ab5357be7e84a12c47196614930d0c1e63d	crates/rdf-core/src/cdt_blank/tests.rs
217587fbdd446546113277df0dd3a5c57812f85e	crates/rdf-core/src/collections.rs
b4185447fa2e2d3c7da21d9e322496bd6c7e3b80	crates/rdf-core/src/content_id.rs
16cf7a8d2bb101c8b27e997f6bc77e7c45d149c8	crates/rdf-core/src/content_store.rs
85b9202dc235213df741ca86b2304a63db82d83d	crates/rdf-core/src/cover.rs
9e62872ee6b63e1b79f2456872d41d04c1ef2d50	crates/rdf-core/src/csv/arch.rs
a17b495e25caece7142ae3c8b8eb6e883b0f02ae	crates/rdf-core/src/csv/backend.rs
85acb6c2ca53b587e4625d0290c56fee16d3d234	crates/rdf-core/src/csv/error.rs
c2f34623670daacbad147405268cc92957bb354e	crates/rdf-core/src/csv/mod.rs
023f54f5c8198dff9ca4160dacfb5af9a79d97c7	crates/rdf-core/src/csv/read.rs
576a4ba35ca1347e58cf338c4bb7e16c48370e3a	crates/rdf-core/src/csv/scan.rs
d5cb5bc1fedcc51553f2fe5d9ea1bbf568c873af	crates/rdf-core/src/csv/tests.rs
3eb1f2e0c3e4d4ce094c367b36a2e3827959cfa7	crates/rdf-core/src/csv/write.rs
68d33df9b23de736a4c1d5ac84b262368273f9c5	crates/rdf-core/src/dataset_view.rs
6de47cba8ecdaf911451ace008a3422e56ee59c7	crates/rdf-core/src/describe.rs
03c34aa6bb4151853343ed026bd0c47261136a75	crates/rdf-core/src/diagnostic.rs
bf32bad607f42d345b88f25c6a80e1d0681e244f	crates/rdf-core/src/distance/binary64.rs
5c7604de35a53d0c6783cee7c4afdfcec440b51d	crates/rdf-core/src/distance/binary64_tests.rs
371fc803fb095c2745d76a295b0d087f7e535393	crates/rdf-core/src/distance/build_identity.rs
a437c441be59fb8d9371444285a1f834af53d66b	crates/rdf-core/src/distance/control.rs
78508dda9854d5059787f9ba3c3acad5b537aab7	crates/rdf-core/src/distance/dispatch.rs
89edc9dda9490c5a180cfa65ff4ae9f5a846ebfd	crates/rdf-core/src/distance/env.rs
0533babde10795bb3f52fed2c323bcc90f43dfaf	crates/rdf-core/src/distance/exact.rs
41632c60dbb2dd8d8f33022d176a17ed843b7e53	crates/rdf-core/src/distance/mod.rs
ea77f1c4e0279a729703f78d553b297e4bfc21bc	crates/rdf-core/src/distance/reassociated.rs
917bbef78498067c7f24d14c30bfa065ec3b0015	crates/rdf-core/src/distance/reassociated_tests.rs
5eaaa3cca83e733d21a95c5f4c71d830e0da5da9	crates/rdf-core/src/distance/shape.rs
a32a84e3ed579be9ae84c23e278d6b0f7291a003	crates/rdf-core/src/distance/tests.rs
144070143b54b32e86f96ec2b57d4d335827745e	crates/rdf-core/src/fno.rs
06132a607da2eeebb774439cbe3a9ab0ad60d6a6	crates/rdf-core/src/governor.rs
24030032d241b73f752db296cc0c1d8cc60cdd36	crates/rdf-core/src/graph.rs
28d4d7982f1ed0bc652ef8f36c0276dae964ae9b	crates/rdf-core/src/graph_roles.rs
ffc633477da7f59e3c80fabb6f4a7ece5ca21e92	crates/rdf-core/src/hash.rs
d7e548a05a67752a3ec6be5d89f53fbe6be9e2aa	crates/rdf-core/src/imports.rs
324ce7dd44e037f960e84d2aac5caa72620d7c8f	crates/rdf-core/src/ir/README.md
ed6f0ad8f9b9435f957b999b6e47e907928c7367	crates/rdf-core/src/ir/absolute.rs
50164b94d7a7cd30dd3d7f4f01ad68a832de28dd	crates/rdf-core/src/ir/builder.rs
a1b8e91c2231204ed34226744afb9dba47a65871	crates/rdf-core/src/ir/bundle.rs
d4fe00c0a1b4be9b19e98661fc5425595ef0c08f	crates/rdf-core/src/ir/canon.rs
5a85797816b4b3b3004c32ef26ca7d2a14d2ad02	crates/rdf-core/src/ir/canon/state.rs
9c2fa5afac7823a5c1ebaa5fb01305df6d4cf801	crates/rdf-core/src/ir/canon/state/tests.rs
e8cee621521ee4064006607f983ae6ffc6838566	crates/rdf-core/src/ir/compare.rs
9f54227cba83e7899957efdcfa0e692e78291cce	crates/rdf-core/src/ir/composite.rs
ee6c46fc81dd42d3a27365e36ac1ad7a0dec95c8	crates/rdf-core/src/ir/cursor.rs
025cae66b0a561d2871c5705479f53b3f78c5ae4	crates/rdf-core/src/ir/dataset.rs
7de4a63e3edba3a1bed65812ed97e193815ba12b	crates/rdf-core/src/ir/embedding/contract.rs
7175182e6c0eaac178b11b5447a2f254d25be416	crates/rdf-core/src/ir/embedding/error.rs
865cf7f5c53da6f6f8e4c325b3d3134af792761c	crates/rdf-core/src/ir/embedding/identity.rs
db689f1fa323c98c8d014a43099e4bbe2cad0792	crates/rdf-core/src/ir/embedding/metadata.rs
cdfe9a2b579b223fcb1bae87a4cb8beace510dc5	crates/rdf-core/src/ir/embedding/mod.rs
efc555661b7d2b6724dc09614bd3dc326ec6cc67	crates/rdf-core/src/ir/embedding/target.rs
80e70094312dd81337d3a797b0d9790a9f2f79e4	crates/rdf-core/src/ir/embedding/verify.rs
2eef96e650c2740d736b1de1d00b22b14a7853ef	crates/rdf-core/src/ir/embedding/view.rs
b075ae1b57df3b3e5084513f776e29b2a16e3a81	crates/rdf-core/src/ir/embedding/wire.rs
e699130f9812f6eab591d6b8e65a6cbfc72b25e8	crates/rdf-core/src/ir/embedding/writer.rs
5f1aa8cb610268fe51101694b108a57cca667805	crates/rdf-core/src/ir/event_sink.rs
827fbab0c114e40d0531a57a8cc6c5fa803e2a86	crates/rdf-core/src/ir/global.rs
2a297ab1896d4e64ea638613b8c5cf3da2bc1765	crates/rdf-core/src/ir/import.rs
fa7a3ca667b459c1f6baeb414b591391987ad2e2	crates/rdf-core/src/ir/ingest.rs
4d665cd744aa935c199de8678b9722479a8c2774	crates/rdf-core/src/ir/mod.rs
35965a9522d428da718655e9a9eac1a440b86a2d	crates/rdf-core/src/ir/mutable.rs
15c1880444e9cdc5a5b77b15416a126eb114140d	crates/rdf-core/src/ir/mutable/delta_view.rs
d9883567b17276b3f0de3fc3f79a4117d39c1a14	crates/rdf-core/src/ir/pack/bits.rs
21e3daa7d6f607f00d19526bb8707234fc06a78c	crates/rdf-core/src/ir/pack/certify.rs
dd390dddec428e9f8bda8ce6b1ee00074f377cc2	crates/rdf-core/src/ir/pack/container.rs
65865ef417e3af8330db55ac0383035c97ecd330	crates/rdf-core/src/ir/pack/dict.rs
bfbb7614cbddd7622a8819db55a7f59edbddb9e4	crates/rdf-core/src/ir/pack/mod.rs
ecb2b6f11abd3f9fd13af56e69196b1b9d15bbb4	crates/rdf-core/src/ir/pack/side.rs
1da664e8ca55c9798e6196f9926a6b2330155f01	crates/rdf-core/src/ir/pack/triples.rs
d122cf4d7f73a9f23ac746453102f0bd44ae9428	crates/rdf-core/src/ir/pack/view.rs
416c47ae93d0e9ada926591a818b7759f1a90bef	crates/rdf-core/src/ir/paged/admission.rs
80dd9ffcd8141894961aad3611841b35a60c0711	crates/rdf-core/src/ir/paged/graph_index.rs
1cd997acdba4f0074c810e368f0bb4c18e14adf0	crates/rdf-core/src/ir/paged/mod.rs
aac32916bccf65a2f8d11c742775572d5b9ff2dc	crates/rdf-core/src/ir/paged/provider.rs
dd69c773e5bbda2fe138cf72d197c58d8181ae52	crates/rdf-core/src/ir/paged/query.rs
814f47e5689995fe5e92b4b5510b7dea1f61b7d2	crates/rdf-core/src/ir/paged/stack.rs
46eff7da75fa9060437c556d77c726a4f4d79f4b	crates/rdf-core/src/ir/paged/summary.rs
3b6217938a421e4fda92f777a8c4d12967345caa	crates/rdf-core/src/ir/paged/translation.rs
4208dcee710fbfa0c5020bfe8fd087dbebae199d	crates/rdf-core/src/ir/pipeline_bundle.rs
d9bbdfcceed6467b2f3544e0edccdb7de6321f23	crates/rdf-core/src/ir/segmented/build.rs
c20ee3d8f4c3a7bbca45ea7ddc7048a1006e1446	crates/rdf-core/src/ir/segmented/format.rs
12a1408183d6979e141259af464f53296f91aa83	crates/rdf-core/src/ir/segmented/mod.rs
2dabc114a0f7484f0fe0b06b5fd7c8595fa0ef6a	crates/rdf-core/src/ir/segmented/session.rs
94db9f8fb34bafe66b59bb7eeecb1516a91af16f	crates/rdf-core/src/ir/skolem.rs
4a4147706191e5e2fbace8b99491d37c5c0368ae	crates/rdf-core/src/ir/term.rs
fa439f059d167295512dbd738efa18b2d1d03fd4	crates/rdf-core/src/ir/term_walk.rs
a71e19924b9bd44a07b042a038de54ccd394f2f9	crates/rdf-core/src/ir/validate.rs
fc6c0c571d83c77150b19b936c05b5c2a61d9bcb	crates/rdf-core/src/ir/view_accounting.rs
256a463f6ca60dd39952a9ede6f3e9b57bc212e3	crates/rdf-core/src/lib.rs
63039adef5e61a0fba9e7dec041208a64fc20b3d	crates/rdf-core/src/lookaside.rs
b1b5ab3deb01befc8c2565c2dbd513af8c2a6dad	crates/rdf-core/src/loss.rs
293d0c456824b158fc459f8557b646c5faf6ba3a	crates/rdf-core/src/model.rs
4863bdda9ecfad849a7b0522be34bcb06f1b87c0	crates/rdf-core/src/model/traits.rs
e25b3c0ec33194af997c54fb1b88c221f491a5ca	crates/rdf-core/src/named_graph.rs
a7b1f1b889f4152d951fc116a44b963a37b5de9a	crates/rdf-core/src/provenance.rs
7fc05da7755ff959ab5d418d14ece51dce7f7173	crates/rdf-core/src/purremb_fixture.rs
528113ea5f1edf39ad325a4a49627c53eda875d4	crates/rdf-core/src/sink.rs
ccf1075b2cf1067a68661dd57a8bafad643ce1de	crates/rdf-core/src/small.rs
69bddb51d3aedf9a8e414c6889ef295934f854f9	crates/rdf-core/src/small_tests.rs
6893c71cdcd80254c1b342996a790d4a93a0d559	crates/rdf-core/src/sssom.rs
e83654104d5f3bda579ae32fa5ad9f589caf1067	crates/rdf-core/src/store.rs
9f7335b89ee65a0b2e2ccd8d1afba879ab63ba16	crates/rdf-core/src/term_fixture.rs
be003a9fca6db499270206d8061b6c416e3a1fcd	crates/rdf-core/src/term_writer.rs
4420bc754061dd404a54b7705edf86092bc6dcfc	crates/rdf-core/src/turtle.rs
3a7a950e6f531ccfacd23280c6bd66793777dc88	crates/rdf-core/src/turtle_render.rs
35bf2f57706c72b2048d85edf29feaccefe0afb0	crates/rdf-core/src/view_fixture.rs
5bd2622406d0aa17dba3bb132dd0fe226f7b9e8b	crates/rdf-core/src/xml_escape.rs
a08700955fda3594bdc4f0578ab156c2751f8642	crates/rdf-core/src/xsd_regex/blocks.rs
aa1bb512907372e2ec7c4093d905c2c57b8d11b5	crates/rdf-core/src/xsd_regex/case_variants.rs
ba8ab67df8cdcb7d098d40dd5c50912178364c90	crates/rdf-core/src/xsd_regex/classes.rs
2cd5079e8bcf077cbf7a6e7736d3416286433216	crates/rdf-core/src/xsd_regex/ecma.rs
63e940d87aa45e18d8356dd97f8800299c88522b	crates/rdf-core/src/xsd_regex/ecma_emit.rs
22202107a03e7ba9e59f24b8877ed0d818324029	crates/rdf-core/src/xsd_regex/emit.rs
c66ec25b075e625b2e43e73db5697fe1ba06eed5	crates/rdf-core/src/xsd_regex/error.rs
84ac91a41993bd179e20c6a0fc471cfbd28470fd	crates/rdf-core/src/xsd_regex/mod.rs
68c463581ecca4cb0b646a679d49d1aae972ed8c	crates/rdf-core/src/xsd_regex/prefilter.rs
57e3ec1ba48ccdc4e6e821012513484e36a6a183	crates/rdf-core/src/xsd_regex/replace.rs
f643189e814c9eee85d3a2103acb1c8760e16f72	crates/rdf-core/src/xsd_regex/scan.rs
e7a5c2dc3e611e731027ec7d91d04783d3d99a95	crates/rdf-core/src/xsd_regex/xflag.rs
534caa00b9207a948c7d57f16dfc97b2231ad174	crates/rdf-events/src/lib.rs
b82826bdbdd2c34622ca53747e9011919d8b78bf	crates/rdf-wasm/js/licenses/dependencies/regex-syntax-0.8.11/src/unicode_tables/LICENSE-UNICODE
a893ae1ab6ebcde70b3c0d4bd988bee5087ecd5f	crates/rdf-wasm/js/src/purrdf_jspi.mjs
204c0bb27f8db63fdc9027854898dbb29e7c1227	crates/rdf-wasm/src/async_query.rs
294871d2ef28883758534632f62c50dcc7c828dd	crates/rdf-wasm/src/codec.rs
49ba270727f025d88632ac33307c7d1b3befdbd6	crates/rdf-wasm/src/convert.rs
32626b1f6ec615fb75c5884174105c716c1f60f8	crates/rdf-wasm/src/dataset.rs
56e8884fac8b512283c3ecdf5120a130c595628b	crates/rdf-wasm/src/entail.rs
6f6af754ba59f53ac26d7af6f75c5a776af2c6b0	crates/rdf-wasm/src/factory.rs
ffff964143718ac2b1e26feeb1fc4c1b7c96dd2d	crates/rdf-wasm/src/host.rs
025ada9b6f31a69f289407c499010f733db4e142	crates/rdf-wasm/src/interleaving.rs
d9753120fdd7943c80d22f89fffc89d56b8a122b	crates/rdf-wasm/src/jsonld.rs
13357a30092aec87d0f945c39323c526463ee93e	crates/rdf-wasm/src/lib.rs
e54eee65f7665d6a0d8ed9ed4ebceb6f5282780e	crates/rdf-wasm/src/operation.rs
2dd4744b9f1e2deba60d20da1858916fed408ce8	crates/rdf-wasm/src/panic_poison.rs
908db68b57baf4fae7aa63c8d3cc784e9eb3e42d	crates/rdf-wasm/src/projection.rs
550055890b637f86a17871891ab5cafee1a5fa52	crates/rdf-wasm/src/protocol.rs
7cd295209cd89ddffd49c61616b61c8ec112acb2	crates/rdf-wasm/src/query.rs
4370dfb323a236a794e237da0c6974a97ed45ddd	crates/rdf-wasm/src/shacl.rs
be7e9294ae22e276ed5f2d0fe50f0e3b3c13fc5e	crates/rdf-wasm/src/shadow_stack.rs
cbe317c56023d24ff654a6065b51140e79ad6883	crates/rdf-wasm/src/stream.rs
c133f0107c6c2e1e19fa7c3de69d2cb1d355359c	crates/rdf-wasm/src/term.rs
a243b8398c83b67dcb795519e5311abdc094bb7f	crates/rdf-wasm/src/xsd.rs
b4eee8ae3c4d8eade8d3de6d72f66417fb959eb6	crates/rdf/src/bin/capture_sparql_goldens.rs
1088bf8f516f6f0af96675b8c0f55379e72e3faf	crates/rdf/src/bin/gen_dict_vectors.rs
2a7ee990304026e7454955e18ec95596696bb3a8	crates/rdf/src/bin/gen_streamable_vectors.rs
fe8e56dac783bd6822daa07bb94909528a47f4ca	crates/rdf/src/capture_support.rs
e1446c44aa351f80d89b3671ecfcdce8bb97e64f	crates/rdf/src/dataset_io.rs
1a5c997848dfe69aca9c4282c2c66a8c044c3fd7	crates/rdf/src/direction_json.rs
b93c6ed778d7914938355f162cda99adebc8feb7	crates/rdf/src/gts.rs
a359029c26b15d76a42359b8f4ce07dd89527bc9	crates/rdf/src/gts_certify.rs
7fbcdbd70efe09d8368db4710808c6e6b7e4d0f5	crates/rdf/src/gts_compose.rs
4430103defb9a962bd00c0eeabba305ab7d6713f	crates/rdf/src/gts_core.rs
643175577dcfd0c540f7e6a165f37b844e434476	crates/rdf/src/gts_dict_vectors.rs
11fb29eb5abbca9251f9812f4e795d09e1bf82f5	crates/rdf/src/gts_fixtures.rs
9f02e36426bd1f7bc1d590c0be2b0d6d7ec7f618	crates/rdf/src/gts_import_blobs.rs
1d94ec34d9e55370ae3ce989ca5f957627a4c15a	crates/rdf/src/gts_import_graph.rs
f91dae44225c46b4199d145b0799c7630df550db	crates/rdf/src/gts_import_sink.rs
e17034c02330093597e0f70e9f0d8ccc3be0f586	crates/rdf/src/gts_resolve.rs
e5fffc32e9d47c42b68c15e9c196e481a2d7ebd9	crates/rdf/src/gts_verify.rs
6eeb40f6c974544f8c88bcaee5d0186930773654	crates/rdf/src/gts_view.rs
c4112cb83b34a60ff65ca98715590a7d0a106980	crates/rdf/src/gts_write.rs
2b8de6756c5b4de0b1cfa092c1372bb67b90f84d	crates/rdf/src/json_number.rs
6218b634bc28c64bd3cd4239966c693510faa89b	crates/rdf/src/lib.rs
a6394b5ff4455874b5d9dd6fc15cf223dd8d6480	crates/rdf/src/native_codecs/codec.rs
077bd6b32331739095ab614fd0c4f18730937f52	crates/rdf/src/native_codecs/hextuples.rs
e2a8093f2063c458899c315b196674d6ec9335ef	crates/rdf/src/native_codecs/jsonld.rs
206defd470f511a626691e891d0c7a7cc3bb59cc	crates/rdf/src/native_codecs/jsonld/carrier.rs
1cf1750f1a2944a67a13864dc9ab169bf815b97e	crates/rdf/src/native_codecs/jsonld/context/compiler.rs
d91afcfe92462f74431f91b964478a198166adee	crates/rdf/src/native_codecs/jsonld/context/mod.rs
a4bd0ae4af8a012b66fd127548b3c66577ab8aa6	crates/rdf/src/native_codecs/jsonld/context/options.rs
06a20edc93228f80487fff202d33366d00fbcd41	crates/rdf/src/native_codecs/jsonld/context/strict.rs
6a9ea7dc254373dc6aab5c853a9ac86d23241456	crates/rdf/src/native_codecs/jsonld/context/tests.rs
c18b251c62b64d1dcc8bb98191c5876c5c39c0e6	crates/rdf/src/native_codecs/jsonld/derived.rs
73ab8565d70c5d56080ae42998339e40d579d087	crates/rdf/src/native_codecs/jsonld/expand.rs
7b21620c85d87aae5d8b5e8ba70286f8d36f1a96	crates/rdf/src/native_codecs/media_type.rs
6e853dd18bb660fa333fdf0575990a4cdb2f455b	crates/rdf/src/native_codecs/mod.rs
44c087ce8d669c0c71e0cb96945ce1e9dbdc3f61	crates/rdf/src/native_codecs/okf/mod.rs
da82b23fdb2ad46cefacb85b87fe501d63e3b7a4	crates/rdf/src/native_codecs/okf/reader.rs
9f0adab15010b25faefde7b0f71cc1c41892ef5d	crates/rdf/src/native_codecs/okf/writer.rs
ec36b97e2ac5378ea27776a22804b5780d8c47e2	crates/rdf/src/native_codecs/parse.rs
acdac67fca31f96c7034040c526ce7a50c9012f8	crates/rdf/src/native_codecs/rdfxml.rs
fecf6253a0d71dbc8319d6d83aeaeef12683a539	crates/rdf/src/native_codecs/ser_model.rs
3b422f316d603f78baf50f7d2a6d83e1473ab522	crates/rdf/src/native_codecs/serialize.rs
39b4aaafaed256fb3521bd008f2f8d4a92c86e02	crates/rdf/src/native_codecs/source_format.rs
3fd8e7e47ce8933a1cfc9c90d310eb8435d0e530	crates/rdf/src/native_codecs/span.rs
3190cab36de49d06072c4e2436c454401760dcbd	crates/rdf/src/native_codecs/stream.rs
ab4b31768370c4d63cd7d7116e3e78a3a30736d5	crates/rdf/src/native_codecs/syntax.rs
85a6faf1a24e25faf8a440405050c7fc6d893c83	crates/rdf/src/native_codecs/text_parse.rs
1072520967b89edcf9c969e6b342865ed60205cf	crates/rdf/src/native_codecs/trix.rs
0c63f97faa346dd3f220f393416966a29827991b	crates/rdf/src/native_quads.rs
1e276cd750243ff7558a72de82b2d39ed15953c1	crates/rdf/src/nesting.rs
5ee521f6ad5cf6b1fe9886ef9c46d230334bd455	crates/rdf/src/projections/carrier.rs
d81c3b67fa50a6ea811b847aa03f28951283396b	crates/rdf/src/projections/csvw/config.rs
e7d5f0b02bdb09759eab293aa06c4fc2d3359ae8	crates/rdf/src/projections/csvw/engine.rs
5809fb1c64c3d89b5512d8af514a26aaf5b5c43c	crates/rdf/src/projections/csvw/exact.rs
7be66815601b253f0657a23de4fa7b74a2b4df9e	crates/rdf/src/projections/csvw/input.rs
3853e5b467bfdb438046585e9bb720b1b967906c	crates/rdf/src/projections/csvw/metadata.rs
063fd707387f8c3afbaca0177d0acc3ad042e421	crates/rdf/src/projections/csvw/mod.rs
b0285bc5e17b3f8f5f2738ea8e49b6204751f64d	crates/rdf/src/projections/csvw/model.rs
02e7f05bc0280a68ab08fd73758c96d054c3c09a	crates/rdf/src/projections/csvw/rdf.rs
901f5c1327da0b48f694f157e96610c30115e204	crates/rdf/src/projections/csvw/table.rs
0df5fe8293c5b48573966eda58562862f11c49ab	crates/rdf/src/projections/csvw/terms.rs
25ce3c7b3bc77ae29c540f926ae1bd4a847c2b3d	crates/rdf/src/projections/csvw/writer.rs
d50f377bb4e157e741b72a6a5e5920afc55461e0	crates/rdf/src/projections/dataset_description.rs
5381c3b449d548a795dfeb63550635586d20ef25	crates/rdf/src/projections/dcat_rdf.rs
ff81bbe7267a49b4c1b02e1099a6e6bcc950dce9	crates/rdf/src/projections/error.rs
28dfc8c95aa5e96f41d55d71e67b43ee83818000	crates/rdf/src/projections/json_codec.rs
67bb871d89c2885f281bb3d91a546f69ef02aa71	crates/rdf/src/projections/loss.rs
0d4436db4fe03f6a79a2590f05e98655d53e4b78	crates/rdf/src/projections/lpg/carrier_util.rs
927bd715c7b644756a503273f5e7a484337b0714	crates/rdf/src/projections/lpg/csv.rs
9d39f3defb6747a441287e8fcb62978077c5d520	crates/rdf/src/projections/lpg/cypher.rs
a7855eedf2e1ab192cae2f731b3c411cdc1dd0ae	crates/rdf/src/projections/lpg/graphml.rs
f20c3b11ab8188a35b3b3dea2c5bdd99ae3c3343	crates/rdf/src/projections/lpg/mapping.rs
02e8b0097f57d6678b179c128d89011ed31d008d	crates/rdf/src/projections/lpg/mod.rs
29f19bbaccc8c64036187f8913afb0ad2f96290c	crates/rdf/src/projections/lpg/model.rs
96cf1009d3e9f65c0577217e94dd65a5703acf82	crates/rdf/src/projections/lpg/stream.rs
6255a8c404dd3d6ba07b51499b4b3cbe3d1b2c58	crates/rdf/src/projections/mod.rs
9638a2d480a28e67a54ac21d804cef1dc665e25b	crates/rdf/src/projections/obo_graphs/config.rs
406d225a294ae3a327b28383e5191032ef956874	crates/rdf/src/projections/obo_graphs/mapping.rs
8d082f2e149fda5bb65fbc3f9da2a07837502ca3	crates/rdf/src/projections/obo_graphs/mod.rs
17a4305827d1b6f06c9a877d049d11a70297ed69	crates/rdf/src/projections/obo_graphs/model.rs
821755ff3d5b88646c46e540f2cef93bc4af53c2	crates/rdf/src/projections/okf/config.rs
5f3bdf1145ab3e1cdd8b44344ab4877ee23c4f35	crates/rdf/src/projections/okf/mapping.rs
30d3a59b46dd388b3c0a37c3bc5f6b531bdf92b0	crates/rdf/src/projections/okf/mod.rs
9f9de2a0934a8bf7f3e792a26843f40490919d30	crates/rdf/src/projections/package.rs
9bf5912da657afa34265369375976471d1b6e9a1	crates/rdf/src/projections/research_object/config.rs
afe3f51ec8a502bfe09d1632650303d5441e5d89	crates/rdf/src/projections/research_object/croissant.rs
2dffd8a439335e11bf557a140e806be59dc7b03e	crates/rdf/src/projections/research_object/datacite.rs
1797b4264bfd907c5a8e68407853f41b6bc8f2b5	crates/rdf/src/projections/research_object/dcat.rs
a25b712d008354dee920f7aab1fd68935ebf60a5	crates/rdf/src/projections/research_object/frictionless.rs
37190c697d4e8b3e1d7222de4006f5bc1169ef41	crates/rdf/src/projections/research_object/json.rs
52ef5d43bf95ed2f363fa007ab560bb885acf0ff	crates/rdf/src/projections/research_object/jsonld.rs
c82beacf61ba022b1adf00cdde72f239d44b76cc	crates/rdf/src/projections/research_object/mapping.rs
52a3e1a253ae7ecc4e08ab4638c827f1ddb7d53b	crates/rdf/src/projections/research_object/mod.rs
d2b3aa56b8d2d0e2203b2dd7e9d1620b8246f948	crates/rdf/src/projections/research_object/model.rs
7ef71a8ed5c3cfbd03f704bbf66fbe3ddbe465b8	crates/rdf/src/projections/research_object/ro_crate.rs
8e144388aa9ddca9167015dc930134ec2537aa7d	crates/rdf/src/projections/selection.rs
efbb0e051b289a108f00b5d3e7e2bf59763272db	crates/rdf/src/projections/sink.rs
470a3e6d1e32e336b317e95b7d465e11af7b4bc8	crates/rdf/src/projections/skos/config.rs
a102fd7cc5bfa1246502af42d65cd58fa2aa7600	crates/rdf/src/projections/skos/mapping.rs
30c82db27d862ea4969013fc15a276a2562c2f74	crates/rdf/src/projections/skos/mod.rs
8eb72506b6f8175fe07167e18363da69f8a65b7e	crates/rdf/src/projections/source_rows.rs
d83d8746124ffd873c112fcf6e643d6d96bf869f	crates/rdf/src/projections/term.rs
4385143391a26cc244c0e89ed32b4429b0ba011b	crates/rdf/src/projections/util.rs
2f7be889a5c6dfdabeee5ef1f74ecfb62884cf2b	crates/rdf/src/projections/void/config.rs
5cda963ec1673824d490608034d2968dffee608f	crates/rdf/src/projections/void/mapping.rs
6db5ec0da61de39220918afd58b6105e77eee781	crates/rdf/src/projections/void/mod.rs
8600b27a0aabd66ca02dd97367096a4b95f68d0a	crates/rdf/src/statements.rs
bf0240e0cf6b68406b15c43d2d4177a7e55bd116	crates/rdf/src/turtle_normalize.rs
db0d7d9092c5c222cdaa84bfb794a611dc5d6991	crates/rdf/src/ustar.rs
156817421bd5a548bfa3332347797ccbf7498b9f	crates/rdf/src/viz.rs
05eef876a625fe80e5d54ae733456913926cc46c	crates/rdf/src/viz/json.rs
a37766de168a404491625aaf9f254fee58a8943a	crates/rdf/src/viz/layout.rs
7afb775f412e227ea58fd585ff515a0d5a880556	crates/rdf/src/viz/scene.rs
1f6d0510cd5b9e2847194fe0e694ea59ee16a3e1	crates/rdf/src/viz/svg.rs
ec01e4be12efdaec6b94044717dc5a96d2710ff0	crates/retrieval/src/admission.rs
c35c41199c4780cc58be801504d094cf487beb05	crates/retrieval/src/canonical.rs
1d1e07e6e7bdd126f07bb082b7e727f47f3cba21	crates/retrieval/src/compile.rs
cca8e3305ee55885a8033b4df874ce1593f6a883	crates/retrieval/src/document.rs
aca2a0ad39af619515575325b440f14f6a0b74dd	crates/retrieval/src/embedding.rs
77140293bc402efd94a02b6e7765508edb89e97e	crates/retrieval/src/error.rs
11c35d22f9ab2ad863fa3dd9ace8fd7ad78c27c8	crates/retrieval/src/execute.rs
88cc6f1d03e81f3ecf4a4b8f22cf2ccbc64661c0	crates/retrieval/src/executor.rs
45f0e12b895a5a775b5f963718c644abf120ece4	crates/retrieval/src/fixed.rs
b1bd25cd5c4c0f56a64360a1140919bf975eb1c0	crates/retrieval/src/fixture.rs
0a21ac3cd1c3e111ce44cbdee2addaa4404e512c	crates/retrieval/src/fuse.rs
cec9d56490ec30b0fb080714bd7bb798415e03ef	crates/retrieval/src/fusion_profile.rs
a62111a127428d75f1f2444f78bb253111e9ffee	crates/retrieval/src/fusion_stream.rs
448f316349e879c77a77ea6a4cecfc3b99616c0e	crates/retrieval/src/id.rs
95f0622d0e03dc8e280f52a3e9c38b91d2cab26e	crates/retrieval/src/iri.rs
c9df0abc2ee2141035210a37fea8e08c026cb758	crates/retrieval/src/lib.rs
2ff2df7eed4de34e27b79f27dc357d095181ef73	crates/retrieval/src/matching.rs
7554fef140ded076cabd4e30f13791a3befe843f	crates/retrieval/src/plan.rs
8fb13f4c2dbb39f7b6aac3fc3b278dd6fe91d264	crates/retrieval/src/planner.rs
a4140fa8715a9a3fa6fa5960aa35b0a79e94a3ef	crates/retrieval/src/ranked_stream.rs
7d58579387eeb475c467c249a98436dbd9b664a8	crates/retrieval/src/reciprocal_rank.rs
47dc741d357cb80debbd0a29318f9b5273265a63	crates/retrieval/src/render.rs
ca45b48f0bbfd53ec3487a78c1401ef4098290ee	crates/retrieval/src/request.rs
7855849fdf61f13b083dd4d9bb607adf4f35f2a1	crates/retrieval/src/search.rs
4232aac7cdf98517dd66af537b86c165c4fa56a2	crates/retrieval/src/statistics.rs
be151dfce44e6ebdae0dee05cca381697b047e0b	crates/shapes/src/class_membership.rs
a4247b28761492687fdf451efb721f43eb25823d	crates/shapes/src/components.rs
b7bed93dc4fc0fc898bf8451f6c346244243fb2a	crates/shapes/src/components/parameters.rs
3a8cbc20e9d06fd9e6e0b76c9790fd81619bbc06	crates/shapes/src/constraints.rs
5515172ca300bcfcb6d836c0ac880563b9fa14a5	crates/shapes/src/data.rs
2db802503057aaa79da0fb7d388f35d86e0debb7	crates/shapes/src/data_view.rs
32f0fe1fa802a2cb6a6e0efa1c265383db5b7d93	crates/shapes/src/engine.rs
7679145526b61a8b9e77c562ee34d885691a3813	crates/shapes/src/error.rs
1048b0db7e78618800fd671d74ac8f92c81aa482	crates/shapes/src/expression.rs
31a02a6755754a547b6df5452e2ad0146f402807	crates/shapes/src/extension_usage.rs
fef467d3cfb989f8e033eb73358f1364d898b26e	crates/shapes/src/footprint.rs
a77ca64ebb99a85bbcef8f975e3237bfb488d9fa	crates/shapes/src/free_expression.rs
1e41105467b9255fae96bf68424db4559b6e97da	crates/shapes/src/function_resolution.rs
5d72ce20a2a6a2bd834aa33c35facb13be4a5c44	crates/shapes/src/graphql.rs
56fd6b54e78df399c80afcb1bae6d6f84223d073	crates/shapes/src/imports.rs
94ff22533fa47aed57fc0223f465aae4ead0ca7f	crates/shapes/src/instance.rs
a35d21d5014880d32491f4e473b0bf3889aa52db	crates/shapes/src/json_model.rs
905be502d0592fbdebae1f09f76a6eb05cce3672	crates/shapes/src/json_schema.rs
4adff95a84e35cf1509cd6cd627bd22ae6db8ac2	crates/shapes/src/json_schema/numeric_order.rs
f189a266ab4e8eebab3c5a40867be903a436c6b8	crates/shapes/src/json_schema/temporal_order.rs
afb3b8ca5d93c05f70ebf078e0af60e448698e73	crates/shapes/src/lib.rs
db23873ca50695895528d31e088ac17c54393bbf	crates/shapes/src/limits.rs
e7c2ff724b5c57ec47cf6bbd0cdc47ac17fc3e35	crates/shapes/src/linkml.rs
efd0466c5218b890ae5c319900d9ac1292797647	crates/shapes/src/linkml/importer.rs
1be2e0489689a4c30f2e5df08fffbae6237ccf2e	crates/shapes/src/linkml/projection.rs
21ec7374152c7af94a9ceb909ce98406ebcaa766	crates/shapes/src/lint.rs
4a7bc1977bf4a276232bb77ea503e663867052d5	crates/shapes/src/model.rs
fe796fcb290b8d81601ce9cc7cb1916766e43fc1	crates/shapes/src/owl_value_space.rs
50d4ca0436d8c8f165d181f565d5e62c4b5d7004	crates/shapes/src/parallel.rs
a616dcb907980e0fbcd7525166a84c02256baa94	crates/shapes/src/path.rs
ba491b98ba4160eb8f09607f5590ff2ef082c5fe	crates/shapes/src/plan.rs
03c0442f5599bff155ee8ea9072cffddc8638f23	crates/shapes/src/prebinding.rs
17099d749fa379e165ccfbbf7e0d325ccc7dc9a8	crates/shapes/src/product/ast.rs
a265ede1af6ab4903d1ab7d05b3dc37b586b0654	crates/shapes/src/product/ast/tests.rs
69a77db0ca29e9b5a47ed17258275bcd2f837b43	crates/shapes/src/product/certified.rs
ce66e23545ea74686345eb91b701ee32d0adb485	crates/shapes/src/product/dataset.rs
e3fe7e8d076428e666c7f0bab0db4fd733b567c5	crates/shapes/src/product/error.rs
4e84985468b908e5d3fc909dd097f6449d3151ea	crates/shapes/src/product/identity.rs
a7564e8d62a10a8dcc6c04b28dacb827496d75f4	crates/shapes/src/product/mod.rs
86fbe5f2e66160de3f6908da4017ba756fd8d9b0	crates/shapes/src/product/tests.rs
8ee0d7bc24a1ba42f7c36717d008e85710ecca73	crates/shapes/src/product_fixture.rs
a840400cdf44a6220c8a0adfb45e7475dd7fb6fa	crates/shapes/src/provenance.rs
8419e1ab06c244c4b65cbaeca2e4c6dd9416c7a7	crates/shapes/src/pydantic.rs
a3c92988a98d525acc3860f3af597419d7d62748	crates/shapes/src/pydantic/config.rs
3644c0a83eb762a33cde04bb8a4668db1bca4790	crates/shapes/src/pydantic/linker.rs
9c8c0784d66492afd2a346f7d24a62381c360780	crates/shapes/src/report.rs
7a681987fc09f47a3fec8819802bb7e7e64eed00	crates/shapes/src/result_annotations.rs
b3c88f430cb27afdb65cf50eef08bc09c6ebdfe5	crates/shapes/src/rules.rs
0137e93f13fcc01529ee6a93e8f3270fcfe00d00	crates/shapes/src/schema_catalog.rs
b8a9da32e9e61280d99c12206aae3b552e6ec847	crates/shapes/src/schema_import.rs
414f76cb90d2361058be39a7e668278ed849e112	crates/shapes/src/schema_surface.rs
3f8db60f12a615d00ee5f6fbb4ba866ccd15b5e0	crates/shapes/src/shacl_corpora/mod.rs
78bfaf7355ce0014cca8c9e61946b1a61859ccf1	crates/shapes/src/shacl_corpora/node_expr_grading.rs
9160252d865881cdfee73366708c4c66a36cc3b8	crates/shapes/src/shacl_corpora/report_grading.rs
0cc2bbaaa55650b6685e61a514fc0d8ae21f90ed	crates/shapes/src/shacl_corpora/shacl12.rs
1e280683a46c79ed84a02a7f88a8bcceb5df7614	crates/shapes/src/shape_union.rs
4fcbc76b856ee9964f22085f6e26d0ed306e9203	crates/shapes/src/shapes.rs
bce9e46573c7a6e6fe6ac9c4a639bac725f20ec6	crates/shapes/src/shapes/link.rs
e1a24af4db72fca9c0ca2c9d3f018af74d9190d2	crates/shapes/src/shapes/link/tests.rs
eb69697f94cc5625808ee200eb35e33562f51bd7	crates/shapes/src/shapes/parser/annotations.rs
882cc180d2fc811b82f913a0f6c2efd06a458967	crates/shapes/src/shapes/parser/cardinality.rs
a20ec2be3e4e97fcd3c95602bae77712a0923aab	crates/shapes/src/shapes/parser/closed_by_types.rs
0c015d5429707d37732b8407f3379ce084ddd8b8	crates/shapes/src/shapes/parser/custom_fn.rs
86ad36ca7b469a41be4ee9630679f11ae68bae9b	crates/shapes/src/shapes/parser/functions.rs
e5c5a125874e11e0829f8d15106693781cd8da60	crates/shapes/src/shapes/parser/mod.rs
bff1a85a514c8071d1d7e985257832199bb4348e	crates/shapes/src/shapes/parser/node_expr.rs
1369e761ab84aef7a0aeebafb64e7e2fd46a659d	crates/shapes/src/shapes/parser/rule_parse.rs
9d543970715f2bdfba456974ad70a5b498d9b4ee	crates/shapes/src/shapes/parser/shacl_instance.rs
bfa4859d3d913e603d6f420fbebce65e5f8311d2	crates/shapes/src/shapes/parser/target_types.rs
0e37db45300fee503c83efca1bcce47dc485e911	crates/shapes/src/shapes/parser/wellformed.rs
201c7b2d278845065d55e78eccfdc2c30fb91bc2	crates/shapes/src/shapes/prefixes.rs
26fad110fadf9fce856050fcbcb1b9cb2e637097	crates/shapes/src/sparql.rs
faadf405f8287723ee51a9c292ce9457ed76d8dc	crates/shapes/src/spec/census.rs
436fd73b0b3f3d37fd99a99fb2bc1a130bb1dfbc	crates/shapes/src/spec/link.rs
8a70d5a56b36316b6a1fab678930031f80e88c81	crates/shapes/src/spec/mod.rs
701e92c1a0ef4c2b69ebf9ad5dc9dbdafb9b817b	crates/shapes/src/spec/table.rs
1dfadd256328861a38b2e5f7ff575bd1c5991e5e	crates/shapes/src/spec/vocab.rs
313242b9260e48f1fa44c94dc2deae0f2562fd29	crates/shapes/src/srl/depend.rs
e119a33885baf5add172cee077977b80a162bdfa	crates/shapes/src/srl/document.rs
472818c2b0d94740072695571b1bf30ae8e47bad	crates/shapes/src/srl/equivalence_tests.rs
0d40454b677f44740a79033a70b600a7c2a44818	crates/shapes/src/srl/eval.rs
162a215adfd6f7d15cb07d22ae7978e3c596bfb3	crates/shapes/src/srl/ir.rs
fe8ee373f5df5f87ee3719d6e411fcdadbd846c3	crates/shapes/src/srl/lower.rs
895c4104fa167eb86964a0bee8f814be4ac45aff	crates/shapes/src/srl/mod.rs
8c618dc3437ef5992f66833c544605bb45e246ab	crates/shapes/src/srl/reads.rs
c55502129fdeb5ca8d1133bec343eae9718310b7	crates/shapes/src/srl/sparql_rule.rs
93cd2b8958570a0b0955ff2a7894b3d78408cc71	crates/shapes/src/srl/syntax.rs
4d6df611962451c13389fbb9d8ff389900aa48a6	crates/shapes/src/target_eval.rs
b12ca98b3914d057512467348eb5a2aac62e440d	crates/shapes/src/term.rs
600e23719d6680c1fbc84acfe6204fd3a1682bbb	crates/shapes/src/text_ingest.rs
ad434ef68becdccd6a37f09d842daaddcc39945c	crates/shapes/src/typescript.rs
8e1da49bc98d72e12b096713bbfdd900cdd09f4c	crates/shapes/src/unique_values.rs
f17973469ac9f62536c6d7dadfda9aadb3216af9	crates/shapes/src/validator_alternatives.rs
1818a850d28cddaf7eb37fb2fe600d23b8f5386f	crates/shex/src/ast.rs
7e98fda204614d4fd12b52a599f74f112e5e6a65	crates/shex/src/error.rs
ce2e6e83a6e6aaf98fdfa0d96af41871e5063151	crates/shex/src/exact.rs
bd00ac2feec35757a1fec3303064a299d9399cee	crates/shex/src/imports.rs
99b0ac6c4d2eed74e10133478da75b60a5683d8e	crates/shex/src/lexer.rs
afebfda9d247b7212a17900c36de473743aa0bf1	crates/shex/src/lib.rs
1f8fdc50b2ded3cbc52a0e7837fa7594d8e7453d	crates/shex/src/parser.rs
28dc56c80b8b4bdc0ac7dc9259ada16534ada73c	crates/shex/src/semact.rs
04553aaddeb4ff8ac7274346189330c3c946fab6	crates/shex/src/shapemap.rs
9a13d4b175a1eabd1ef1f017b0badfeab50b97f7	crates/shex/src/shexc.rs
c1f98893085e2e8df39062d5de18004ee3e9c468	crates/shex/src/shexj.rs
c26fab78d94d062fed2002539580fb7f8244389d	crates/shex/src/statement.rs
ec2aabe321123591303937652d28c938346424f6	crates/shex/src/structure.rs
2531e65ae3173633ac20fbdd5560eb47679a98f4	crates/shex/src/validate.rs
42510880a20d801e0e85d422fb1604df67fa1679	crates/shex/src/validate/matcher.rs
ae9380ddd15a24fddf2d5b9057e13f47f113eca0	crates/shex/src/validate/node.rs
421e5785f8e72f0b94a358baae92b746161ffe5b	crates/shex/src/validate/pattern.rs
1c369172a15305f2976e3c1cb118addb32f6d062	crates/slice/src/analysis.rs
6ca5fe4d3871e23e579e021b7d4937a8c3ecd051	crates/slice/src/artifact.rs
aebfaa548b84e405978363da5a5e55c69d34806e	crates/slice/src/cache.rs
f6e9fb7d29cd4e5547c9183eb22a755ed1b60e83	crates/slice/src/cache/tests.rs
e20f84381456884fb6cf46a97f5acca84231368f	crates/slice/src/catalog.rs
449e06db2ce910e654b3383cb49fff47dbea7511	crates/slice/src/claim_view.rs
ca5088616b008a5d55a8106760304f7935461f93	crates/slice/src/diagnostics.rs
8419bc05aad8ba820304eb6019edd25d00747b61	crates/slice/src/dsl_stats_emit.rs
eecc3cb47a8c4778819e18804c7e2b5979635758	crates/slice/src/error.rs
4c9ed7d2cdb4728194b8aeb5307628783c8b66a4	crates/slice/src/fix_deps.rs
cc4d3142028e7b8c2ea7c172cc19cdff64abaed3	crates/slice/src/json_form.rs
78e734e39c94fa872ca528ff30bc64e616ca221f	crates/slice/src/lib.rs
59ee1ca904f7c63a3e638da258a16196aebdbffd	crates/slice/src/list_functions.rs
53429d29862d9545e75e10dc98bb75161694f357	crates/slice/src/mapping_support.rs
700fa786b6b65f014a2e08347d782bd1689deb56	crates/slice/src/ownership.rs
402a592001876cce300fcccc3838bd2f3f0a7cbb	crates/slice/src/prefix_emit.rs
70fd9e605d923b6e32d3385e2591808250473a73	crates/slice/src/prefix_lint.rs
ca48f45c7c2635a5c3a4a0d4d91fb91058e2b72d	crates/slice/src/rdf_query.rs
127ff8931ded6b9d4ec3285b172b894e3694f7c1	crates/slice/src/retrieval.rs
119cd322b799158a68a6718bb60035f26e48067b	crates/slice/src/standpoint_emit.rs
302ce1622814fdb2ba724385790874750a0c53dd	crates/slice/src/standpoint_modality.rs
f9e11e4ce6b5acd1a0821e7cff234f4c8b346106	crates/slice/src/vocab.rs
196254395ccaa1155c499481fe33b6a13702c153	crates/sparql-algebra/src/algebra.rs
120b9000d620dc6fcd15717b3d44c037b5ca9e8a	crates/sparql-algebra/src/ast.rs
4517967ff02c20f5a79274157e38d9726d05fff7	crates/sparql-algebra/src/error.rs
f2870cd7788af75ed4b7c7f417c76cc4d8a8cbca	crates/sparql-algebra/src/lexer.rs
21e14bda79a4455a38ee8e9ed7af1bd16bce7a9c	crates/sparql-algebra/src/lib.rs
f32292e8eeb2a9527b4be70dbffb2aa685400f78	crates/sparql-algebra/src/owned.rs
3e24fc4123ce6a46cb0716de5995820ae666fcb5	crates/sparql-algebra/src/parser.rs
812e6d05fc7169407519dafca69a62001a28ed6d	crates/sparql-algebra/src/parser/machine.rs
30475c9638215fb3ff9ed57945bc4c75d1e334c0	crates/sparql-algebra/src/parser/triples.rs
31221660af98758c338d97297dd954696b576bec	crates/sparql-algebra/src/retained_size.rs
dbf52484826d8230ac548b6df9e2114aa0095186	crates/sparql-algebra/src/scope.rs
2ad89e4f48d184b7c6d81e68f380ec3eaa428ea8	crates/sparql-algebra/src/serialize.rs
02ecc4a53887583caf28537ec7cb915840bfc6df	crates/sparql-algebra/src/substitute.rs
88a1905e4c5fbb55835fd5c5c59d72f04f74d1d4	crates/sparql-algebra/src/traits.rs
e11efbfecabea5dec3a8e8dff04805b858f5300f	crates/sparql-algebra/src/tree.rs
1450e8d1c4259bcfc2d8d1d26ff626e6cd4f565f	crates/sparql-algebra/src/validate.rs
a821d45d5de67be614cb7a49720fb1cf1a1eb5f0	crates/sparql-algebra/src/walk.rs
3173044fc8a384917309a43dc6773c0ea709af53	crates/sparql-algebra/src/worklist.rs
1d17cc2e377f3efe164ba14c47792bd9d2a02973	crates/sparql-conformance/src/compare.rs
608a2bb29eee9f7261b660b6b1c2a5e2d7ed1ab8	crates/sparql-conformance/src/ledger.rs
ec442feb27da936f4935e3d157cb13fc372ac53b	crates/sparql-conformance/src/lib.rs
3c17552d2368825a75d3f1e0dc65c8d94a5e452f	crates/sparql-conformance/src/manifest.rs
dc4ce454f78399ee7746a45bcfc8592f9541f807	crates/sparql-conformance/src/mode_restricted.rs
6d3e3820e47a86c2da882de92ac19d60207dd2ef	crates/sparql-conformance/src/owl2.rs
5331858ed61c7d15b0eba26fbf29d9c8aa8322e5	crates/sparql-conformance/src/owl2_rl.rs
27a96bd083afbae52e5ea239492a25d0e4044a4e	crates/sparql-conformance/src/paths.rs
3f1eba9de022f0bd46756d9ba7d57f002d1aa166	crates/sparql-conformance/src/rs_resultset.rs
6c0b244fb480e2bf1d98f3ed744421b7cb3a336e	crates/sparql-conformance/src/run.rs
65f5546d679395c28f7f95d9d2b667895ee1fdf1	crates/sparql-conformance/src/service.rs
0b4b540f8cd502dfe73f3ef8b336feb1ac27e41a	crates/sparql-conformance/src/xfail.rs
3970e4d9fe65890c977369d4b3689b70d86312f8	crates/sparql-eval/src/agg_fn.rs
3f90eb335ff0f494cc77f6b55afdd28c86a1dc89	crates/sparql-eval/src/basic_profile.rs
a3ed937f369a18efb5d9df09c61a6ba708deee31	crates/sparql-eval/src/bgp.rs
764d4f2427c8be63ddbebeb601eba4a6d3a8aa35	crates/sparql-eval/src/bgp/positive.rs
6d997c337dcda90b96234302dea76a398de49562	crates/sparql-eval/src/binop.rs
6f1476e498b6f43eb1a3e68bc8f8e1d6f98dc811	crates/sparql-eval/src/blank_scope.rs
dc972270e03b305fec3a0527f7be3a46ca326e4e	crates/sparql-eval/src/cdt_agg.rs
a0c48e2f4be75ef7a830015ed3373bb59629938f	crates/sparql-eval/src/cdt_fn.rs
521a1df4cb850a845fad63c0fdd6602386074a84	crates/sparql-eval/src/cdt_unfold.rs
f72bd6ba02cc9650aaebde24749568f2d866f98e	crates/sparql-eval/src/clock.rs
3917693658560176113c2fa11053b3fefc5f4cd8	crates/sparql-eval/src/construct.rs
ed5f9d36c35624b52a41a13b1c65957088db3caf	crates/sparql-eval/src/contain.rs
3c8b02b0c068edebef9b5d574c5a93bf75191abd	crates/sparql-eval/src/convert.rs
b91b4555f63106edd14b3b34d1e748a6606707b9	crates/sparql-eval/src/dataset_spec.rs
fc19421f355a6917958f18e7fe619a5d5f5d644b	crates/sparql-eval/src/deferred_exists.rs
3f7aedb0265610ef72288e4bf28a15df83dce4d4	crates/sparql-eval/src/describe_query.rs
0227eb7b6edfbb635ecab0e12eff04be5e0cfba9	crates/sparql-eval/src/enf.rs
51a97e0c163e386741bdcfba9a20e935d7171e85	crates/sparql-eval/src/engine.rs
a3880f12b81e7c48ecf49b981679dc9b4952bc86	crates/sparql-eval/src/engine/bounded_workspace.rs
b019850f451adbc720e0029fce29ac9e9b428db6	crates/sparql-eval/src/engine/graph_build.rs
57046c524b471cae3c7c02491ef985dc1c17285a	crates/sparql-eval/src/engine/prepared_fallible.rs
02561d59f327fa582d13f5e1d2794e9445a7d241	crates/sparql-eval/src/error.rs
cda52284c3a3af79340658b2f152d66f6083943a	crates/sparql-eval/src/eval.rs
88bcaa844d31b0a0ceb51bca40efaff78d350ba6	crates/sparql-eval/src/execution.rs
e4685e19f79554afb4544c4f64ed16e6f07b7081	crates/sparql-eval/src/exists_admission_gate.rs
4c3c5a82606666207a144b22bab03c0706bce5f6	crates/sparql-eval/src/expr.rs
244329ef52127b56db0eebd4ae948d76a39f6b88	crates/sparql-eval/src/expr/cast_rounding_tests.rs
f09601089bd3cdc64fcfe970af93129e713267a4	crates/sparql-eval/src/extension_env.rs
78710490e3f32d8d176ac87b5ebb2e80b4e7799b	crates/sparql-eval/src/fallible.rs
4731378ed02686d3c97fc6b193d3fc7ac97daf76	crates/sparql-eval/src/fixture.rs
83311ca6b98ffb351e620c9353697ec27ae8961e	crates/sparql-eval/src/governed.rs
4c7863c12eb54ca8e0910f2bf02df72871f6a08c	crates/sparql-eval/src/governor/charge_points.rs
acdb94f3f17a2d556f984ec9ee7fd12700fa8e44	crates/sparql-eval/src/governor/ledger.rs
76ece4d810e3e49528d4b2fd0c7537c4cb514832	crates/sparql-eval/src/governor/lift.rs
c287a15453b950b33aba432f0be9b73c82051fa5	crates/sparql-eval/src/governor/mod.rs
251cecb45d8ba2d284359aaf7606a45de33d9ce5	crates/sparql-eval/src/governor/soundness.rs
4e70ce4dbe5328e989d530aef435ce8b33e1b72f	crates/sparql-eval/src/interned.rs
7f685f816e91b648fc8910ab7b986a6014f1391c	crates/sparql-eval/src/join_plan.rs
9d3746f21240079ccfd0ba0adca2cf05329a6a17	crates/sparql-eval/src/knn/invocation.rs
dac07dee8ededa2c09e04f89a6c1eaa4fc3e2000	crates/sparql-eval/src/knn/metric.rs
181a3b3d8dd8d0251ea4bdcbfe2cfcec8a219f0f	crates/sparql-eval/src/knn/mod.rs
ba8759a255033cd8d14c481b137cbc3afcd0229c	crates/sparql-eval/src/knn/tests.rs
c9b975082ab6a664828acfe03b073c048c0aa229	crates/sparql-eval/src/lib.rs
e5f7beb324767755e0d82dca8fada52a0238fe86	crates/sparql-eval/src/list_fn.rs
ba3ce0e01aeb8c64c3cc132c88fc252e8bed91e2	crates/sparql-eval/src/modifier.rs
991beffc53d857f47fab95dd6dbd2d844683f2f9	crates/sparql-eval/src/nested_exists_gate.rs
04aaae96f14697c84264d6d4eea683a1311db4c7	crates/sparql-eval/src/nested_lateral_gate.rs
c0380bf56ee374e2ff59c26ed1167e854bbab6b0	crates/sparql-eval/src/op_count.rs
a143813fb61771e85814f8977d14e3e9d39d2ef9	crates/sparql-eval/src/parallel.rs
1d9141d071db7e090108609192457a0bdc2a6e05	crates/sparql-eval/src/parallel_determinism_gate.rs
8d96b07235ec6d635dc6d1ba6f723ba05b97554d	crates/sparql-eval/src/path.rs
a38c9c5a7712437e68fe28418ac531799231b854	crates/sparql-eval/src/path_relation.rs
8b5ebadfe8e93da8a5f11c07fb8e1f495909f6cd	crates/sparql-eval/src/plan/mod.rs
78014eab37d3b4db9c940a6fd5dbeab00cc6ee12	crates/sparql-eval/src/plan_cache.rs
e73568eefc1cadfe128267448cab02e3a7eeac12	crates/sparql-eval/src/plan_memory.rs
42088cc95c093b87dedfa3cac2a9c030cece0173	crates/sparql-eval/src/prebind_memo.rs
710ce8249f06ff875c08d6ecf0d7d48ebfa73184	crates/sparql-eval/src/prebind_memo/tests.rs
f02aa7bab39c58763340290469b82514d049a932	crates/sparql-eval/src/predicate_use.rs
aa5e583b51897e0cdb63a5fd81805a20e44075c4	crates/sparql-eval/src/property_fn.rs
fd653a6657ddae4d828873f85a39faafac4257d3	crates/sparql-eval/src/property_fn_eval.rs
7aa926ec9bd3bd96950b12a0e7363c40418343c4	crates/sparql-eval/src/property_fn_plan.rs
9841d80fd76888fe4f37c362773a7a4ce6c2d61e	crates/sparql-eval/src/protocol.rs
7b6d97d201835036162dc4e42aa35c021de3b847	crates/sparql-eval/src/registry_id.rs
0ffa2c6d4dae1415489b600565ea7ec2e4b356ef	crates/sparql-eval/src/remote.rs
101e4dad67e00b2ce6c501d763232ee00a440a75	crates/sparql-eval/src/remote_http.rs
cb5285868f0e1c19dd4e93c39599bd6e313b0dd5	crates/sparql-eval/src/row_checkpoint.rs
e675d4c7d3df40ee3b5ba58f80c9c93d43dfe9f1	crates/sparql-eval/src/row_checkpoint_gate.rs
23e29fdce5184b025a722e630dbc5412455357be	crates/sparql-eval/src/row_ingest.rs
938fb10548c209290c8e62b91e4491bb3d9b94e2	crates/sparql-eval/src/scratch.rs
7af2b155455a17cc2107ea86efb59bb6fd1b1e56	crates/sparql-eval/src/service.rs
124ab29c5ee9d24f218c6ed5808b844c17682b7a	crates/sparql-eval/src/service_endpoints.rs
9a6a36d4a7034d2bc9b317a97b967779c13ecebc	crates/sparql-eval/src/solution.rs
f9e39e7a960379179c0deb291c05ebb7b5e2283f	crates/sparql-eval/src/stack.rs
792906e9bfb4e387818f54232d4562f6a4d53ea9	crates/sparql-eval/src/stack/height.rs
5bb68350823a07eac86100a5f8ee8c5a314a235a	crates/sparql-eval/src/stat_agg.rs
a4da3ee08c90a082098ac994fe0f38c224554f54	crates/sparql-eval/src/statement_layer.rs
6333debd65ca93a53ce12fc1e6828d6aaa137bb3	crates/sparql-eval/src/substitute.rs
4b9753bc456cac4a35e1147ea27476960b418cf6	crates/sparql-eval/src/template.rs
09739a768f312dfba5ecaf28c8130551c86e34f1	crates/sparql-eval/src/update.rs
a51b5aaaed4a31aeec6f3ed1c908d16c2e36850b	crates/sparql-eval/src/user_fn.rs
f3b51994ca981e44a0d0a5f984452326e98be8f1	crates/sparql-eval/src/vm/compile.rs
25948af1c28fd6a755d4b0b643db439cdc31c283	crates/sparql-eval/src/vm/mod.rs
8d5298ad0ba14419314327debdcd23572078f444	crates/sparql-eval/src/vm/tests.rs
385e4ec134ab12e28430dda8f47c5c117d2f6bf7	crates/sparql-eval/src/wasm_host.rs
f6ed781e8163af5a5874150da3d497540b4a3c45	crates/sparql-eval/src/witness.rs
569c6167652f447e262fa96bd40399a56bdbd658	crates/sparql-results/src/csv.rs
c62de4ca9aec66769d08651239d7901384b21413	crates/sparql-results/src/error.rs
e129b69775e466db108c215a9ac48cbfb88bc1db	crates/sparql-results/src/graph.rs
e9e0186c989f461c6e2dc742190f4ad457700525	crates/sparql-results/src/json.rs
5f5793fc2e599061ebf4b60f9747b266a18c34c0	crates/sparql-results/src/json_read.rs
a0d0b6f50e16acd672a4fe0191c50eb533509e18	crates/sparql-results/src/lib.rs
2cb32e6492482e0282511c52c010796123f53b74	crates/sparql-results/src/model.rs
00e663a72dc537b76c7d78eb5c81f5a273230753	crates/sparql-results/src/term.rs
1dde74649025aebbbc28c96005e6ae566bdd0aae	crates/sparql-results/src/tsv.rs
2d2c6d93de34eca4504dab005b4f92152078c228	crates/sparql-results/src/xml.rs
3a551c931235a80d408fd93475b8cef85a90eac2	crates/sparql-results/src/xml_read.rs
87049afe7595925ee4a2c1ccd079e12803777bb0	crates/stack/src/lib.rs
7cb48a3bc9a1e0925cdfc7298efb4af03493d106	crates/stack/src/platform.rs
87fd4ab7304035e22a495558c4d9d57bca072653	crates/testkit/src/bench/args.rs
0a8156163d5cc0231b8f3378e3f51d7a76b389be	crates/testkit/src/bench/estimates.rs
1c3775dd62fb5a10beb44e19a06a8b8cf7178de5	crates/testkit/src/bench/mod.rs
5b63ef503c18ab89e63e59ce7f12e573425204f9	crates/testkit/src/bench/stats.rs
6b43375dd8e20dc3c4647d9045fdd0461f6ebe38	crates/testkit/src/bench/store.rs
738acbc9a8f0a394ae7285938819b9b47b5564d4	crates/testkit/src/bin/harness_fixture.rs
67c78b6c4db3c86e37adc1c7726594a0362acdcf	crates/testkit/src/bin/harness_print_fixture.rs
bd68b13ced59f540e9eb88d0b292620ead37a74d	crates/testkit/src/bin/wasm_host_fixture.rs
54bc538b88a520061c60c4cafd6988bcae6ddff9	crates/testkit/src/exact.rs
b464a77498a7efba11e14be4ba10e4e2f79d8aed	crates/testkit/src/golden.rs
94e204d9e176388f6938a084d4e4aa92732b9ce2	crates/testkit/src/harness.rs
b3c2a823dd2a9e36e3105d131948a0d256beec9a	crates/testkit/src/host.rs
297d245191138643ba79b3c8d3259c6447ec50a7	crates/testkit/src/jsonschema_metaschemas.rs
b4b378f7bb94db37216d4ec33ba0814b039640c6	crates/testkit/src/lib.rs
3ba86600f6bbb28b95103095df1b975028f8d088	crates/testkit/src/paths.rs
909b8e61c62c6f788781d0437e2941992467ab50	crates/testkit/src/prop/arbitrary.rs
167e6275644bff5685e4ca387a650945bd6a4951	crates/testkit/src/prop/choices.rs
9c742904c40840a9adc19a26973cfcad46e30bd3	crates/testkit/src/prop/collection.rs
f69e05f5eba99feb124cd1a6e60a4a91b896997e	crates/testkit/src/prop/mod.rs
e60a4c23a2408631b35be08ff6ea28dea9add945	crates/testkit/src/prop/runner.rs
a612bff5bb964cef7276961cfd11ba4facfb0fa7	crates/testkit/src/prop/sample.rs
63f7bf4d95c3d2b69c524f6696eb478fa27ac738	crates/testkit/src/prop/state_machine.rs
a7d39f1c7fd965c21007ad4f3710905769d996aa	crates/testkit/src/prop/strategy.rs
73588b71f68e29eb6d22a5652d6ceb33d7bf7958	crates/testkit/src/prop/string.rs
0729210a09ac6b2ae6df6a4be9b9ae18fbefb12b	crates/testkit/src/rng.rs
18b08b58ab28315b986fb46330405e9702bd6a5f	crates/testkit/src/scalars.rs
3b030adedd176f951ad99ddf27a0af260b96cd65	crates/testkit/src/temp.rs
5f0b2f7bbd9dce3afaceb44652f9bfe5e2f837df	crates/testkit/src/text.rs
c72c296e9137f4683ffc13643cab2695467aaa2f	crates/testkit/src/ucd.rs
7dde26f4e2ba63e50bed31fd3bb88d5e92c60791	crates/testkit/src/vectors.rs
69cba8d753dbc6b3e7fee930a578b497299cbeb9	crates/text/src/analysis.rs
1f05c34ead39e697d20ecf0a5de1087d72a13c67	crates/text/src/character.rs
17ac865d2b30d510a5118dd6ac0f2b20d2cd9666	crates/text/src/error.rs
56544019aae6345700db1faadc6f960dead454da	crates/text/src/fixed.rs
d08a8f6360a386931e64868dadb487c48e9609dc	crates/text/src/index.rs
a4e24df6939f77fa7c23a03fec86da30b07fbeae	crates/text/src/lib.rs
3cbb5824b8a2e307e267052bd66403ce170668b6	crates/text/src/phonetic.rs
8ee5029789989b9d6c4df9ca5d75ee6d71fc9d97	crates/text/src/profile.rs
e2738449cf81f13561d0079a00713837d6936a89	crates/text/src/ranking.rs
ccde976ac3393715a83ec01adce86ffd317ff3c3	crates/text/src/relation.rs
a2dd385a34114659c514b99be833a08c96dbb16f	crates/text/src/score.rs
6fb7c251a1e8d05f9e63c1ae4ec8e6869ca36912	crates/text/src/segment.rs
f7699a7b53fd12d22ba2af32a16b7416093b3c2d	crates/text/src/segment/artifact.rs
f1889e1f09591f6e5f9e540235f9c7b28e8812ea	crates/text/src/segment/baseline.rs
e3c35292472b3659ba85de271c5c1eb0bbf4ca6b	crates/text/src/segment/storage.rs
c5777595d46a3c48ad101d5c22d54159b10c7fa7	crates/text/src/stem.rs
9f8dd8bbdc3dc33da421b2d877b09fdd51514e28	crates/text/src/surface.rs
621b94379899cafb75ee4251ed223e96480a7461	crates/text/src/surface/postings.rs
dcab05f53da6b45dda827e0f4285ebd0e5a2b0a3	crates/text/src/surface/substring.rs
27755f5f7d22eb986971bbcec0941be7545d7315	crates/text/src/term_bytes.rs
87937af5593a8c404e4473c1cf5e79eb11afaac8	crates/text/src/unicode.rs
a16841a563433795b868aa5af5a5c3104d940c33	crates/text/src/unicode/grapheme.rs
c2d05e833acbde03acf7e431fea94a0cd36017cd	crates/text/src/unicode_tables.rs
18ff5a4e246f54097d412245fde037175b2b5b27	crates/validate/src/build.rs
41a95a166da7dfb6a9b7c4acecf19d191807bb75	crates/validate/src/entail.rs
97f056b7b8f8b587b8cc1580dc72e356fe9fbc37	crates/validate/src/expr_selector.rs
02ffa9f1fa5884b169b85ac8d97b343e0b3cd5b9	crates/validate/src/governors.rs
fabe464938bff53d3d5c50b82973dbffdbcd8cdb	crates/validate/src/lib.rs
1cb480e2429d94eb8565bce4974e48d3328d39b9	crates/validate/src/model.rs
17eab9982b08df213b6bee235f7e0f6630081642	crates/validate/src/path_syntax.rs
7aae1b850074f653babfb7688b3aadf991e31ad0	crates/validate/src/product.rs
543a961672c58437b3400f4017a54433f60a2ada	crates/validate/src/query.rs
99f006439eb05a58658c1a2fb572d48fdd62e966	crates/validate/src/regime.rs
b4259855dff4ddde9c5db99243be89766a989e3c	crates/validate/src/rules.rs
3e6bfb57ba3954441df2f00cf686e53b8ec5e500	crates/validate/src/shacl.rs
75be681b2d73315842b32578b8a4f496d37441d6	crates/validate/src/shapes_tools.rs
186be8a358420b1e209e4afb3ff84a0aadbe5655	crates/wasm-link/src/binary.rs
be5f5d21b51cc947e2d49f659e9ae70b8e9253a9	crates/wasm-link/src/error.rs
111dc1451f92c3acdcdb9b5d3988dc5a8ca2f169	crates/wasm-link/src/lib.rs
30679fb8e354d2016e70c75ac5ed46e0eec89163	crates/wasm-link/src/main.rs
19a2086dd91f0185c8fa3607af93d6f8911ca9bf	crates/wasm-link/src/rewrite.rs
8d5183b6a79d1639e2b7f3c174881f5a4af403d1	crates/wasm-link/src/scan.rs
f089ac1db0d465b7dde2bf12810dd7d709487350	crates/wasm-link/src/template.rs
4460ac107da8d96bcaa0f5eaf941f7be1b90b2ff	crates/wasm-link/src/tests.rs
686dda983f816d8ac5dd5c39aa8abcbf7665bb7e	crates/wasm-link/src/verify.rs
dc6e1415022247f4b59d8afc280cdd552fb27137	crates/xsd/src/bigint.rs
4d291c4fb4279acd0b44dc3af863e6d9858a2cd7	crates/xsd/src/bigint/arith.rs
3e952d6ceaa9d33a5f64f249f2240a74f84d7625	crates/xsd/src/binary.rs
d4450ba536a2f25130232dcd6d455a965e5bc566	crates/xsd/src/datatype.rs
937bc5314755a75a17a476e64828d313229a5fac	crates/xsd/src/decimal_float.rs
06cf7994afe71c928efcabf4085c01ce37eb1302	crates/xsd/src/exact/binary.rs
5765d6a0541617b060fe99bbeea3b0cc724ceab8	crates/xsd/src/exact/cost.rs
37adba888c832a5f4ea899f69c8104596709a7ba	crates/xsd/src/exact/decimal.rs
db1e430978ed46527761349b7dbf9e4c1ba4881c	crates/xsd/src/exact/error.rs
99bc8b7d59efa48fa7ee6f6560e88587ccfde489	crates/xsd/src/exact/integer.rs
eee40bda3a4b27633994e24f8997ff4086f3c50f	crates/xsd/src/exact/mod.rs
4ffee355d9afde38b68b49d0e317ee5785fb77ed	crates/xsd/src/exact/rational.rs
0e1511937b8832cb1ea4d2e7663fdcc11b2c29a9	crates/xsd/src/exact/rounding.rs
02786eb173a0e6fbd512aee2d64e930506c8f98a	crates/xsd/src/ieee/mod.rs
4e659e908d72e12d284fef7302254371427cf524	crates/xsd/src/ieee/reference.rs
37a58d7e204ee937500636ccb96fefee930c2c94	crates/xsd/src/ieee/tests.rs
7711f73b51e357d8008636b6bf96dac268e84279	crates/xsd/src/ieee/x87.rs
fb1875bd8c720355dded17544bb85a1aa94c63ae	crates/xsd/src/json_number.rs
12101ea6876df031a55fdc80bf6aff344b3beae8	crates/xsd/src/lib.rs
346f4283cf7bc1e333f8390adc7155526d788fb0	crates/xsd/src/numeric.rs
8dc9df31a4bd850b2b0fd8716677610fb0731d95	crates/xsd/src/numeric/exact_path.rs
024505af0da3da4ba89fc37df5f7b3a5b92c4a63	crates/xsd/src/ops.rs
e17aaa0b153729e9ce27097dfb8a34051d0c7105	crates/xsd/src/range.rs
3ad9882d1e46c814428a0ff9afe7c65f35953645	crates/xsd/src/rational.rs
046a733441e1535d3ce3e4b2038a14dfb4acdf87	crates/xsd/src/rfc3339.rs
47713d165695e733d589acb53e4cefa33f571253	crates/xsd/src/simple.rs
506a3ae73682e7071c47f4d66018bd092cc50d32	crates/xsd/src/temporal.rs
2bcdb67c9c773b57018238016562f105a441e618	crates/xsd/src/value.rs
89c964ad0cbdfbb719ef8eb124a7269d4be2a44a	crates/xsd/src/wide.rs
