numeric/ungoverned/1	allocation_calls	main->candidate	base=475389	new=475390	delta=1	percent=0.00021035404689229154	ci=[0.00021035404689229154,0.00021035404689229154]	WithinNoise
numeric/ungoverned/1	allocation_calls	geometry->candidate	base=475389	new=475390	delta=1	percent=0.00021035404689229154	ci=[0.00021035404689229154,0.00021035404689229154]	WithinNoise
numeric/ungoverned/1	requested_bytes	main->candidate	base=48420830	new=48820790	delta=399960	percent=0.8260081456678892	ci=[0.8260081456678892,0.8260081456678892]	WithinNoise
numeric/ungoverned/1	requested_bytes	geometry->candidate	base=48420830	new=48820790	delta=399960	percent=0.8260081456678892	ci=[0.8260081456678892,0.8260081456678892]	WithinNoise
numeric/ungoverned/1	retained_bytes	main->candidate	base=1659388	new=1659388	delta=0	percent=0	ci=[0,0]	NoChange
numeric/ungoverned/1	retained_bytes	geometry->candidate	base=1659388	new=1659388	delta=0	percent=0	ci=[0,0]	NoChange
numeric/ungoverned/1	peak_bytes	main->candidate	base=5400314	new=5400274	delta=-40	percent=-0.0007406976705426338	ci=[-0.0007406976705426338,-0.0007406976705426338]	WithinNoise
numeric/ungoverned/1	peak_bytes	geometry->candidate	base=5400314	new=5400274	delta=-40	percent=-0.0007406976705426338	ci=[-0.0007406976705426338,-0.0007406976705426338]	WithinNoise
numeric/fuel/1	allocation_calls	main->candidate	base=449324	new=447837	delta=-1487	percent=-0.33094159225859343	ci=[-0.33094159225859343,-0.33094159225859343]	WithinNoise
numeric/fuel/1	allocation_calls	geometry->candidate	base=445545	new=447837	delta=2292	percent=0.5144261522405102	ci=[0.5144261522405102,0.5144261522405102]	WithinNoise
numeric/fuel/1	requested_bytes	main->candidate	base=56077454	new=54387790	delta=-1689664	percent=-3.013089716947559	ci=[-3.013089716947559,-3.013089716947559]	Improved
numeric/fuel/1	requested_bytes	geometry->candidate	base=55792254	new=54387790	delta=-1404464	percent=-2.5173100194159526	ci=[-2.5173100194159526,-2.5173100194159526]	Improved
numeric/fuel/1	retained_bytes	main->candidate	base=1659388	new=1659388	delta=0	percent=0	ci=[0,0]	NoChange
numeric/fuel/1	retained_bytes	geometry->candidate	base=1659388	new=1659388	delta=0	percent=0	ci=[0,0]	NoChange
numeric/fuel/1	peak_bytes	main->candidate	base=7738784	new=5951672	delta=-1787112	percent=-23.092930362186102	ci=[-23.092930362186102,-23.092930362186102]	Improved
numeric/fuel/1	peak_bytes	geometry->candidate	base=9839935	new=5951672	delta=-3888263	percent=-39.51512891091252	ci=[-39.51512891091252,-39.51512891091252]	Improved
numeric/scratch/1	allocation_calls	main->candidate	base=449451	new=447953	delta=-1498	percent=-0.33329550941036956	ci=[-0.33329550941036956,-0.33329550941036956]	WithinNoise
numeric/scratch/1	allocation_calls	geometry->candidate	base=445549	new=447953	delta=2404	percent=0.5395590608440415	ci=[0.5395590608440415,0.5395590608440415]	WithinNoise
numeric/scratch/1	requested_bytes	main->candidate	base=61940558	new=65362702	delta=3422144	percent=5.5248840347870365	ci=[5.5248840347870365,5.5248840347870365]	Regressed
numeric/scratch/1	requested_bytes	geometry->candidate	base=61647166	new=65362702	delta=3715536	percent=6.027099445252682	ci=[6.027099445252682,6.027099445252682]	Regressed
numeric/scratch/1	retained_bytes	main->candidate	base=1659388	new=1659388	delta=0	percent=0	ci=[0,0]	NoChange
numeric/scratch/1	retained_bytes	geometry->candidate	base=1659388	new=1659388	delta=0	percent=0	ci=[0,0]	NoChange
numeric/scratch/1	peak_bytes	main->candidate	base=15090515	new=15892603	delta=802088	percent=5.315179766893308	ci=[5.315179766893308,5.315179766893308]	Regressed
numeric/scratch/1	peak_bytes	geometry->candidate	base=15053883	new=15892603	delta=838720	percent=5.57145289358234	ci=[5.57145289358234,5.57145289358234]	Regressed
numeric/metered/1	allocation_calls	main->candidate	base=449513	new=445600	delta=-3913	percent=-0.8704976274323539	ci=[-0.8704976274323539,-0.8704976274323539]	WithinNoise
numeric/metered/1	allocation_calls	geometry->candidate	base=445550	new=445600	delta=50	percent=0.011222085063411491	ci=[0.011222085063411491,0.011222085063411491]	WithinNoise
numeric/metered/1	requested_bytes	main->candidate	base=68046400	new=70677688	delta=2631288	percent=3.8669025841190807	ci=[3.8669025841190807,3.8669025841190807]	Regressed
numeric/metered/1	requested_bytes	geometry->candidate	base=67736624	new=70677688	delta=2941064	percent=4.3419111055785775	ci=[4.3419111055785775,4.3419111055785775]	Regressed
numeric/metered/1	retained_bytes	main->candidate	base=1659388	new=1659388	delta=0	percent=0	ci=[0,0]	NoChange
numeric/metered/1	retained_bytes	geometry->candidate	base=1659388	new=1659388	delta=0	percent=0	ci=[0,0]	NoChange
numeric/metered/1	peak_bytes	main->candidate	base=19293011	new=19248243	delta=-44768	percent=-0.23204257749088741	ci=[-0.23204257749088741,-0.23204257749088741]	WithinNoise
numeric/metered/1	peak_bytes	geometry->candidate	base=19248187	new=19248243	delta=56	percent=0.0002909364918313173	ci=[0.0002909364918313173,0.0002909364918313173]	WithinNoise
filter/ungoverned/1	allocation_calls	main->candidate	base=29626	new=29626	delta=0	percent=0	ci=[0,0]	NoChange
filter/ungoverned/1	allocation_calls	geometry->candidate	base=29626	new=29626	delta=0	percent=0	ci=[0,0]	NoChange
filter/ungoverned/1	requested_bytes	main->candidate	base=5812628	new=5812628	delta=0	percent=0	ci=[0,0]	NoChange
filter/ungoverned/1	requested_bytes	geometry->candidate	base=5812628	new=5812628	delta=0	percent=0	ci=[0,0]	NoChange
filter/ungoverned/1	retained_bytes	main->candidate	base=1907203	new=1907203	delta=0	percent=0	ci=[0,0]	NoChange
filter/ungoverned/1	retained_bytes	geometry->candidate	base=1907203	new=1907203	delta=0	percent=0	ci=[0,0]	NoChange
filter/ungoverned/1	peak_bytes	main->candidate	base=2497011	new=2497011	delta=0	percent=0	ci=[0,0]	NoChange
filter/ungoverned/1	peak_bytes	geometry->candidate	base=2497011	new=2497011	delta=0	percent=0	ci=[0,0]	NoChange
filter/stop_signal/1	allocation_calls	main->candidate	base=31463	new=29681	delta=-1782	percent=-5.663795569398977	ci=[-5.663795569398977,-5.663795569398977]	Improved
filter/stop_signal/1	allocation_calls	geometry->candidate	base=29682	new=29681	delta=-1	percent=-0.003369045212586741	ci=[-0.003369045212586741,-0.003369045212586741]	WithinNoise
filter/stop_signal/1	requested_bytes	main->candidate	base=9119128	new=7452988	delta=-1666140	percent=-18.270825894756605	ci=[-18.270825894756605,-18.270825894756605]	Improved
filter/stop_signal/1	requested_bytes	geometry->candidate	base=7452932	new=7452988	delta=56	percent=0.0007513821406179844	ci=[0.0007513821406179844,0.0007513821406179844]	WithinNoise
filter/stop_signal/1	retained_bytes	main->candidate	base=1907203	new=1907203	delta=0	percent=0	ci=[0,0]	NoChange
filter/stop_signal/1	retained_bytes	geometry->candidate	base=1907203	new=1907203	delta=0	percent=0	ci=[0,0]	NoChange
filter/stop_signal/1	peak_bytes	main->candidate	base=2528536	new=2497379	delta=-31157	percent=-1.2322150050463998	ci=[-1.2322150050463998,-1.2322150050463998]	Improved
filter/stop_signal/1	peak_bytes	geometry->candidate	base=2497379	new=2497379	delta=0	percent=0	ci=[0,0]	NoChange
filter/fuel_and_stop_signal/1	allocation_calls	main->candidate	base=31464	new=29682	delta=-1782	percent=-5.663615560640734	ci=[-5.663615560640734,-5.663615560640734]	Improved
filter/fuel_and_stop_signal/1	allocation_calls	geometry->candidate	base=29683	new=29682	delta=-1	percent=-0.003368931711755785	ci=[-0.003368931711755785,-0.003368931711755785]	WithinNoise
filter/fuel_and_stop_signal/1	requested_bytes	main->candidate	base=9119144	new=7453004	delta=-1666140	percent=-18.27079383766722	ci=[-18.27079383766722,-18.27079383766722]	Improved
filter/fuel_and_stop_signal/1	requested_bytes	geometry->candidate	base=7452948	new=7453004	delta=56	percent=0.0007513805275527474	ci=[0.0007513805275527474,0.0007513805275527474]	WithinNoise
filter/fuel_and_stop_signal/1	retained_bytes	main->candidate	base=1907203	new=1907203	delta=0	percent=0	ci=[0,0]	NoChange
filter/fuel_and_stop_signal/1	retained_bytes	geometry->candidate	base=1907203	new=1907203	delta=0	percent=0	ci=[0,0]	NoChange
filter/fuel_and_stop_signal/1	peak_bytes	main->candidate	base=2528536	new=2497379	delta=-31157	percent=-1.2322150050463998	ci=[-1.2322150050463998,-1.2322150050463998]	Improved
filter/fuel_and_stop_signal/1	peak_bytes	geometry->candidate	base=2497379	new=2497379	delta=0	percent=0	ci=[0,0]	NoChange
bind/ungoverned/1	allocation_calls	main->candidate	base=188576	new=188577	delta=1	percent=0.0005302901747938904	ci=[0.0005302901747938904,0.0005302901747938904]	WithinNoise
bind/ungoverned/1	allocation_calls	geometry->candidate	base=188576	new=188577	delta=1	percent=0.0005302901747938904	ci=[0.0005302901747938904,0.0005302901747938904]	WithinNoise
bind/ungoverned/1	requested_bytes	main->candidate	base=13242401	new=13897761	delta=655360	percent=4.94895147790797	ci=[4.94895147790797,4.94895147790797]	Regressed
bind/ungoverned/1	requested_bytes	geometry->candidate	base=13242401	new=13897761	delta=655360	percent=4.94895147790797	ci=[4.94895147790797,4.94895147790797]	Regressed
bind/ungoverned/1	retained_bytes	main->candidate	base=4125520	new=4125520	delta=0	percent=0	ci=[0,0]	NoChange
bind/ungoverned/1	retained_bytes	geometry->candidate	base=4125520	new=4125520	delta=0	percent=0	ci=[0,0]	NoChange
bind/ungoverned/1	peak_bytes	main->candidate	base=4788534	new=4788534	delta=0	percent=0	ci=[0,0]	NoChange
bind/ungoverned/1	peak_bytes	geometry->candidate	base=4788534	new=4788534	delta=0	percent=0	ci=[0,0]	NoChange
bind/stop_signal/1	allocation_calls	main->candidate	base=190893	new=188631	delta=-2262	percent=-1.1849570178057878	ci=[-1.1849570178057878,-1.1849570178057878]	Improved
bind/stop_signal/1	allocation_calls	geometry->candidate	base=188632	new=188631	delta=-1	percent=-0.0005301327452356119	ci=[-0.0005301327452356119,-0.0005301327452356119]	WithinNoise
bind/stop_signal/1	requested_bytes	main->candidate	base=17815561	new=14948361	delta=-2867200	percent=-16.093795755295048	ci=[-16.093795755295048,-16.093795755295048]	Improved
bind/stop_signal/1	requested_bytes	geometry->candidate	base=14948305	new=14948361	delta=56	percent=0.0003746244139346544	ci=[0.0003746244139346544,0.0003746244139346544]	WithinNoise
bind/stop_signal/1	retained_bytes	main->candidate	base=4125520	new=4125520	delta=0	percent=0	ci=[0,0]	NoChange
bind/stop_signal/1	retained_bytes	geometry->candidate	base=4125520	new=4125520	delta=0	percent=0	ci=[0,0]	NoChange
bind/stop_signal/1	peak_bytes	main->candidate	base=4844744	new=4809664	delta=-35080	percent=-0.7240836667530837	ci=[-0.7240836667530837,-0.7240836667530837]	WithinNoise
bind/stop_signal/1	peak_bytes	geometry->candidate	base=4809608	new=4809664	delta=56	percent=0.0011643360539936864	ci=[0.0011643360539936864,0.0011643360539936864]	WithinNoise
bind/fuel_and_stop_signal/1	allocation_calls	main->candidate	base=190894	new=188632	delta=-2262	percent=-1.1849508103973894	ci=[-1.1849508103973894,-1.1849508103973894]	Improved
bind/fuel_and_stop_signal/1	allocation_calls	geometry->candidate	base=188633	new=188632	delta=-1	percent=-0.0005301299348503541	ci=[-0.0005301299348503541,-0.0005301299348503541]	WithinNoise
bind/fuel_and_stop_signal/1	requested_bytes	main->candidate	base=17815577	new=14948377	delta=-2867200	percent=-16.093781301610388	ci=[-16.093781301610388,-16.093781301610388]	Improved
bind/fuel_and_stop_signal/1	requested_bytes	geometry->candidate	base=14948321	new=14948377	delta=56	percent=0.0003746240129665068	ci=[0.0003746240129665068,0.0003746240129665068]	WithinNoise
bind/fuel_and_stop_signal/1	retained_bytes	main->candidate	base=4125520	new=4125520	delta=0	percent=0	ci=[0,0]	NoChange
bind/fuel_and_stop_signal/1	retained_bytes	geometry->candidate	base=4125520	new=4125520	delta=0	percent=0	ci=[0,0]	NoChange
bind/fuel_and_stop_signal/1	peak_bytes	main->candidate	base=4844744	new=4809664	delta=-35080	percent=-0.7240836667530837	ci=[-0.7240836667530837,-0.7240836667530837]	WithinNoise
bind/fuel_and_stop_signal/1	peak_bytes	geometry->candidate	base=4809608	new=4809664	delta=56	percent=0.0011643360539936864	ci=[0.0011643360539936864,0.0011643360539936864]	WithinNoise
numeric/ungoverned/4	allocation_calls	main->candidate	base=606122	new=606123	delta=1	percent=0.00016498328718750344	ci=[0.00016498328718750344,0.00016498328718750344]	WithinNoise
numeric/ungoverned/4	allocation_calls	geometry->candidate	base=606122	new=606123	delta=1	percent=0.00016498328718750344	ci=[0.00016498328718750344,0.00016498328718750344]	WithinNoise
numeric/ungoverned/4	requested_bytes	main->candidate	base=61949710	new=62349670	delta=399960	percent=0.6456204556889666	ci=[0.6456204556889666,0.6456204556889666]	WithinNoise
numeric/ungoverned/4	requested_bytes	geometry->candidate	base=61949710	new=62349670	delta=399960	percent=0.6456204556889666	ci=[0.6456204556889666,0.6456204556889666]	WithinNoise
numeric/ungoverned/4	retained_bytes	main->candidate	base=1659388	new=1659388	delta=0	percent=0	ci=[0,0]	NoChange
numeric/ungoverned/4	retained_bytes	geometry->candidate	base=1659388	new=1659388	delta=0	percent=0	ci=[0,0]	NoChange
numeric/ungoverned/4	peak_bytes	main->candidate	base=5453696	new=5698755	delta=245059	percent=4.4934481129861314	ci=[1.796875153510169,5.97300918908239]	Regressed
numeric/ungoverned/4	peak_bytes	geometry->candidate	base=5440171	new=5698755	delta=258584	percent=4.753232940655727	ci=[3.541831682400165,6.352498617247426]	Regressed
numeric/fuel/4	allocation_calls	main->candidate	base=457978	new=447961	delta=-10017	percent=-2.1872229670420795	ci=[-2.1872229670420795,-2.1872229670420795]	Improved
numeric/fuel/4	allocation_calls	geometry->candidate	base=446618	new=447961	delta=1343	percent=0.30070440510683305	ci=[0.30070440510683305,0.30070440510683305]	WithinNoise
numeric/fuel/4	requested_bytes	main->candidate	base=57448014	new=54386446	delta=-3061568	percent=-5.329284316077487	ci=[-5.329284316077487,-5.329284316077487]	Improved
numeric/fuel/4	requested_bytes	geometry->candidate	base=55880478	new=54386446	delta=-1494032	percent=-2.6736206515627914	ci=[-2.6736206515627914,-2.6736206515627914]	Improved
numeric/fuel/4	retained_bytes	main->candidate	base=1659388	new=1659388	delta=0	percent=0	ci=[0,0]	NoChange
numeric/fuel/4	retained_bytes	geometry->candidate	base=1659388	new=1659388	delta=0	percent=0	ci=[0,0]	NoChange
numeric/fuel/4	peak_bytes	main->candidate	base=7970744	new=6492832.5	delta=-1477911.5	percent=-18.541700749641443	ci=[-18.960149767700486,-17.283047856009425]	Improved
numeric/fuel/4	peak_bytes	geometry->candidate	base=8802149.5	new=6492832.5	delta=-2309317	percent=-26.235830236693893	ci=[-29.934046238379274,-24.29443154941806]	Improved
numeric/scratch/4	allocation_calls	main->candidate	base=458491	new=448065	delta=-10426	percent=-2.273981386766588	ci=[-2.273981386766588,-2.273981386766588]	Improved
numeric/scratch/4	allocation_calls	geometry->candidate	base=446637	new=448065	delta=1428	percent=0.3197227278528114	ci=[0.3197227278528114,0.3197227278528114]	WithinNoise
numeric/scratch/4	requested_bytes	main->candidate	base=63307022	new=65361358	delta=2054336	percent=3.2450365458668973	ci=[3.2450365458668973,3.2450365458668973]	Regressed
numeric/scratch/4	requested_bytes	geometry->candidate	base=61743582	new=65361358	delta=3617776	percent=5.859355552128487	ci=[5.859355552128487,5.859355552128487]	Regressed
numeric/scratch/4	retained_bytes	main->candidate	base=1659388	new=1659388	delta=0	percent=0	ci=[0,0]	NoChange
numeric/scratch/4	retained_bytes	geometry->candidate	base=1659388	new=1659388	delta=0	percent=0	ci=[0,0]	NoChange
numeric/scratch/4	peak_bytes	main->candidate	base=15296315	new=15892603	delta=596288	percent=3.898246080837109	ci=[3.898246080837109,3.898246080837109]	Regressed
numeric/scratch/4	peak_bytes	geometry->candidate	base=15068627	new=15892603	delta=823976	percent=5.468155791499774	ci=[5.468155791499774,5.468155791499774]	Regressed
numeric/metered/4	allocation_calls	main->candidate	base=458639	new=446712	delta=-11927	percent=-2.6005202348688194	ci=[-2.6005202348688194,-2.6005202348688194]	Improved
numeric/metered/4	allocation_calls	geometry->candidate	base=446539	new=446712	delta=173	percent=0.03874241667580769	ci=[0.03874241667580769,0.03874241667580769]	WithinNoise
numeric/metered/4	requested_bytes	main->candidate	base=69627200	new=70774728	delta=1147528	percent=1.6481030401911845	ci=[1.6481030401911845,1.6481030401911845]	Regressed
numeric/metered/4	requested_bytes	geometry->candidate	base=67850768	new=70774728	delta=2923960	percent=4.309398531789643	ci=[4.309398531789643,4.309398531789643]	Regressed
numeric/metered/4	retained_bytes	main->candidate	base=1659388	new=1659388	delta=0	percent=0	ci=[0,0]	NoChange
numeric/metered/4	retained_bytes	geometry->candidate	base=1659388	new=1659388	delta=0	percent=0	ci=[0,0]	NoChange
numeric/metered/4	peak_bytes	main->candidate	base=19605307	new=19263299	delta=-342008	percent=-1.7444664345220406	ci=[-1.7444664345220406,-1.7444664345220406]	Improved
numeric/metered/4	peak_bytes	geometry->candidate	base=19271123	new=19263299	delta=-7824	percent=-0.04059960594927636	ci=[-0.04059960594927636,-0.04059960594927636]	WithinNoise
filter/ungoverned/4	allocation_calls	main->candidate	base=29910	new=29910	delta=0	percent=0	ci=[0,0]	NoChange
filter/ungoverned/4	allocation_calls	geometry->candidate	base=29910	new=29910	delta=0	percent=0	ci=[0,0]	NoChange
filter/ungoverned/4	requested_bytes	main->candidate	base=6126680	new=6126680	delta=0	percent=0	ci=[0,0]	NoChange
filter/ungoverned/4	requested_bytes	geometry->candidate	base=6126680	new=6126680	delta=0	percent=0	ci=[0,0]	NoChange
filter/ungoverned/4	retained_bytes	main->candidate	base=1907203	new=1907203	delta=0	percent=0	ci=[0,0]	NoChange
filter/ungoverned/4	retained_bytes	geometry->candidate	base=1907203	new=1907203	delta=0	percent=0	ci=[0,0]	NoChange
filter/ungoverned/4	peak_bytes	main->candidate	base=2497011	new=2497011	delta=0	percent=0	ci=[0,0]	NoChange
filter/ungoverned/4	peak_bytes	geometry->candidate	base=2497011	new=2497011	delta=0	percent=0	ci=[0,0]	NoChange
filter/stop_signal/4	allocation_calls	main->candidate	base=36061	new=30079	delta=-5982	percent=-16.58855827625413	ci=[-16.58855827625413,-16.58855827625413]	Improved
filter/stop_signal/4	allocation_calls	geometry->candidate	base=30080	new=30079	delta=-1	percent=-0.003324468085108556	ci=[-0.003324468085108556,-0.003324468085108556]	WithinNoise
filter/stop_signal/4	requested_bytes	main->candidate	base=14237488	new=7773088	delta=-6464400	percent=-45.40407689895858	ci=[-45.40407689895858,-45.40407689895858]	Improved
filter/stop_signal/4	requested_bytes	geometry->candidate	base=7772744	new=7773088	delta=344	percent=0.00442572146979181	ci=[0.00442572146979181,0.00442572146979181]	WithinNoise
filter/stop_signal/4	retained_bytes	main->candidate	base=1907203	new=1907203	delta=0	percent=0	ci=[0,0]	NoChange
filter/stop_signal/4	retained_bytes	geometry->candidate	base=1907203	new=1907203	delta=0	percent=0	ci=[0,0]	NoChange
filter/stop_signal/4	peak_bytes	main->candidate	base=2640664	new=2497379	delta=-143285	percent=-5.426097375508587	ci=[-5.426097375508587,-5.426097375508587]	Improved
filter/stop_signal/4	peak_bytes	geometry->candidate	base=2497379	new=2497379	delta=0	percent=0	ci=[0,0]	NoChange
filter/fuel_and_stop_signal/4	allocation_calls	main->candidate	base=36062	new=30080	delta=-5982	percent=-16.58809827519272	ci=[-16.58809827519272,-16.58809827519272]	Improved
filter/fuel_and_stop_signal/4	allocation_calls	geometry->candidate	base=30081	new=30080	delta=-1	percent=-0.0033243575679020587	ci=[-0.0033243575679020587,-0.0033243575679020587]	WithinNoise
filter/fuel_and_stop_signal/4	requested_bytes	main->candidate	base=14237504	new=7773104	delta=-6464400	percent=-45.404025874198176	ci=[-45.404025874198176,-45.404025874198176]	Improved
filter/fuel_and_stop_signal/4	requested_bytes	geometry->candidate	base=7772760	new=7773104	delta=344	percent=0.004425712359568124	ci=[0.004425712359568124,0.004425712359568124]	WithinNoise
filter/fuel_and_stop_signal/4	retained_bytes	main->candidate	base=1907203	new=1907203	delta=0	percent=0	ci=[0,0]	NoChange
filter/fuel_and_stop_signal/4	retained_bytes	geometry->candidate	base=1907203	new=1907203	delta=0	percent=0	ci=[0,0]	NoChange
filter/fuel_and_stop_signal/4	peak_bytes	main->candidate	base=2640664	new=2497379	delta=-143285	percent=-5.426097375508587	ci=[-5.426097375508587,-5.426097375508587]	Improved
filter/fuel_and_stop_signal/4	peak_bytes	geometry->candidate	base=2497379	new=2497379	delta=0	percent=0	ci=[0,0]	NoChange
bind/ungoverned/4	allocation_calls	main->candidate	base=188956	new=188957	delta=1	percent=0.0005292237346354867	ci=[0.0005292237346354867,0.0005292237346354867]	WithinNoise
bind/ungoverned/4	allocation_calls	geometry->candidate	base=188956	new=188957	delta=1	percent=0.0005292237346354867	ci=[0.0005292237346354867,0.0005292237346354867]	WithinNoise
bind/ungoverned/4	requested_bytes	main->candidate	base=13809785	new=14465145	delta=655360	percent=4.745620587141652	ci=[4.745620587141652,4.745620587141652]	Regressed
bind/ungoverned/4	requested_bytes	geometry->candidate	base=13809785	new=14465145	delta=655360	percent=4.745620587141652	ci=[4.745620587141652,4.745620587141652]	Regressed
bind/ungoverned/4	retained_bytes	main->candidate	base=4125520	new=4125520	delta=0	percent=0	ci=[0,0]	NoChange
bind/ungoverned/4	retained_bytes	geometry->candidate	base=4125520	new=4125520	delta=0	percent=0	ci=[0,0]	NoChange
bind/ungoverned/4	peak_bytes	main->candidate	base=4788534	new=4788534	delta=0	percent=0	ci=[0,0]	NoChange
bind/ungoverned/4	peak_bytes	geometry->candidate	base=4788534	new=4788534	delta=0	percent=0	ci=[0,0]	NoChange
bind/stop_signal/4	allocation_calls	main->candidate	base=196833	new=189125	delta=-7708	percent=-3.916010018645244	ci=[-3.916010018645244,-3.916010018645244]	Improved
bind/stop_signal/4	allocation_calls	geometry->candidate	base=189126	new=189125	delta=-1	percent=-0.0005287480304150272	ci=[-0.0005287480304150272,-0.0005287480304150272]	WithinNoise
bind/stop_signal/4	requested_bytes	main->candidate	base=25284969	new=15521793	delta=-9763176	percent=-38.612568597572725	ci=[-38.612568597572725,-38.612568597572725]	Improved
bind/stop_signal/4	requested_bytes	geometry->candidate	base=15521449	new=15521793	delta=344	percent=0.0022162879251830248	ci=[0.0022162879251830248,0.0022162879251830248]	WithinNoise
bind/stop_signal/4	retained_bytes	main->candidate	base=4125520	new=4125520	delta=0	percent=0	ci=[0,0]	NoChange
bind/stop_signal/4	retained_bytes	geometry->candidate	base=4125520	new=4125520	delta=0	percent=0	ci=[0,0]	NoChange
bind/stop_signal/4	peak_bytes	main->candidate	base=4956872	new=4816672	delta=-140200	percent=-2.8283966178670794	ci=[-2.8283966178670794,-2.8283966178670794]	Improved
bind/stop_signal/4	peak_bytes	geometry->candidate	base=4816328	new=4816672	delta=344	percent=0.007142370702317713	ci=[0.007142370702317713,0.007142370702317713]	WithinNoise
bind/fuel_and_stop_signal/4	allocation_calls	main->candidate	base=196834	new=189126	delta=-7708	percent=-3.915990123657498	ci=[-3.915990123657498,-3.915990123657498]	Improved
bind/fuel_and_stop_signal/4	allocation_calls	geometry->candidate	base=189127	new=189126	delta=-1	percent=-0.0005287452346847132	ci=[-0.0005287452346847132,-0.0005287452346847132]	WithinNoise
bind/fuel_and_stop_signal/4	requested_bytes	main->candidate	base=25284985	new=15521809	delta=-9763176	percent=-38.61254416405626	ci=[-38.61254416405626,-38.61254416405626]	Improved
bind/fuel_and_stop_signal/4	requested_bytes	geometry->candidate	base=15521465	new=15521809	delta=344	percent=0.0022162856405660847	ci=[0.0022162856405660847,0.0022162856405660847]	WithinNoise
bind/fuel_and_stop_signal/4	retained_bytes	main->candidate	base=4125520	new=4125520	delta=0	percent=0	ci=[0,0]	NoChange
bind/fuel_and_stop_signal/4	retained_bytes	geometry->candidate	base=4125520	new=4125520	delta=0	percent=0	ci=[0,0]	NoChange
bind/fuel_and_stop_signal/4	peak_bytes	main->candidate	base=4956872	new=4816672	delta=-140200	percent=-2.8283966178670794	ci=[-2.8283966178670794,-2.8283966178670794]	Improved
bind/fuel_and_stop_signal/4	peak_bytes	geometry->candidate	base=4816328	new=4816672	delta=344	percent=0.007142370702317713	ci=[0.007142370702317713,0.007142370702317713]	WithinNoise
numeric/ungoverned/32	allocation_calls	main->candidate	base=1730778	new=1730779	delta=1	percent=0.00005777748504076641	ci=[0.00005777748504076641,0.00005777748504076641]	WithinNoise
numeric/ungoverned/32	allocation_calls	geometry->candidate	base=1730778	new=1730779	delta=1	percent=0.00005777748504076641	ci=[0.00005777748504076641,0.00005777748504076641]	WithinNoise
numeric/ungoverned/32	requested_bytes	main->candidate	base=178272926	new=178672886	delta=399960	percent=0.22435263108879777	ci=[0.22435263108879777,0.22435263108879777]	WithinNoise
numeric/ungoverned/32	requested_bytes	geometry->candidate	base=178272926	new=178672886	delta=399960	percent=0.22435263108879777	ci=[0.22435263108879777,0.22435263108879777]	WithinNoise
numeric/ungoverned/32	retained_bytes	main->candidate	base=1659388	new=1659388	delta=0	percent=0	ci=[0,0]	NoChange
numeric/ungoverned/32	retained_bytes	geometry->candidate	base=1659388	new=1659388	delta=0	percent=0	ci=[0,0]	NoChange
numeric/ungoverned/32	peak_bytes	main->candidate	base=29479964	new=30769364.5	delta=1289400.5	percent=4.373819791638822	ci=[0.7076406463639051,7.816761707366071]	WithinNoise
numeric/ungoverned/32	peak_bytes	geometry->candidate	base=28125186.5	new=30769364.5	delta=2644178	percent=9.401459435655646	ci=[5.8534182375869825,13.509311293904446]	Regressed
numeric/fuel/32	allocation_calls	main->candidate	base=503700	new=448814	delta=-54886	percent=-10.896565415922177	ci=[-10.896565415922177,-10.896565415922177]	Improved
numeric/fuel/32	allocation_calls	geometry->candidate	base=453377	new=448814	delta=-4563	percent=-1.0064471731031754	ci=[-1.0064471731031754,-1.0064471731031754]	Improved
numeric/fuel/32	requested_bytes	main->candidate	base=64123918	new=54376350	delta=-9747568	percent=-15.201142263328327	ci=[-15.201142263328327,-15.201142263328327]	Improved
numeric/fuel/32	requested_bytes	geometry->candidate	base=56316846	new=54376350	delta=-1940496	percent=-3.4456759172912466	ci=[-3.4456759172912466,-3.4456759172912466]	Improved
numeric/fuel/32	retained_bytes	main->candidate	base=1659388	new=1659388	delta=0	percent=0	ci=[0,0]	NoChange
numeric/fuel/32	retained_bytes	geometry->candidate	base=1659388	new=1659388	delta=0	percent=0	ci=[0,0]	NoChange
numeric/fuel/32	peak_bytes	main->candidate	base=7496184	new=10423867.5	delta=2927683.5	percent=39.055651515491085	ci=[34.15543828700043,50.38382195527751]	Regressed
numeric/fuel/32	peak_bytes	geometry->candidate	base=8323803	new=10423867.5	delta=2100064.5	percent=25.229627611321416	ci=[21.012332379265874,35.33849994399942]	Regressed
numeric/scratch/32	allocation_calls	main->candidate	base=511071	new=448805	delta=-62266	percent=-12.183434395612347	ci=[-12.183434395612347,-12.183434395612347]	Improved
numeric/scratch/32	allocation_calls	geometry->candidate	base=453507	new=448805	delta=-4702	percent=-1.0368086931403453	ci=[-1.0368086931403453,-1.0368086931403453]	Improved
numeric/scratch/32	requested_bytes	main->candidate	base=75098830	new=65351262	delta=-9747568	percent=-12.97965361111485	ci=[-12.97965361111485,-12.97965361111485]	Improved
numeric/scratch/32	requested_bytes	geometry->candidate	base=62179950	new=65351262	delta=3171312	percent=5.10021638808007	ci=[5.10021638808007,5.10021638808007]	Regressed
numeric/scratch/32	retained_bytes	main->candidate	base=1659388	new=1659388	delta=0	percent=0	ci=[0,0]	NoChange
numeric/scratch/32	retained_bytes	geometry->candidate	base=1659388	new=1659388	delta=0	percent=0	ci=[0,0]	NoChange
numeric/scratch/32	peak_bytes	main->candidate	base=17010011	new=15892603	delta=-1117408	percent=-6.569119796571565	ci=[-6.569119796571565,-6.569119796571565]	Improved
numeric/scratch/32	peak_bytes	geometry->candidate	base=15119699	new=15892603	delta=772904	percent=5.1119007064889255	ci=[5.1119007064889255,5.1119007064889255]	Regressed
numeric/metered/32	allocation_calls	main->candidate	base=512716	new=453807	delta=-58909	percent=-11.489596579782956	ci=[-11.489596579782956,-11.489596579782956]	Improved
numeric/metered/32	allocation_calls	geometry->candidate	base=452781	new=453807	delta=1026	percent=0.22659961438311615	ci=[0.22659961438311615,0.22659961438311615]	WithinNoise
numeric/metered/32	requested_bytes	main->candidate	base=83051120	new=71216472	delta=-11834648	percent=-14.249835522988729	ci=[-14.249835522988729,-14.249835522988729]	Improved
numeric/metered/32	requested_bytes	geometry->candidate	base=68297232	new=71216472	delta=2919240	percent=4.274316710229198	ci=[4.274316710229198,4.274316710229198]	Regressed
numeric/metered/32	retained_bytes	main->candidate	base=1659388	new=1659388	delta=0	percent=0	ci=[0,0]	NoChange
numeric/metered/32	retained_bytes	geometry->candidate	base=1659388	new=1659388	delta=0	percent=0	ci=[0,0]	NoChange
numeric/metered/32	peak_bytes	main->candidate	base=22130011	new=19317059	delta=-2812952	percent=-12.711028476217201	ci=[-12.711028476217201,-12.711028476217201]	Improved
numeric/metered/32	peak_bytes	geometry->candidate	base=19322195	new=19317059	delta=-5136	percent=-0.026580831008071737	ci=[-0.026580831008071737,-0.026580831008071737]	WithinNoise
filter/ungoverned/32	allocation_calls	main->candidate	base=32220	new=32220	delta=0	percent=0	ci=[0,0]	NoChange
filter/ungoverned/32	allocation_calls	geometry->candidate	base=32220	new=32220	delta=0	percent=0	ci=[0,0]	NoChange
filter/ungoverned/32	requested_bytes	main->candidate	base=9057832	new=9057832	delta=0	percent=0	ci=[0,0]	NoChange
filter/ungoverned/32	requested_bytes	geometry->candidate	base=9057832	new=9057832	delta=0	percent=0	ci=[0,0]	NoChange
filter/ungoverned/32	retained_bytes	main->candidate	base=1907203	new=1907203	delta=0	percent=0	ci=[0,0]	NoChange
filter/ungoverned/32	retained_bytes	geometry->candidate	base=1907203	new=1907203	delta=0	percent=0	ci=[0,0]	NoChange
filter/ungoverned/32	peak_bytes	main->candidate	base=2497011	new=2497011	delta=0	percent=0	ci=[0,0]	NoChange
filter/ungoverned/32	peak_bytes	geometry->candidate	base=2497011	new=2497011	delta=0	percent=0	ci=[0,0]	NoChange
filter/stop_signal/32	allocation_calls	main->candidate	base=60442	new=33128	delta=-27314	percent=-45.19043049535092	ci=[-45.19043049535092,-45.19043049535092]	Improved
filter/stop_signal/32	allocation_calls	geometry->candidate	base=33129	new=33128	delta=-1	percent=-0.0030185034259999632	ci=[-0.0030185034259999632,-0.0030185034259999632]	WithinNoise
filter/stop_signal/32	requested_bytes	main->candidate	base=17272232	new=10760688	delta=-6511544	percent=-37.69949361495376	ci=[-37.69949361495376,-37.69949361495376]	Improved
filter/stop_signal/32	requested_bytes	geometry->candidate	base=10757656	new=10760688	delta=3032	percent=0.02818457849924627	ci=[0.02818457849924627,0.02818457849924627]	WithinNoise
filter/stop_signal/32	retained_bytes	main->candidate	base=1907203	new=1907203	delta=0	percent=0	ci=[0,0]	NoChange
filter/stop_signal/32	retained_bytes	geometry->candidate	base=1907203	new=1907203	delta=0	percent=0	ci=[0,0]	NoChange
filter/stop_signal/32	peak_bytes	main->candidate	base=3634712	new=2500272	delta=-1134440	percent=-31.211276161632618	ci=[-31.211276161632618,-31.211276161632618]	Improved
filter/stop_signal/32	peak_bytes	geometry->candidate	base=2497379	new=2500272	delta=2893	percent=0.11584144817426978	ci=[0.11584144817426978,0.11584144817426978]	WithinNoise
filter/fuel_and_stop_signal/32	allocation_calls	main->candidate	base=60443	new=33129	delta=-27314	percent=-45.18968284168555	ci=[-45.18968284168555,-45.18968284168555]	Improved
filter/fuel_and_stop_signal/32	allocation_calls	geometry->candidate	base=33130	new=33129	delta=-1	percent=-0.0030184123151255626	ci=[-0.0030184123151255626,-0.0030184123151255626]	WithinNoise
filter/fuel_and_stop_signal/32	requested_bytes	main->candidate	base=17272248	new=10760704	delta=-6511544	percent=-37.69945869234855	ci=[-37.69945869234855,-37.69945869234855]	Improved
filter/fuel_and_stop_signal/32	requested_bytes	geometry->candidate	base=10757672	new=10760704	delta=3032	percent=0.028184536580022623	ci=[0.028184536580022623,0.028184536580022623]	WithinNoise
filter/fuel_and_stop_signal/32	retained_bytes	main->candidate	base=1907203	new=1907203	delta=0	percent=0	ci=[0,0]	NoChange
filter/fuel_and_stop_signal/32	retained_bytes	geometry->candidate	base=1907203	new=1907203	delta=0	percent=0	ci=[0,0]	NoChange
filter/fuel_and_stop_signal/32	peak_bytes	main->candidate	base=3634712	new=2500272	delta=-1134440	percent=-31.211276161632618	ci=[-31.211276161632618,-31.211276161632618]	Improved
filter/fuel_and_stop_signal/32	peak_bytes	geometry->candidate	base=2497379	new=2500272	delta=2893	percent=0.11584144817426978	ci=[0.11584144817426978,0.11584144817426978]	WithinNoise
bind/ungoverned/32	allocation_calls	main->candidate	base=192162	new=192163	delta=1	percent=0.0005203942506915027	ci=[0.0005203942506915027,0.0005203942506915027]	WithinNoise
bind/ungoverned/32	allocation_calls	geometry->candidate	base=192162	new=192163	delta=1	percent=0.0005203942506915027	ci=[0.0005203942506915027,0.0005203942506915027]	WithinNoise
bind/ungoverned/32	requested_bytes	main->candidate	base=19105369	new=19760729	delta=655360	percent=3.430239949827718	ci=[3.430239949827718,3.430239949827718]	Regressed
bind/ungoverned/32	requested_bytes	geometry->candidate	base=19105369	new=19760729	delta=655360	percent=3.430239949827718	ci=[3.430239949827718,3.430239949827718]	Regressed
bind/ungoverned/32	retained_bytes	main->candidate	base=4125520	new=4125520	delta=0	percent=0	ci=[0,0]	NoChange
bind/ungoverned/32	retained_bytes	geometry->candidate	base=4125520	new=4125520	delta=0	percent=0	ci=[0,0]	NoChange
bind/ungoverned/32	peak_bytes	main->candidate	base=4788534	new=4788534	delta=0	percent=0	ci=[0,0]	NoChange
bind/ungoverned/32	peak_bytes	geometry->candidate	base=4788534	new=4788534	delta=0	percent=0	ci=[0,0]	NoChange
bind/stop_signal/32	allocation_calls	main->candidate	base=223450	new=193070	delta=-30380	percent=-13.5958827478183	ci=[-13.5958827478183,-13.5958827478183]	Improved
bind/stop_signal/32	allocation_calls	geometry->candidate	base=193071	new=193070	delta=-1	percent=-0.0005179441759817216	ci=[-0.0005179441759817216,-0.0005179441759817216]	WithinNoise
bind/stop_signal/32	requested_bytes	main->candidate	base=29445825	new=20873825	delta=-8572000	percent=-29.111087904652024	ci=[-29.111087904652024,-29.111087904652024]	Improved
bind/stop_signal/32	requested_bytes	geometry->candidate	base=20870793	new=20873825	delta=3032	percent=0.014527478663595161	ci=[0.014527478663595161,0.014527478663595161]	WithinNoise
bind/stop_signal/32	retained_bytes	main->candidate	base=4125520	new=4125520	delta=0	percent=0	ci=[0,0]	NoChange
bind/stop_signal/32	retained_bytes	geometry->candidate	base=4125520	new=4125520	delta=0	percent=0	ci=[0,0]	NoChange
bind/stop_signal/32	peak_bytes	main->candidate	base=6003400	new=4882080	delta=-1121320	percent=-18.678082419962017	ci=[-18.678082419962017,-18.678082419962017]	Improved
bind/stop_signal/32	peak_bytes	geometry->candidate	base=4879048	new=4882080	delta=3032	percent=0.06214327057245672	ci=[0.06214327057245672,0.06214327057245672]	WithinNoise
bind/fuel_and_stop_signal/32	allocation_calls	main->candidate	base=223451	new=193071	delta=-30380	percent=-13.59582190278853	ci=[-13.59582190278853,-13.59582190278853]	Improved
bind/fuel_and_stop_signal/32	allocation_calls	geometry->candidate	base=193072	new=193071	delta=-1	percent=-0.0005179414933276227	ci=[-0.0005179414933276227,-0.0005179414933276227]	WithinNoise
bind/fuel_and_stop_signal/32	requested_bytes	main->candidate	base=29445841	new=20873841	delta=-8572000	percent=-29.11107208654696	ci=[-29.11107208654696,-29.11107208654696]	Improved
bind/fuel_and_stop_signal/32	requested_bytes	geometry->candidate	base=20870809	new=20873841	delta=3032	percent=0.014527467526526117	ci=[0.014527467526526117,0.014527467526526117]	WithinNoise
bind/fuel_and_stop_signal/32	retained_bytes	main->candidate	base=4125520	new=4125520	delta=0	percent=0	ci=[0,0]	NoChange
bind/fuel_and_stop_signal/32	retained_bytes	geometry->candidate	base=4125520	new=4125520	delta=0	percent=0	ci=[0,0]	NoChange
bind/fuel_and_stop_signal/32	peak_bytes	main->candidate	base=6003400	new=4882080	delta=-1121320	percent=-18.678082419962017	ci=[-18.678082419962017,-18.678082419962017]	Improved
bind/fuel_and_stop_signal/32	peak_bytes	geometry->candidate	base=4879048	new=4882080	delta=3032	percent=0.06214327057245672	ci=[0.06214327057245672,0.06214327057245672]	WithinNoise
