filter/ungoverned/1	instructions	main->candidate	base=39504872.7	new=39504663.2	delta=-209.5	percent=-0.0005303143275292577	ci=[-0.0005320862514257563,-0.0005282892662217265]	WithinNoise
filter/ungoverned/1	instructions	geometry->candidate	base=39504518.5	new=39504663.2	delta=144.70000000298023	percent=0.0003662872134491124	ci=[0.00036426212404183644,0.0003690717115922837]	WithinNoise
filter/stop_signal/1	instructions	main->candidate	base=48300397.8	new=44300996.4	delta=-3999401.3999999985	percent=-8.280265965014477	ci=[-8.280266724591945,-8.280264342999944]	Improved
filter/stop_signal/1	instructions	geometry->candidate	base=44660198.2	new=44300996.4	delta=-359201.80000000447	percent=-0.804299610116832	ci=[-0.8043009427893488,-0.8042969339660866]	WithinNoise
filter/fuel_and_stop_signal/1	instructions	main->candidate	base=51694656.9	new=47706315.1	delta=-3988341.799999997	percent=-7.715191548161715	ci=[-7.71519462833461,-7.715190283230711]	Improved
filter/fuel_and_stop_signal/1	instructions	geometry->candidate	base=48065314.8	new=47706315.1	delta=-358999.69999999553	percent=-0.7468997165498537	ci=[-0.7469028373033648,-0.7468974435364983]	WithinNoise
bind/ungoverned/1	instructions	main->candidate	base=115550459.4	new=115722023.6	delta=171564.19999998808	percent=0.14847556720314348	ci=[0.14847452741089118,0.14847669263826635]	WithinNoise
bind/ungoverned/1	instructions	geometry->candidate	base=115637446.69999999	new=115722023.6	delta=84576.90000000596	percent=0.07313971590832136	ci=[0.07313911025181863,0.07314084023810619]	WithinNoise
bind/stop_signal/1	instructions	main->candidate	base=130019023.8	new=120867002.6	delta=-9152021.200000003	percent=-7.0389862441037625	ci=[-7.038987992538837,-7.038985595207869]	Improved
bind/stop_signal/1	instructions	geometry->candidate	base=122023220.3	new=120867002.6	delta=-1156217.700000003	percent=-0.9475390808055928	ci=[-0.9475403865957577,-0.9475381847734776]	WithinNoise
bind/fuel_and_stop_signal/1	instructions	main->candidate	base=133582251.2	new=124522345.3	delta=-9059905.900000006	percent=-6.782267717913715	ci=[-6.782268725339358,-6.782266689703903]	Improved
bind/fuel_and_stop_signal/1	instructions	geometry->candidate	base=125634371.8	new=124522345.3	delta=-1112026.5	percent=-0.8851291920098592	ci=[-0.8851301429529329,-0.8851272119719256]	WithinNoise
filter/ungoverned/4	instructions	main->candidate	base=40258984.3	new=40255206	delta=-3778.2999999970198	percent=-0.009384985899896225	ci=[-0.024701158525519684,0.014781545295972087]	NoChange
filter/ungoverned/4	instructions	geometry->candidate	base=40252528.5	new=40255206	delta=2677.5	percent=0.0066517560505463535	ci=[-0.004605817170189042,0.036607652324605056]	NoChange
filter/stop_signal/4	instructions	main->candidate	base=55713644.6	new=45126609.2	delta=-10587035.399999999	percent=-19.002589896981892	ci=[-19.021939336429227,-18.967126620462327]	Improved
filter/stop_signal/4	instructions	geometry->candidate	base=45491303.2	new=45126609.2	delta=-364694	percent=-0.8016785063216236	ci=[-0.8226242940862272,-0.7628449298854201]	WithinNoise
filter/fuel_and_stop_signal/4	instructions	main->candidate	base=59107776.5	new=48543384.6	delta=-10564391.899999999	percent=-17.873099828074224	ci=[-17.888612995983177,-17.857205342368953]	Improved
filter/fuel_and_stop_signal/4	instructions	geometry->candidate	base=48901670.5	new=48543384.6	delta=-358285.8999999985	percent=-0.7326659730366392	ci=[-0.749759037194142,-0.7144134184207673]	WithinNoise
bind/ungoverned/4	instructions	main->candidate	base=117171548.3	new=117381186.3	delta=209638	percent=0.17891544751398314	ci=[0.07915380618230827,0.2371306619721958]	WithinNoise
bind/ungoverned/4	instructions	geometry->candidate	base=117122714.3	new=117381186.3	delta=258472	percent=0.2206847762577846	ci=[0.07761165667583558,0.326539500082923]	WithinNoise
bind/stop_signal/4	instructions	main->candidate	base=146171470.89999998	new=122165372.1	delta=-24006098.799999982	percent=-16.423245009570465	ci=[-16.443891013538124,-16.395620566593127]	Improved
bind/stop_signal/4	instructions	geometry->candidate	base=123262390	new=122165372.1	delta=-1097017.900000006	percent=-0.8899859072990624	ci=[-0.9240872847973702,-0.828984333665761]	WithinNoise
bind/fuel_and_stop_signal/4	instructions	main->candidate	base=149763836.7	new=125761503.6	delta=-24002333.099999994	percent=-16.026788328133158	ci=[-16.051784986121575,-16.010491801073414]	Improved
bind/fuel_and_stop_signal/4	instructions	geometry->candidate	base=126848708.9	new=125761503.6	delta=-1087205.300000012	percent=-0.8570881875172298	ci=[-0.8800233067245644,-0.8267440015258698]	WithinNoise
filter/ungoverned/32	instructions	main->candidate	base=50489640.4	new=50282886.8	delta=-206753.6000000015	percent=-0.4094970737799186	ci=[-1.4984738050421886,1.454318591633097]	NoChange
filter/ungoverned/32	instructions	geometry->candidate	base=50166411.900000006	new=50282886.8	delta=116474.89999999106	percent=0.23217705948785916	ci=[-0.4591251639486593,1.6234855258122627]	NoChange
filter/stop_signal/32	instructions	main->candidate	base=71197830.9	new=56375326.4	delta=-14822504.500000007	percent=-20.818758538892524	ci=[-21.231809651084344,-20.033032923056602]	Improved
filter/stop_signal/32	instructions	geometry->candidate	base=55882310.6	new=56375326.4	delta=493015.799999997	percent=0.8822394684589119	ci=[0.06697318382988815,1.8805792858835213]	WithinNoise
filter/fuel_and_stop_signal/32	instructions	main->candidate	base=74567440	new=59313286.8	delta=-15254153.200000003	percent=-20.45685516359419	ci=[-21.260852761588723,-19.858804351913307]	Improved
filter/fuel_and_stop_signal/32	instructions	geometry->candidate	base=60437925.8	new=59313286.8	delta=-1124639	percent=-1.8608166728316111	ci=[-2.923449075443163,-0.009614475957275825]	WithinNoise
bind/ungoverned/32	instructions	main->candidate	base=136818623.8	new=138357777.39999998	delta=1539153.5999999642	percent=1.1249591300157125	ci=[0.6657493504573474,1.548265878873245]	WithinNoise
bind/ungoverned/32	instructions	geometry->candidate	base=138317809.9	new=138357777.39999998	delta=39967.4999999702	percent=0.028895411248108793	ci=[-0.5040310791328273,0.5725092601414294]	NoChange
bind/stop_signal/32	instructions	main->candidate	base=162261619.8	new=143724948	delta=-18536671.800000012	percent=-11.423941054482201	ci=[-11.937742916807792,-11.147583440354204]	Improved
bind/stop_signal/32	instructions	geometry->candidate	base=145494715.2	new=143724948	delta=-1769767.199999988	percent=-1.2163790262534446	ci=[-1.696344425988805,0.012358327543404712]	NoChange
bind/fuel_and_stop_signal/32	instructions	main->candidate	base=165522335.3	new=147646851.4	delta=-17875483.900000006	percent=-10.799439161851899	ci=[-11.201786686720027,-10.118402459449172]	Improved
bind/fuel_and_stop_signal/32	instructions	geometry->candidate	base=148493545.2	new=147646851.4	delta=-846693.7999999821	percent=-0.5701889592975906	ci=[-1.3677730229836427,0.5284847816727334]	NoChange
