numeric/ungoverned/1	instructions	main->final-head	base=516364094.5	new=516446440.20000005	delta=82345.70000004768	percent=0.01594721648487951	ci=[0.015879434796439718,0.01604214994927744]	WithinNoise
numeric/ungoverned/1	allocation_calls	main->final-head	base=475389	new=475389	delta=0	percent=0	ci=[0,0]	NoChange
numeric/ungoverned/1	requested_bytes	main->final-head	base=48420830	new=48620790	delta=199960	percent=0.41296276829621004	ci=[0.41296276829621004,0.41296276829621004]	WithinNoise
numeric/ungoverned/1	retained_bytes	main->final-head	base=1659388	new=1659388	delta=0	percent=0	ci=[0,0]	NoChange
numeric/ungoverned/1	peak_bytes	main->final-head	base=5400314	new=5400274	delta=-40	percent=-0.0007406976705426338	ci=[-0.0007406976705426338,-0.0007406976705426338]	WithinNoise
GUARDS numeric/ungoverned/1 record=final-head samples=20 full_receipt_equality=PASS
GUARDS numeric/ungoverned/1 record=main samples=20 full_receipt_equality=PASS
GUARDS numeric/ungoverned/1 record=geometry samples=20 full_receipt_equality=PASS
numeric/fuel/1	instructions	main->final-head	base=536871522.2	new=534047558.29999995	delta=-2823963.9000000954	percent=-0.5260036681454139	ci=[-0.5260048392590866,-0.5259543842761949]	WithinNoise
numeric/fuel/1	allocation_calls	main->final-head	base=449324	new=449326	delta=2	percent=0.0004451131032423561	ci=[0.0004451131032423561,0.0004451131032423561]	WithinNoise
numeric/fuel/1	requested_bytes	main->final-head	base=56077454	new=54014542	delta=-2062912	percent=-3.678683415263473	ci=[-3.678683415263473,-3.678683415263473]	Improved
numeric/fuel/1	retained_bytes	main->final-head	base=1659388	new=1659388	delta=0	percent=0	ci=[0,0]	NoChange
numeric/fuel/1	peak_bytes	main->final-head	base=7738784	new=6690656	delta=-1048128	percent=-13.54383324305214	ci=[-13.54383324305214,-13.54383324305214]	Improved
GUARDS numeric/fuel/1 record=final-head samples=20 full_receipt_equality=PASS
GUARDS numeric/fuel/1 record=main samples=20 full_receipt_equality=PASS
GUARDS numeric/fuel/1 record=geometry samples=20 full_receipt_equality=PASS
numeric/scratch/1	instructions	main->final-head	base=535938101.2	new=533650402.6	delta=-2287698.5999999642	percent=-0.4268587351557329	ci=[-0.426924600971057,-0.4268115109065884]	WithinNoise
numeric/scratch/1	allocation_calls	main->final-head	base=449451	new=449453	delta=2	percent=0.00044498732898468063	ci=[0.00044498732898468063,0.00044498732898468063]	WithinNoise
numeric/scratch/1	requested_bytes	main->final-head	base=61940558	new=59875598	delta=-2064960	percent=-3.3337768768566756	ci=[-3.3337768768566756,-3.3337768768566756]	Improved
numeric/scratch/1	retained_bytes	main->final-head	base=1659388	new=1659388	delta=0	percent=0	ci=[0,0]	NoChange
numeric/scratch/1	peak_bytes	main->final-head	base=15090515	new=14041451	delta=-1049064	percent=-6.951810458423724	ci=[-6.951810458423724,-6.951810458423724]	Improved
GUARDS numeric/scratch/1 record=final-head samples=20 full_receipt_equality=PASS
GUARDS numeric/scratch/1 record=main samples=20 full_receipt_equality=PASS
GUARDS numeric/scratch/1 record=geometry samples=20 full_receipt_equality=PASS
numeric/metered/1	instructions	main->final-head	base=546813615.5	new=539157266.5	delta=-7656349	percent=-1.4001752668501344	ci=[-1.4002121173618987,-1.40012906810989]	Improved
numeric/metered/1	allocation_calls	main->final-head	base=449513	new=445600	delta=-3913	percent=-0.8704976274323539	ci=[-0.8704976274323539,-0.8704976274323539]	WithinNoise
numeric/metered/1	requested_bytes	main->final-head	base=68046400	new=66483512	delta=-1562888	percent=-2.2967974793670187	ci=[-2.2967974793670187,-2.2967974793670187]	Improved
numeric/metered/1	retained_bytes	main->final-head	base=1659388	new=1659388	delta=0	percent=0	ci=[0,0]	NoChange
numeric/metered/1	peak_bytes	main->final-head	base=19293011	new=17151091	delta=-2141920	percent=-11.102051411259762	ci=[-11.102051411259762,-11.102051411259762]	Improved
GUARDS numeric/metered/1 record=final-head samples=20 full_receipt_equality=PASS
GUARDS numeric/metered/1 record=main samples=20 full_receipt_equality=PASS
GUARDS numeric/metered/1 record=geometry samples=20 full_receipt_equality=PASS
filter/ungoverned/1	instructions	main->final-head	base=39504872.7	new=39504691	delta=-181.70000000298023	percent=-0.0004599432616436694	ci=[-0.0004619683201670388,-0.00044475526406184684]	WithinNoise
filter/ungoverned/1	allocation_calls	main->final-head	base=29626	new=29626	delta=0	percent=0	ci=[0,0]	NoChange
filter/ungoverned/1	requested_bytes	main->final-head	base=5812628	new=5812628	delta=0	percent=0	ci=[0,0]	NoChange
filter/ungoverned/1	retained_bytes	main->final-head	base=1907203	new=1907203	delta=0	percent=0	ci=[0,0]	NoChange
filter/ungoverned/1	peak_bytes	main->final-head	base=2497011	new=2497011	delta=0	percent=0	ci=[0,0]	NoChange
GUARDS filter/ungoverned/1 record=final-head samples=20 full_receipt_equality=PASS
GUARDS filter/ungoverned/1 record=main samples=20 full_receipt_equality=PASS
GUARDS filter/ungoverned/1 record=geometry samples=20 full_receipt_equality=PASS
filter/stop_signal/1	instructions	main->final-head	base=48300397.8	new=44376451.099999994	delta=-3923946.700000003	percent=-8.124046340670098	ci=[-8.124091888949215,-8.123588597283959]	Improved
filter/stop_signal/1	allocation_calls	main->final-head	base=31463	new=29681	delta=-1782	percent=-5.663795569398977	ci=[-5.663795569398977,-5.663795569398977]	Improved
filter/stop_signal/1	requested_bytes	main->final-head	base=9119128	new=7452988	delta=-1666140	percent=-18.270825894756605	ci=[-18.270825894756605,-18.270825894756605]	Improved
filter/stop_signal/1	retained_bytes	main->final-head	base=1907203	new=1907203	delta=0	percent=0	ci=[0,0]	NoChange
filter/stop_signal/1	peak_bytes	main->final-head	base=2528536	new=2497379	delta=-31157	percent=-1.2322150050463998	ci=[-1.2322150050463998,-1.2322150050463998]	Improved
GUARDS filter/stop_signal/1 record=final-head samples=20 full_receipt_equality=PASS
GUARDS filter/stop_signal/1 record=main samples=20 full_receipt_equality=PASS
GUARDS filter/stop_signal/1 record=geometry samples=20 full_receipt_equality=PASS
filter/fuel_and_stop_signal/1	instructions	main->final-head	base=51694656.9	new=47798158.599999994	delta=-3896498.3000000045	percent=-7.537526184838661	ci=[-7.53758070676902,-7.5371045025015695]	Improved
filter/fuel_and_stop_signal/1	allocation_calls	main->final-head	base=31464	new=29682	delta=-1782	percent=-5.663615560640734	ci=[-5.663615560640734,-5.663615560640734]	Improved
filter/fuel_and_stop_signal/1	requested_bytes	main->final-head	base=9119144	new=7453004	delta=-1666140	percent=-18.27079383766722	ci=[-18.27079383766722,-18.27079383766722]	Improved
filter/fuel_and_stop_signal/1	retained_bytes	main->final-head	base=1907203	new=1907203	delta=0	percent=0	ci=[0,0]	NoChange
filter/fuel_and_stop_signal/1	peak_bytes	main->final-head	base=2528536	new=2497379	delta=-31157	percent=-1.2322150050463998	ci=[-1.2322150050463998,-1.2322150050463998]	Improved
GUARDS filter/fuel_and_stop_signal/1 record=final-head samples=20 full_receipt_equality=PASS
GUARDS filter/fuel_and_stop_signal/1 record=main samples=20 full_receipt_equality=PASS
GUARDS filter/fuel_and_stop_signal/1 record=geometry samples=20 full_receipt_equality=PASS
bind/ungoverned/1	instructions	main->final-head	base=115550459.4	new=115778102.80000001	delta=227643.40000000596	percent=0.19700778446234413	ci=[0.1968790085301153,0.19734486629423564]	WithinNoise
bind/ungoverned/1	allocation_calls	main->final-head	base=188576	new=188576	delta=0	percent=0	ci=[0,0]	NoChange
bind/ungoverned/1	requested_bytes	main->final-head	base=13242401	new=13242401	delta=0	percent=0	ci=[0,0]	NoChange
bind/ungoverned/1	retained_bytes	main->final-head	base=4125520	new=4125520	delta=0	percent=0	ci=[0,0]	NoChange
bind/ungoverned/1	peak_bytes	main->final-head	base=4788534	new=4788534	delta=0	percent=0	ci=[0,0]	NoChange
GUARDS bind/ungoverned/1 record=final-head samples=20 full_receipt_equality=PASS
GUARDS bind/ungoverned/1 record=main samples=20 full_receipt_equality=PASS
GUARDS bind/ungoverned/1 record=geometry samples=20 full_receipt_equality=PASS
bind/stop_signal/1	instructions	main->final-head	base=130019023.8	new=120899868.69999999	delta=-9119155.100000009	percent=-7.013708327811652	ci=[-7.013731352808716,-7.0136369428522976]	Improved
bind/stop_signal/1	allocation_calls	main->final-head	base=190893	new=188631	delta=-2262	percent=-1.1849570178057878	ci=[-1.1849570178057878,-1.1849570178057878]	Improved
bind/stop_signal/1	requested_bytes	main->final-head	base=17815561	new=14948361	delta=-2867200	percent=-16.093795755295048	ci=[-16.093795755295048,-16.093795755295048]	Improved
bind/stop_signal/1	retained_bytes	main->final-head	base=4125520	new=4125520	delta=0	percent=0	ci=[0,0]	NoChange
bind/stop_signal/1	peak_bytes	main->final-head	base=4844744	new=4809664	delta=-35080	percent=-0.7240836667530837	ci=[-0.7240836667530837,-0.7240836667530837]	WithinNoise
GUARDS bind/stop_signal/1 record=final-head samples=20 full_receipt_equality=PASS
GUARDS bind/stop_signal/1 record=main samples=20 full_receipt_equality=PASS
GUARDS bind/stop_signal/1 record=geometry samples=20 full_receipt_equality=PASS
bind/fuel_and_stop_signal/1	instructions	main->final-head	base=133582251.2	new=124588243.1	delta=-8994008.100000009	percent=-6.732936463643013	ci=[-6.733133081182075,-6.732468222892873]	Improved
bind/fuel_and_stop_signal/1	allocation_calls	main->final-head	base=190894	new=188632	delta=-2262	percent=-1.1849508103973894	ci=[-1.1849508103973894,-1.1849508103973894]	Improved
bind/fuel_and_stop_signal/1	requested_bytes	main->final-head	base=17815577	new=14948377	delta=-2867200	percent=-16.093781301610388	ci=[-16.093781301610388,-16.093781301610388]	Improved
bind/fuel_and_stop_signal/1	retained_bytes	main->final-head	base=4125520	new=4125520	delta=0	percent=0	ci=[0,0]	NoChange
bind/fuel_and_stop_signal/1	peak_bytes	main->final-head	base=4844744	new=4809664	delta=-35080	percent=-0.7240836667530837	ci=[-0.7240836667530837,-0.7240836667530837]	WithinNoise
GUARDS bind/fuel_and_stop_signal/1 record=final-head samples=20 full_receipt_equality=PASS
GUARDS bind/fuel_and_stop_signal/1 record=main samples=20 full_receipt_equality=PASS
GUARDS bind/fuel_and_stop_signal/1 record=geometry samples=20 full_receipt_equality=PASS
numeric/ungoverned/4	instructions	main->final-head	base=574977617.9000001	new=574611305.3	delta=-366312.60000014305	percent=-0.06370901902895687	ci=[-0.09419402699397672,-0.0152056087710295]	WithinNoise
numeric/ungoverned/4	allocation_calls	main->final-head	base=606122	new=606122	delta=0	percent=0	ci=[0,0]	NoChange
numeric/ungoverned/4	requested_bytes	main->final-head	base=61949710	new=62149670	delta=199960	percent=0.3227779435932776	ci=[0.3227779435932776,0.3227779435932776]	WithinNoise
numeric/ungoverned/4	retained_bytes	main->final-head	base=1659388	new=1659388	delta=0	percent=0	ci=[0,0]	NoChange
numeric/ungoverned/4	peak_bytes	main->final-head	base=5453696	new=5483249	delta=29553	percent=0.541889390241046	ci=[-2.7125111871242114,2.5254463614904354]	NoChange
GUARDS numeric/ungoverned/4 record=final-head samples=20 full_receipt_equality=PASS
GUARDS numeric/ungoverned/4 record=main samples=20 full_receipt_equality=PASS
GUARDS numeric/ungoverned/4 record=geometry samples=20 full_receipt_equality=PASS
numeric/fuel/4	instructions	main->final-head	base=534661169.2	new=532020003.20000005	delta=-2641165.9999999404	percent=-0.4939887450498559	ci=[-0.515347627580276,-0.45844412931105594]	WithinNoise
numeric/fuel/4	allocation_calls	main->final-head	base=457978	new=449956	delta=-8022	percent=-1.7516125228722812	ci=[-1.7516125228722812,-1.7516125228722812]	Improved
numeric/fuel/4	requested_bytes	main->final-head	base=57448014	new=53266670	delta=-4181344	percent=-7.278483116927248	ci=[-7.278483116927248,-7.278483116927248]	Improved
numeric/fuel/4	retained_bytes	main->final-head	base=1659388	new=1659388	delta=0	percent=0	ci=[0,0]	NoChange
numeric/fuel/4	peak_bytes	main->final-head	base=7970744	new=5386204	delta=-2584540	percent=-32.425329429724506	ci=[-32.98296244365645,-31.745606181806863]	Improved
GUARDS numeric/fuel/4 record=final-head samples=20 full_receipt_equality=PASS
GUARDS numeric/fuel/4 record=main samples=20 full_receipt_equality=PASS
GUARDS numeric/fuel/4 record=geometry samples=20 full_receipt_equality=PASS
numeric/scratch/4	instructions	main->final-head	base=541140196.1	new=535523701.70000005	delta=-5616494.399999976	percent=-1.0379000563029872	ci=[-1.043840496963644,-1.0319295694644959]	Improved
numeric/scratch/4	allocation_calls	main->final-head	base=458491	new=450177	delta=-8314	percent=-1.813339847456108	ci=[-1.813339847456108,-1.813339847456108]	Improved
numeric/scratch/4	requested_bytes	main->final-head	base=63307022	new=62961582	delta=-345440	percent=-0.5456582683671329	ci=[-0.5456582683671329,-0.5456582683671329]	WithinNoise
numeric/scratch/4	retained_bytes	main->final-head	base=1659388	new=1659388	delta=0	percent=0	ci=[0,0]	NoChange
numeric/scratch/4	peak_bytes	main->final-head	base=15296315	new=14628747	delta=-667568	percent=-4.3642406684224255	ci=[-4.3642406684224255,-4.3642406684224255]	Improved
GUARDS numeric/scratch/4 record=final-head samples=20 full_receipt_equality=PASS
GUARDS numeric/scratch/4 record=main samples=20 full_receipt_equality=PASS
GUARDS numeric/scratch/4 record=geometry samples=20 full_receipt_equality=PASS
numeric/metered/4	instructions	main->final-head	base=552146238.4	new=538068142.4	delta=-14078096	percent=-2.5497042306754203	ci=[-2.5639372240709557,-2.540053298888088]	Improved
numeric/metered/4	allocation_calls	main->final-head	base=458639	new=446712	delta=-11927	percent=-2.6005202348688194	ci=[-2.6005202348688194,-2.6005202348688194]	Improved
numeric/metered/4	requested_bytes	main->final-head	base=69627200	new=66576872	delta=-3050328	percent=-4.380943079715971	ci=[-4.380943079715971,-4.380943079715971]	Improved
numeric/metered/4	retained_bytes	main->final-head	base=1659388	new=1659388	delta=0	percent=0	ci=[0,0]	NoChange
numeric/metered/4	peak_bytes	main->final-head	base=19605307	new=17164099	delta=-2441208	percent=-12.451771349461648	ci=[-12.451771349461648,-12.451771349461648]	Improved
GUARDS numeric/metered/4 record=final-head samples=20 full_receipt_equality=PASS
GUARDS numeric/metered/4 record=main samples=20 full_receipt_equality=PASS
GUARDS numeric/metered/4 record=geometry samples=20 full_receipt_equality=PASS
filter/ungoverned/4	instructions	main->final-head	base=40258984.3	new=40264256.7	delta=5272.4000000059605	percent=0.013096207198670662	ci=[-0.013476677710388962,0.041080536595372585]	NoChange
filter/ungoverned/4	allocation_calls	main->final-head	base=29910	new=29910	delta=0	percent=0	ci=[0,0]	NoChange
filter/ungoverned/4	requested_bytes	main->final-head	base=6126680	new=6126680	delta=0	percent=0	ci=[0,0]	NoChange
filter/ungoverned/4	retained_bytes	main->final-head	base=1907203	new=1907203	delta=0	percent=0	ci=[0,0]	NoChange
filter/ungoverned/4	peak_bytes	main->final-head	base=2497011	new=2497011	delta=0	percent=0	ci=[0,0]	NoChange
GUARDS filter/ungoverned/4 record=final-head samples=20 full_receipt_equality=PASS
GUARDS filter/ungoverned/4 record=main samples=20 full_receipt_equality=PASS
GUARDS filter/ungoverned/4 record=geometry samples=20 full_receipt_equality=PASS
filter/stop_signal/4	instructions	main->final-head	base=55713644.6	new=45204119.3	delta=-10509525.300000004	percent=-18.863467603769013	ci=[-18.887455084925463,-18.846960128987778]	Improved
filter/stop_signal/4	allocation_calls	main->final-head	base=36061	new=30079	delta=-5982	percent=-16.58855827625413	ci=[-16.58855827625413,-16.58855827625413]	Improved
filter/stop_signal/4	requested_bytes	main->final-head	base=14237488	new=7773088	delta=-6464400	percent=-45.40407689895858	ci=[-45.40407689895858,-45.40407689895858]	Improved
filter/stop_signal/4	retained_bytes	main->final-head	base=1907203	new=1907203	delta=0	percent=0	ci=[0,0]	NoChange
filter/stop_signal/4	peak_bytes	main->final-head	base=2640664	new=2497379	delta=-143285	percent=-5.426097375508587	ci=[-5.426097375508587,-5.426097375508587]	Improved
GUARDS filter/stop_signal/4 record=final-head samples=20 full_receipt_equality=PASS
GUARDS filter/stop_signal/4 record=main samples=20 full_receipt_equality=PASS
GUARDS filter/stop_signal/4 record=geometry samples=20 full_receipt_equality=PASS
filter/fuel_and_stop_signal/4	instructions	main->final-head	base=59107776.5	new=48633405	delta=-10474371.5	percent=-17.7208010861312	ci=[-17.74713466579905,-17.69912734085598]	Improved
filter/fuel_and_stop_signal/4	allocation_calls	main->final-head	base=36062	new=30080	delta=-5982	percent=-16.58809827519272	ci=[-16.58809827519272,-16.58809827519272]	Improved
filter/fuel_and_stop_signal/4	requested_bytes	main->final-head	base=14237504	new=7773104	delta=-6464400	percent=-45.404025874198176	ci=[-45.404025874198176,-45.404025874198176]	Improved
filter/fuel_and_stop_signal/4	retained_bytes	main->final-head	base=1907203	new=1907203	delta=0	percent=0	ci=[0,0]	NoChange
filter/fuel_and_stop_signal/4	peak_bytes	main->final-head	base=2640664	new=2497379	delta=-143285	percent=-5.426097375508587	ci=[-5.426097375508587,-5.426097375508587]	Improved
GUARDS filter/fuel_and_stop_signal/4 record=final-head samples=20 full_receipt_equality=PASS
GUARDS filter/fuel_and_stop_signal/4 record=main samples=20 full_receipt_equality=PASS
GUARDS filter/fuel_and_stop_signal/4 record=geometry samples=20 full_receipt_equality=PASS
bind/ungoverned/4	instructions	main->final-head	base=117171548.3	new=117460770.5	delta=289222.200000003	percent=0.24683654367994023	ci=[0.11574522831867551,0.30078661141907936]	WithinNoise
bind/ungoverned/4	allocation_calls	main->final-head	base=188956	new=188956	delta=0	percent=0	ci=[0,0]	NoChange
bind/ungoverned/4	requested_bytes	main->final-head	base=13809785	new=13809785	delta=0	percent=0	ci=[0,0]	NoChange
bind/ungoverned/4	retained_bytes	main->final-head	base=4125520	new=4125520	delta=0	percent=0	ci=[0,0]	NoChange
bind/ungoverned/4	peak_bytes	main->final-head	base=4788534	new=4788534	delta=0	percent=0	ci=[0,0]	NoChange
GUARDS bind/ungoverned/4 record=final-head samples=20 full_receipt_equality=PASS
GUARDS bind/ungoverned/4 record=main samples=20 full_receipt_equality=PASS
GUARDS bind/ungoverned/4 record=geometry samples=20 full_receipt_equality=PASS
bind/stop_signal/4	instructions	main->final-head	base=146171470.89999998	new=122212954.19999999	delta=-23958516.699999988	percent=-16.39069276137386	ci=[-16.417225287280257,-16.36699023388194]	Improved
bind/stop_signal/4	allocation_calls	main->final-head	base=196833	new=189125	delta=-7708	percent=-3.916010018645244	ci=[-3.916010018645244,-3.916010018645244]	Improved
bind/stop_signal/4	requested_bytes	main->final-head	base=25284969	new=15521793	delta=-9763176	percent=-38.612568597572725	ci=[-38.612568597572725,-38.612568597572725]	Improved
bind/stop_signal/4	retained_bytes	main->final-head	base=4125520	new=4125520	delta=0	percent=0	ci=[0,0]	NoChange
bind/stop_signal/4	peak_bytes	main->final-head	base=4956872	new=4816672	delta=-140200	percent=-2.8283966178670794	ci=[-2.8283966178670794,-2.8283966178670794]	Improved
GUARDS bind/stop_signal/4 record=final-head samples=20 full_receipt_equality=PASS
GUARDS bind/stop_signal/4 record=main samples=20 full_receipt_equality=PASS
GUARDS bind/stop_signal/4 record=geometry samples=20 full_receipt_equality=PASS
bind/fuel_and_stop_signal/4	instructions	main->final-head	base=149763836.7	new=125823540.1	delta=-23940296.599999994	percent=-15.985365444366984	ci=[-16.020696968049336,-15.918570887255223]	Improved
bind/fuel_and_stop_signal/4	allocation_calls	main->final-head	base=196834	new=189126	delta=-7708	percent=-3.915990123657498	ci=[-3.915990123657498,-3.915990123657498]	Improved
bind/fuel_and_stop_signal/4	requested_bytes	main->final-head	base=25284985	new=15521809	delta=-9763176	percent=-38.61254416405626	ci=[-38.61254416405626,-38.61254416405626]	Improved
bind/fuel_and_stop_signal/4	retained_bytes	main->final-head	base=4125520	new=4125520	delta=0	percent=0	ci=[0,0]	NoChange
bind/fuel_and_stop_signal/4	peak_bytes	main->final-head	base=4956872	new=4816672	delta=-140200	percent=-2.8283966178670794	ci=[-2.8283966178670794,-2.8283966178670794]	Improved
GUARDS bind/fuel_and_stop_signal/4 record=final-head samples=20 full_receipt_equality=PASS
GUARDS bind/fuel_and_stop_signal/4 record=main samples=20 full_receipt_equality=PASS
GUARDS bind/fuel_and_stop_signal/4 record=geometry samples=20 full_receipt_equality=PASS
numeric/ungoverned/32	instructions	main->final-head	base=1110712139.9	new=1108981537.8	delta=-1730602.100000143	percent=-0.15581013638295005	ci=[-0.3146560357912831,-0.024709474670048248]	WithinNoise
numeric/ungoverned/32	allocation_calls	main->final-head	base=1730778	new=1730778	delta=0	percent=0	ci=[0,0]	NoChange
numeric/ungoverned/32	requested_bytes	main->final-head	base=178272926	new=178472886	delta=199960	percent=0.11216509679097264	ci=[0.11216509679097264,0.11216509679097264]	WithinNoise
numeric/ungoverned/32	retained_bytes	main->final-head	base=1659388	new=1659388	delta=0	percent=0	ci=[0,0]	NoChange
numeric/ungoverned/32	peak_bytes	main->final-head	base=29479964	new=28766197.5	delta=-713766.5	percent=-2.4211918983347513	ci=[-5.476474374970641,1.0158786814571763]	NoChange
GUARDS numeric/ungoverned/32 record=final-head samples=20 full_receipt_equality=PASS
GUARDS numeric/ungoverned/32 record=main samples=20 full_receipt_equality=PASS
GUARDS numeric/ungoverned/32 record=geometry samples=20 full_receipt_equality=PASS
numeric/fuel/32	instructions	main->final-head	base=558947929.3	new=537881090.8	delta=-21066838.5	percent=-3.769016288580429	ci=[-3.9504859770161382,-3.4890412940635107]	Improved
numeric/fuel/32	allocation_calls	main->final-head	base=503700	new=450809	delta=-52891	percent=-10.500496327178876	ci=[-10.500496327178876,-10.500496327178876]	Improved
numeric/fuel/32	requested_bytes	main->final-head	base=64123918	new=53256574	delta=-10867344	percent=-16.947411104854826	ci=[-16.947411104854826,-16.947411104854826]	Improved
numeric/fuel/32	retained_bytes	main->final-head	base=1659388	new=1659388	delta=0	percent=0	ci=[0,0]	NoChange
numeric/fuel/32	peak_bytes	main->final-head	base=7496184	new=7200510.5	delta=-295673.5	percent=-3.9443202034528446	ci=[-8.93146432905062,1.1610707527990316]	NoChange
GUARDS numeric/fuel/32 record=final-head samples=20 full_receipt_equality=PASS
GUARDS numeric/fuel/32 record=main samples=20 full_receipt_equality=PASS
GUARDS numeric/fuel/32 record=geometry samples=20 full_receipt_equality=PASS
numeric/scratch/32	instructions	main->final-head	base=577187975.6	new=548424106.4000001	delta=-28763869.19999993	percent=-4.983449138922069	ci=[-5.136035284115596,-4.63433048952181]	Improved
numeric/scratch/32	allocation_calls	main->final-head	base=511071	new=450917	delta=-60154	percent=-11.77018457318063	ci=[-11.77018457318063,-11.77018457318063]	Improved
numeric/scratch/32	requested_bytes	main->final-head	base=75098830	new=62951486	delta=-12147344	percent=-16.175144140061835	ci=[-16.175144140061835,-16.175144140061835]	Improved
numeric/scratch/32	retained_bytes	main->final-head	base=1659388	new=1659388	delta=0	percent=0	ci=[0,0]	NoChange
numeric/scratch/32	peak_bytes	main->final-head	base=17010011	new=14628747	delta=-2381264	percent=-13.999191417336531	ci=[-13.999191417336531,-13.999191417336531]	Improved
GUARDS numeric/scratch/32 record=final-head samples=20 full_receipt_equality=PASS
GUARDS numeric/scratch/32 record=main samples=20 full_receipt_equality=PASS
GUARDS numeric/scratch/32 record=geometry samples=20 full_receipt_equality=PASS
numeric/metered/32	instructions	main->final-head	base=586990192.9	new=557880566.3	delta=-29109626.600000024	percent=-4.95913338111923	ci=[-5.118732749869678,-4.465586481239248]	Improved
numeric/metered/32	allocation_calls	main->final-head	base=512716	new=453807	delta=-58909	percent=-11.489596579782956	ci=[-11.489596579782956,-11.489596579782956]	Improved
numeric/metered/32	requested_bytes	main->final-head	base=83051120	new=67022200	delta=-16028920	percent=-19.300064827542364	ci=[-19.300064827542364,-19.300064827542364]	Improved
numeric/metered/32	retained_bytes	main->final-head	base=1659388	new=1659388	delta=0	percent=0	ci=[0,0]	NoChange
numeric/metered/32	peak_bytes	main->final-head	base=22130011	new=17217859	delta=-4912152	percent=-22.196789689801776	ci=[-22.196789689801776,-22.196789689801776]	Improved
GUARDS numeric/metered/32 record=final-head samples=20 full_receipt_equality=PASS
GUARDS numeric/metered/32 record=main samples=20 full_receipt_equality=PASS
GUARDS numeric/metered/32 record=geometry samples=20 full_receipt_equality=PASS
filter/ungoverned/32	instructions	main->final-head	base=50489640.4	new=49808094.7	delta=-681545.6999999955	percent=-1.3498723591622075	ci=[-2.2817517920306396,0.2887379564967032]	NoChange
filter/ungoverned/32	allocation_calls	main->final-head	base=32220	new=32220	delta=0	percent=0	ci=[0,0]	NoChange
filter/ungoverned/32	requested_bytes	main->final-head	base=9057832	new=9057832	delta=0	percent=0	ci=[0,0]	NoChange
filter/ungoverned/32	retained_bytes	main->final-head	base=1907203	new=1907203	delta=0	percent=0	ci=[0,0]	NoChange
filter/ungoverned/32	peak_bytes	main->final-head	base=2497011	new=2497011	delta=0	percent=0	ci=[0,0]	NoChange
GUARDS filter/ungoverned/32 record=final-head samples=20 full_receipt_equality=PASS
GUARDS filter/ungoverned/32 record=main samples=20 full_receipt_equality=PASS
GUARDS filter/ungoverned/32 record=geometry samples=20 full_receipt_equality=PASS
filter/stop_signal/32	instructions	main->final-head	base=71197830.9	new=56092088.7	delta=-15105742.200000003	percent=-21.21657641679643	ci=[-21.926128932630906,-20.16440402920785]	Improved
filter/stop_signal/32	allocation_calls	main->final-head	base=60442	new=33128	delta=-27314	percent=-45.19043049535092	ci=[-45.19043049535092,-45.19043049535092]	Improved
filter/stop_signal/32	requested_bytes	main->final-head	base=17272232	new=10760688	delta=-6511544	percent=-37.69949361495376	ci=[-37.69949361495376,-37.69949361495376]	Improved
filter/stop_signal/32	retained_bytes	main->final-head	base=1907203	new=1907203	delta=0	percent=0	ci=[0,0]	NoChange
filter/stop_signal/32	peak_bytes	main->final-head	base=3634712	new=2500272	delta=-1134440	percent=-31.211276161632618	ci=[-31.211276161632618,-31.211276161632618]	Improved
GUARDS filter/stop_signal/32 record=final-head samples=20 full_receipt_equality=PASS
GUARDS filter/stop_signal/32 record=main samples=20 full_receipt_equality=PASS
GUARDS filter/stop_signal/32 record=geometry samples=20 full_receipt_equality=PASS
filter/fuel_and_stop_signal/32	instructions	main->final-head	base=74567440	new=60484359.7	delta=-14083080.299999997	percent=-18.88636689150116	ci=[-19.436272889550764,-18.161284891198626]	Improved
filter/fuel_and_stop_signal/32	allocation_calls	main->final-head	base=60443	new=33129	delta=-27314	percent=-45.18968284168555	ci=[-45.18968284168555,-45.18968284168555]	Improved
filter/fuel_and_stop_signal/32	requested_bytes	main->final-head	base=17272248	new=10760704	delta=-6511544	percent=-37.69945869234855	ci=[-37.69945869234855,-37.69945869234855]	Improved
filter/fuel_and_stop_signal/32	retained_bytes	main->final-head	base=1907203	new=1907203	delta=0	percent=0	ci=[0,0]	NoChange
filter/fuel_and_stop_signal/32	peak_bytes	main->final-head	base=3634712	new=2500272	delta=-1134440	percent=-31.211276161632618	ci=[-31.211276161632618,-31.211276161632618]	Improved
GUARDS filter/fuel_and_stop_signal/32 record=final-head samples=20 full_receipt_equality=PASS
GUARDS filter/fuel_and_stop_signal/32 record=main samples=20 full_receipt_equality=PASS
GUARDS filter/fuel_and_stop_signal/32 record=geometry samples=20 full_receipt_equality=PASS
bind/ungoverned/32	instructions	main->final-head	base=136818623.8	new=138724233.2	delta=1905609.3999999762	percent=1.3927997132799463	ci=[0.9043504986551154,1.796659781702914]	WithinNoise
bind/ungoverned/32	allocation_calls	main->final-head	base=192162	new=192162	delta=0	percent=0	ci=[0,0]	NoChange
bind/ungoverned/32	requested_bytes	main->final-head	base=19105369	new=19105369	delta=0	percent=0	ci=[0,0]	NoChange
bind/ungoverned/32	retained_bytes	main->final-head	base=4125520	new=4125520	delta=0	percent=0	ci=[0,0]	NoChange
bind/ungoverned/32	peak_bytes	main->final-head	base=4788534	new=4788534	delta=0	percent=0	ci=[0,0]	NoChange
GUARDS bind/ungoverned/32 record=final-head samples=20 full_receipt_equality=PASS
GUARDS bind/ungoverned/32 record=main samples=20 full_receipt_equality=PASS
GUARDS bind/ungoverned/32 record=geometry samples=20 full_receipt_equality=PASS
bind/stop_signal/32	instructions	main->final-head	base=162261619.8	new=144751770.5	delta=-17509849.300000012	percent=-10.791121968079853	ci=[-11.255690481311643,-10.52383798027683]	Improved
bind/stop_signal/32	allocation_calls	main->final-head	base=223450	new=193070	delta=-30380	percent=-13.5958827478183	ci=[-13.5958827478183,-13.5958827478183]	Improved
bind/stop_signal/32	requested_bytes	main->final-head	base=29445825	new=20873825	delta=-8572000	percent=-29.111087904652024	ci=[-29.111087904652024,-29.111087904652024]	Improved
bind/stop_signal/32	retained_bytes	main->final-head	base=4125520	new=4125520	delta=0	percent=0	ci=[0,0]	NoChange
bind/stop_signal/32	peak_bytes	main->final-head	base=6003400	new=4882080	delta=-1121320	percent=-18.678082419962017	ci=[-18.678082419962017,-18.678082419962017]	Improved
GUARDS bind/stop_signal/32 record=final-head samples=20 full_receipt_equality=PASS
GUARDS bind/stop_signal/32 record=main samples=20 full_receipt_equality=PASS
GUARDS bind/stop_signal/32 record=geometry samples=20 full_receipt_equality=PASS
bind/fuel_and_stop_signal/32	instructions	main->final-head	base=165522335.3	new=148095039.8	delta=-17427295.5	percent=-10.528667003407122	ci=[-11.124865343124005,-10.238032988204926]	Improved
bind/fuel_and_stop_signal/32	allocation_calls	main->final-head	base=223451	new=193071	delta=-30380	percent=-13.59582190278853	ci=[-13.59582190278853,-13.59582190278853]	Improved
bind/fuel_and_stop_signal/32	requested_bytes	main->final-head	base=29445841	new=20873841	delta=-8572000	percent=-29.11107208654696	ci=[-29.11107208654696,-29.11107208654696]	Improved
bind/fuel_and_stop_signal/32	retained_bytes	main->final-head	base=4125520	new=4125520	delta=0	percent=0	ci=[0,0]	NoChange
bind/fuel_and_stop_signal/32	peak_bytes	main->final-head	base=6003400	new=4882080	delta=-1121320	percent=-18.678082419962017	ci=[-18.678082419962017,-18.678082419962017]	Improved
GUARDS bind/fuel_and_stop_signal/32 record=final-head samples=20 full_receipt_equality=PASS
GUARDS bind/fuel_and_stop_signal/32 record=main samples=20 full_receipt_equality=PASS
GUARDS bind/fuel_and_stop_signal/32 record=geometry samples=20 full_receipt_equality=PASS
numeric/final-head/4	plain=574611305.3	metered=538068142.4	ratio=0.936403682693084	limit=1.20
numeric/final-head/32	plain=1108981537.8	metered=557880566.3	ratio=0.5030566761343247	limit=1.20
