numeric/ungoverned/1	instructions	main->final-compact	base=516364094.5	new=516446082.2	delta=81987.69999998808	percent=0.015877885560455773	ci=[0.01587705275014617,0.015879492956472063]	WithinNoise
numeric/ungoverned/1	allocation_calls	main->final-compact	base=475389	new=475389	delta=0	percent=0	ci=[0,0]	NoChange
numeric/ungoverned/1	requested_bytes	main->final-compact	base=48420830	new=48620790	delta=199960	percent=0.41296276829621004	ci=[0.41296276829621004,0.41296276829621004]	WithinNoise
numeric/ungoverned/1	retained_bytes	main->final-compact	base=1659388	new=1659388	delta=0	percent=0	ci=[0,0]	NoChange
numeric/ungoverned/1	peak_bytes	main->final-compact	base=5400314	new=5400274	delta=-40	percent=-0.0007406976705426338	ci=[-0.0007406976705426338,-0.0007406976705426338]	WithinNoise
numeric/fuel/1	instructions	main->final-compact	base=536871522.2	new=535154311.4	delta=-1717210.8000000715	percent=-0.31985507313989636	ci=[-0.3198561892958307,-0.31985451577681845]	WithinNoise
numeric/fuel/1	allocation_calls	main->final-compact	base=449324	new=447837	delta=-1487	percent=-0.33094159225859343	ci=[-0.33094159225859343,-0.33094159225859343]	WithinNoise
numeric/fuel/1	requested_bytes	main->final-compact	base=56077454	new=53109070	delta=-2968384	percent=-5.293364424140934	ci=[-5.293364424140934,-5.293364424140934]	Improved
numeric/fuel/1	retained_bytes	main->final-compact	base=1659388	new=1659388	delta=0	percent=0	ci=[0,0]	NoChange
numeric/fuel/1	peak_bytes	main->final-compact	base=7738784	new=5312696	delta=-2426088	percent=-31.349731430674378	ci=[-31.349731430674378,-31.349731430674378]	Improved
numeric/scratch/1	instructions	main->final-compact	base=535938101.2	new=534838679.8	delta=-1099421.3999999762	percent=-0.20513962294120835	ci=[-0.20514010761254475,-0.2051389527911951]	WithinNoise
numeric/scratch/1	allocation_calls	main->final-compact	base=449451	new=447953	delta=-1498	percent=-0.33329550941036956	ci=[-0.33329550941036956,-0.33329550941036956]	WithinNoise
numeric/scratch/1	requested_bytes	main->final-compact	base=61940558	new=62803982	delta=863424	percent=1.3939557987191487	ci=[1.3939557987191487,1.3939557987191487]	Regressed
numeric/scratch/1	retained_bytes	main->final-compact	base=1659388	new=1659388	delta=0	percent=0	ci=[0,0]	NoChange
numeric/scratch/1	peak_bytes	main->final-compact	base=15090515	new=14612603	delta=-477912	percent=-3.1669694506781254	ci=[-3.1669694506781254,-3.1669694506781254]	Improved
numeric/metered/1	instructions	main->final-compact	base=546813615.5	new=539156413.5	delta=-7657202	percent=-1.400331261502763	ci=[-1.4003327618065193,-1.4003282674759254]	Improved
numeric/metered/1	allocation_calls	main->final-compact	base=449513	new=445600	delta=-3913	percent=-0.8704976274323539	ci=[-0.8704976274323539,-0.8704976274323539]	WithinNoise
numeric/metered/1	requested_bytes	main->final-compact	base=68046400	new=66483512	delta=-1562888	percent=-2.2967974793670187	ci=[-2.2967974793670187,-2.2967974793670187]	Improved
numeric/metered/1	retained_bytes	main->final-compact	base=1659388	new=1659388	delta=0	percent=0	ci=[0,0]	NoChange
numeric/metered/1	peak_bytes	main->final-compact	base=19293011	new=17151091	delta=-2141920	percent=-11.102051411259762	ci=[-11.102051411259762,-11.102051411259762]	Improved
numeric/ungoverned/4	instructions	main->final-compact	base=574977617.9000001	new=574698792.9000001	delta=-278825	percent=-0.048493191964293914	ci=[-0.0757139537471474,-0.008509150285148688]	WithinNoise
numeric/ungoverned/4	allocation_calls	main->final-compact	base=606122	new=606122	delta=0	percent=0	ci=[0,0]	NoChange
numeric/ungoverned/4	requested_bytes	main->final-compact	base=61949710	new=62149670	delta=199960	percent=0.3227779435932776	ci=[0.3227779435932776,0.3227779435932776]	WithinNoise
numeric/ungoverned/4	retained_bytes	main->final-compact	base=1659388	new=1659388	delta=0	percent=0	ci=[0,0]	NoChange
numeric/ungoverned/4	peak_bytes	main->final-compact	base=5453696	new=5583070	delta=129374	percent=2.372226101344843	ci=[-0.29050601063241865,3.703826690599854]	NoChange
numeric/fuel/4	instructions	main->final-compact	base=534661169.2	new=526550651.2	delta=-8110518	percent=-1.5169453977994296	ci=[-1.536602495893269,-1.485551379808553]	Improved
numeric/fuel/4	allocation_calls	main->final-compact	base=457978	new=447961	delta=-10017	percent=-2.1872229670420795	ci=[-2.1872229670420795,-2.1872229670420795]	Improved
numeric/fuel/4	requested_bytes	main->final-compact	base=57448014	new=53107726	delta=-4340288	percent=-7.555157607363072	ci=[-7.555157607363072,-7.555157607363072]	Improved
numeric/fuel/4	retained_bytes	main->final-compact	base=1659388	new=1659388	delta=0	percent=0	ci=[0,0]	NoChange
numeric/fuel/4	peak_bytes	main->final-compact	base=7970744	new=5801565.5	delta=-2169178.5	percent=-27.21425377605905	ci=[-28.061157151703785,-26.661362948051032]	Improved
numeric/scratch/4	instructions	main->final-compact	base=541140196.1	new=533906284.3	delta=-7233911.800000012	percent=-1.3367906971492483	ci=[-1.34258861009372,-1.3307614350862917]	Improved
numeric/scratch/4	allocation_calls	main->final-compact	base=458491	new=448065	delta=-10426	percent=-2.273981386766588	ci=[-2.273981386766588,-2.273981386766588]	Improved
numeric/scratch/4	requested_bytes	main->final-compact	base=63307022	new=62802638	delta=-504384	percent=-0.796726783325874	ci=[-0.796726783325874,-0.796726783325874]	WithinNoise
numeric/scratch/4	retained_bytes	main->final-compact	base=1659388	new=1659388	delta=0	percent=0	ci=[0,0]	NoChange
numeric/scratch/4	peak_bytes	main->final-compact	base=15296315	new=14612603	delta=-683712	percent=-4.46978242799001	ci=[-4.46978242799001,-4.46978242799001]	Improved
numeric/metered/4	instructions	main->final-compact	base=552146238.4	new=538007756.4000001	delta=-14138481.99999988	percent=-2.5606408260554603	ci=[-2.5673840235294176,-2.5536320933848056]	Improved
numeric/metered/4	allocation_calls	main->final-compact	base=458639	new=446712	delta=-11927	percent=-2.6005202348688194	ci=[-2.6005202348688194,-2.6005202348688194]	Improved
numeric/metered/4	requested_bytes	main->final-compact	base=69627200	new=66576872	delta=-3050328	percent=-4.380943079715971	ci=[-4.380943079715971,-4.380943079715971]	Improved
numeric/metered/4	retained_bytes	main->final-compact	base=1659388	new=1659388	delta=0	percent=0	ci=[0,0]	NoChange
numeric/metered/4	peak_bytes	main->final-compact	base=19605307	new=17164099	delta=-2441208	percent=-12.451771349461648	ci=[-12.451771349461648,-12.451771349461648]	Improved
numeric/ungoverned/32	instructions	main->final-compact	base=1110712139.9	new=1109002666.3	delta=-1709473.600000143	percent=-0.15390788833495872	ci=[-0.38715553138588543,-0.04770567104925738]	WithinNoise
numeric/ungoverned/32	allocation_calls	main->final-compact	base=1730778	new=1730778	delta=0	percent=0	ci=[0,0]	NoChange
numeric/ungoverned/32	requested_bytes	main->final-compact	base=178272926	new=178472886	delta=199960	percent=0.11216509679097264	ci=[0.11216509679097264,0.11216509679097264]	WithinNoise
numeric/ungoverned/32	retained_bytes	main->final-compact	base=1659388	new=1659388	delta=0	percent=0	ci=[0,0]	NoChange
numeric/ungoverned/32	peak_bytes	main->final-compact	base=29479964	new=31680315.5	delta=2200351.5	percent=7.463888015602738	ci=[5.33243999937747,9.322220768130517]	Regressed
numeric/fuel/32	instructions	main->final-compact	base=558947929.3	new=536012491.20000005	delta=-22935438.099999905	percent=-4.1033228495404135	ci=[-4.323109580043749,-3.970560425928593]	Improved
numeric/fuel/32	allocation_calls	main->final-compact	base=503700	new=448814	delta=-54886	percent=-10.896565415922177	ci=[-10.896565415922177,-10.896565415922177]	Improved
numeric/fuel/32	requested_bytes	main->final-compact	base=64123918	new=53097630	delta=-11026288	percent=-17.195281174179033	ci=[-17.195281174179033,-17.195281174179033]	Improved
numeric/fuel/32	retained_bytes	main->final-compact	base=1659388	new=1659388	delta=0	percent=0	ci=[0,0]	NoChange
numeric/fuel/32	peak_bytes	main->final-compact	base=7496184	new=10548994.5	delta=3052810.5	percent=40.72486080917972	ci=[31.151169715151063,46.26689392896439]	Regressed
numeric/scratch/32	instructions	main->final-compact	base=577187975.6	new=547847763.9	delta=-29340211.700000048	percent=-5.083302657076361	ci=[-5.283635794417083,-4.826714705845836]	Improved
numeric/scratch/32	allocation_calls	main->final-compact	base=511071	new=448805	delta=-62266	percent=-12.183434395612347	ci=[-12.183434395612347,-12.183434395612347]	Improved
numeric/scratch/32	requested_bytes	main->final-compact	base=75098830	new=62792542	delta=-12306288	percent=-16.386790579826606	ci=[-16.386790579826606,-16.386790579826606]	Improved
numeric/scratch/32	retained_bytes	main->final-compact	base=1659388	new=1659388	delta=0	percent=0	ci=[0,0]	NoChange
numeric/scratch/32	peak_bytes	main->final-compact	base=17010011	new=14612603	delta=-2397408	percent=-14.094100233092144	ci=[-14.094100233092144,-14.094100233092144]	Improved
numeric/metered/32	instructions	main->final-compact	base=586990192.9	new=559786892.2	delta=-27203300.69999993	percent=-4.634370561730028	ci=[-5.049843976703339,-4.469043450191002]	Improved
numeric/metered/32	allocation_calls	main->final-compact	base=512716	new=453807	delta=-58909	percent=-11.489596579782956	ci=[-11.489596579782956,-11.489596579782956]	Improved
numeric/metered/32	requested_bytes	main->final-compact	base=83051120	new=67022200	delta=-16028920	percent=-19.300064827542364	ci=[-19.300064827542364,-19.300064827542364]	Improved
numeric/metered/32	retained_bytes	main->final-compact	base=1659388	new=1659388	delta=0	percent=0	ci=[0,0]	NoChange
numeric/metered/32	peak_bytes	main->final-compact	base=22130011	new=17217859	delta=-4912152	percent=-22.196789689801776	ci=[-22.196789689801776,-22.196789689801776]	Improved
