0	hot-product-3/format.log
1019	hot-product-3/exact-values.log
106	hot-product-3/driver.log
1717	hot-product-3/exact-tower.log
192	hot-product-3/strict.log
193	hot-product-3/census.log
2	hot-product-3/benchmark-candidate.exit
2	hot-product-3/census.exit
2	hot-product-3/exact-tower.exit
2	hot-product-3/exact-values.exit
2	hot-product-3/format.exit
2	hot-product-3/source-readback.exit
2	hot-product-3/strict.exit
2321	hot-product-3/source-readback.log
519	hot-product-2-retained-estimates/xsd_exact_growth/mul%2F40000/new/estimates.json
567	bench-records/xsd_exact_growth/mul%2F40000/main341/estimates.json
567	hot-product-2-retained-estimates/xsd_exact_growth/mul%2F40000/main341/estimates.json
575	hot-product-2-retained-estimates/xsd_exact_growth/mul%2F40/new/estimates.json
578	hot-product-2-retained-estimates/xsd_exact_growth/mul%2F4000/new/estimates.json
579	bench-records/xsd_exact_growth/mul%2F40/new/estimates.json
579	bench-records/xsd_exact_small/decimal_mul%2Fexact/new/estimates.json
579	bench-records/xsd_exact_small/decimal_parse_canonical%2Fbounded/new/estimates.json
579	bench-records/xsd_exact_small/integer_add%2Fexact/main341/estimates.json
579	hot-product-2-retained-estimates/xsd_exact_small/integer_add%2Fexact/main341/estimates.json
580	bench-records/xsd_exact_growth/mul%2F40/main341/estimates.json
580	bench-records/xsd_exact_small/decimal_parse_canonical%2Fexact/new/estimates.json
580	hot-product-2-retained-estimates/xsd_exact_growth/mul%2F40/main341/estimates.json
580	hot-product-2-retained-estimates/xsd_exact_small/decimal_to_f64%2Fbounded/new/estimates.json
580	hot-product-2-retained-estimates/xsd_exact_small/integer_add%2Fexact/new/estimates.json
581	bench-records/xsd_exact_growth/mul%2F4000/new/estimates.json
581	bench-records/xsd_exact_small/decimal_div%2Fbounded/new/estimates.json
581	bench-records/xsd_exact_small/decimal_to_f64%2Fbounded/new/estimates.json
581	bench-records/xsd_exact_small/integer_add%2Fexact/new/estimates.json
581	bench-records/xsd_exact_small/integer_mul%2Fexact/main341/estimates.json
581	hot-product-2-retained-estimates/xsd_exact_small/integer_mul%2Fexact/main341/estimates.json
581	hot-product-2-retained-estimates/xsd_exact_small/integer_mul%2Fexact/new/estimates.json
582	bench-records/xsd_exact_growth/mul%2F400/main341/estimates.json
582	bench-records/xsd_exact_small/decimal_add%2Fexact/new/estimates.json
582	bench-records/xsd_exact_small/decimal_to_f64%2Fexact/main341/estimates.json
582	hot-product-2-retained-estimates/xsd_exact_growth/mul%2F400/main341/estimates.json
582	hot-product-2-retained-estimates/xsd_exact_small/decimal_to_f64%2Fexact/main341/estimates.json
583	bench-records/xsd_exact_small/decimal_parse_canonical%2Fexact/main341/estimates.json
583	bench-records/xsd_exact_small/decimal_to_f64%2Fbounded/main341/estimates.json
583	hot-product-2-retained-estimates/xsd_exact_small/decimal_parse_canonical%2Fexact/main341/estimates.json
583	hot-product-2-retained-estimates/xsd_exact_small/decimal_parse_canonical%2Fexact/new/estimates.json
583	hot-product-2-retained-estimates/xsd_exact_small/decimal_to_f64%2Fbounded/main341/estimates.json
583	hot-product-2-retained-estimates/xsd_exact_small/decimal_to_f64%2Fexact/new/estimates.json
584	bench-records/xsd_exact_small/decimal_mul%2Fexact/main341/estimates.json
584	bench-records/xsd_exact_small/decimal_to_f64%2Fexact/new/estimates.json
584	bench-records/xsd_exact_small/integer_mul%2Fexact/new/estimates.json
584	hot-product-2-retained-estimates/xsd_exact_growth/mul%2F400/new/estimates.json
584	hot-product-2-retained-estimates/xsd_exact_small/decimal_mul%2Fexact/main341/estimates.json
585	bench-records/xsd_exact_growth/mul%2F40000/new/estimates.json
585	bench-records/xsd_exact_small/decimal_parse_canonical%2Fbounded/main341/estimates.json
585	hot-product-2-retained-estimates/xsd_exact_small/decimal_parse_canonical%2Fbounded/main341/estimates.json
586	hot-product-2-retained-estimates/xsd_exact_small/decimal_add%2Fbounded/new/estimates.json
587	bench-records/xsd_exact_growth/mul%2F400/new/estimates.json
587	bench-records/xsd_exact_small/decimal_mul%2Fbounded/main341/estimates.json
587	hot-product-2-retained-estimates/xsd_exact_small/decimal_mul%2Fbounded/main341/estimates.json
588	bench-records/xsd_exact_growth/mul%2F4000/main341/estimates.json
588	bench-records/xsd_exact_small/decimal_div%2Fexact/main341/estimates.json
588	bench-records/xsd_exact_small/integer_add%2Fbounded/new/estimates.json
588	hot-product-2-retained-estimates/xsd_exact_growth/mul%2F4000/main341/estimates.json
588	hot-product-2-retained-estimates/xsd_exact_small/decimal_div%2Fexact/main341/estimates.json
589	bench-records/xsd_exact_small/integer_mul%2Fbounded/new/estimates.json
589	hot-product-2-retained-estimates/xsd_exact_small/integer_mul%2Fbounded/new/estimates.json
590	bench-records/xsd_exact_small/integer_mul%2Fbounded/main341/estimates.json
590	hot-product-2-retained-estimates/xsd_exact_small/decimal_add%2Fexact/new/estimates.json
590	hot-product-2-retained-estimates/xsd_exact_small/decimal_div%2Fbounded/new/estimates.json
590	hot-product-2-retained-estimates/xsd_exact_small/decimal_parse_canonical%2Fbounded/new/estimates.json
590	hot-product-2-retained-estimates/xsd_exact_small/integer_mul%2Fbounded/main341/estimates.json
591	bench-records/xsd_exact_small/decimal_add%2Fbounded/main341/estimates.json
591	bench-records/xsd_exact_small/decimal_add%2Fexact/main341/estimates.json
591	bench-records/xsd_exact_small/decimal_div%2Fbounded/main341/estimates.json
591	bench-records/xsd_exact_small/decimal_mul%2Fbounded/new/estimates.json
591	bench-records/xsd_exact_small/integer_add%2Fbounded/main341/estimates.json
591	hot-product-2-retained-estimates/xsd_exact_small/decimal_add%2Fbounded/main341/estimates.json
591	hot-product-2-retained-estimates/xsd_exact_small/decimal_add%2Fexact/main341/estimates.json
591	hot-product-2-retained-estimates/xsd_exact_small/decimal_div%2Fbounded/main341/estimates.json
591	hot-product-2-retained-estimates/xsd_exact_small/integer_add%2Fbounded/main341/estimates.json
591	hot-product-2-retained-estimates/xsd_exact_small/integer_add%2Fbounded/new/estimates.json
592	hot-product-2-retained-estimates/xsd_exact_small/decimal_div%2Fexact/new/estimates.json
592	hot-product-2-retained-estimates/xsd_exact_small/decimal_mul%2Fbounded/new/estimates.json
593	bench-records/xsd_exact_small/decimal_div%2Fexact/new/estimates.json
594	bench-records/xsd_exact_small/decimal_add%2Fbounded/new/estimates.json
594	hot-product-2-retained-estimates/xsd_exact_small/decimal_mul%2Fexact/new/estimates.json
6289	hot-product-3/source-before.sha256
6535	hot-product-3/benchmark-candidate.log
