0	logs/hot-product-1/format.log
0	logs/hot-product-2/format.log
0	logs/interval-continuation-2/format.log
1019	logs/hot-product-1/exact-values.log
1019	logs/hot-product-2/exact-values.log
103	logs/final-numeric/cgroup-live.txt
104	logs/focused-driver.log
104	logs/hot-product-1/driver.log
104	logs/performance-1/driver.log
106	logs/final-numeric/driver.log
106	logs/hot-product-2/driver.log
106	logs/hygiene-retry-1/driver.log
110	logs/cost-continuation-1/driver.log
110	logs/focused-retry-1/driver.log
11055	logs/interval-continuation-2/helpers.log
112058	logs/performance-diagnosis-1/baseline-symbols.txt
114	logs/interval-continuation-1/driver.log
116	logs/interval-continuation-2/driver.log
116937	logs/performance-diagnosis-1/candidate-symbols.txt
120	logs/cost-continuation-1/cgroup-live.txt
120	logs/interval-continuation-1/cgroup-live.txt
120	logs/interval-continuation-2/cgroup-live.txt
120	logs/performance-1/cgroup-live.txt
1451	logs/focused-retry-1/remaining-xsd-targets.log
1717	logs/interval-continuation-2/exact-tower.log
1718	logs/hot-product-2/exact-tower.log
192	logs/hot-product-1/strict.log
192	logs/hot-product-2/strict.log
193	logs/hot-product-1/census.log
193	logs/hot-product-2/census.log
193	logs/hygiene-retry-1/census.log
19470	logs/performance-1/source-readback.log
1990	logs/pow-cost-corrected.log
2	logs/cost-continuation-1/cost-property.exit
2	logs/final-numeric/geo-exact.exit
2	logs/final-numeric/xsd-tail.exit
2	logs/focused-retry-1/float-owner-corrected.exit
2	logs/focused-retry-1/pow-cost-corrected.exit
2	logs/hot-product-1/arithmetic-oracles.exit
2	logs/hot-product-1/benchmark-candidate.exit
2	logs/hot-product-1/census.exit
2	logs/hot-product-1/exact-values.exit
2	logs/hot-product-1/format.exit
2	logs/hot-product-1/karatsuba-oracle.exit
2	logs/hot-product-1/source-readback.exit
2	logs/hot-product-1/strict.exit
2	logs/hot-product-2/benchmark-candidate.exit
2	logs/hot-product-2/census.exit
2	logs/hot-product-2/exact-tower.exit
2	logs/hot-product-2/exact-values.exit
2	logs/hot-product-2/format.exit
2	logs/hot-product-2/source-readback.exit
2	logs/hot-product-2/strict.exit
2	logs/hygiene-retry-1/census.exit
2	logs/hygiene-retry-1/foundation.exit
2	logs/hygiene-retry-1/unchanged-numeric-source.exit
2	logs/interval-continuation-2/evaluator-numerics.exit
2	logs/interval-continuation-2/exact-tower.exit
2	logs/interval-continuation-2/extreme-bounds.exit
2	logs/interval-continuation-2/format.exit
2	logs/interval-continuation-2/governor-corpus.exit
2	logs/interval-continuation-2/helpers.exit
2	logs/interval-continuation-2/profile-identity.exit
2	logs/interval-continuation-2/strict.exit
2	logs/performance-1/baseline-source.exit
2	logs/performance-1/benchmark-baseline.exit
2	logs/performance-1/benchmark-candidate.exit
2	logs/performance-1/source-readback.exit
2001	logs/first-check.log
2128	logs/interval-continuation-1/exact-tower.log
2152	logs/hygiene-retry-1/foundation.log
2181	logs/focused-retry-1/float-owner-corrected.log
2321	logs/hot-product-1/source-readback.log
2321	logs/hot-product-2/source-readback.log
26923	logs/xsd-tests.log
28735	logs/xsd-tests-retry.log
28933	logs/final-numeric/source-before.sha256
3116	logs/interval-continuation-2/evaluator-numerics.log
3279	logs/interval-continuation-2/strict.log
365	logs/hot-product-1/karatsuba-oracle.log
3820	logs/final-numeric/xsd-tail.log
3821	logs/interval-continuation-2/governor-corpus.log
4	logs/cost-continuation-1/evaluator-numerics.exit
4	logs/interval-continuation-1/exact-tower.exit
456	logs/check-retry.log
46564	logs/performance-1/source-before.sha256
484	logs/cost-continuation-1/cost-property.log
484	logs/focused-retry-1/pow-cost-corrected.log
498216	logs/hygiene-retry-1/unchanged-numeric-source.log
519	bench-records/xsd_exact_growth/mul%2F40000/new/estimates.json
542	logs/interval-continuation-2/extreme-bounds.log
5454	logs/performance-1/benchmark-baseline.log
558	logs/interval-continuation-2/profile-identity.log
561	logs/performance-1/retained-estimates/xsd_exact_growth/mul%2F40000/new/estimates.json
567	bench-records/xsd_exact_growth/mul%2F40000/main341/estimates.json
567	logs/hot-product-1/retained-estimates/xsd_exact_growth/mul%2F40000/main341/estimates.json
567	logs/performance-1/retained-estimates/xsd_exact_growth/mul%2F40000/main341/estimates.json
574	logs/hot-product-1/retained-estimates/xsd_exact_growth/mul%2F40000/new/estimates.json
575	bench-records/xsd_exact_growth/mul%2F40/new/estimates.json
576	logs/hot-product-1/retained-estimates/xsd_exact_growth/mul%2F40/new/estimates.json
578	bench-records/xsd_exact_growth/mul%2F4000/new/estimates.json
579	bench-records/xsd_exact_small/integer_add%2Fexact/main341/estimates.json
579	logs/hot-product-1/retained-estimates/xsd_exact_growth/mul%2F400/new/estimates.json
579	logs/hot-product-1/retained-estimates/xsd_exact_small/decimal_parse_canonical%2Fexact/new/estimates.json
579	logs/hot-product-1/retained-estimates/xsd_exact_small/integer_add%2Fexact/main341/estimates.json
579	logs/performance-1/retained-estimates/xsd_exact_growth/mul%2F40/new/estimates.json
579	logs/performance-1/retained-estimates/xsd_exact_small/decimal_add%2Fexact/new/estimates.json
579	logs/performance-1/retained-estimates/xsd_exact_small/integer_add%2Fexact/main341/estimates.json
580	bench-records/xsd_exact_growth/mul%2F40/main341/estimates.json
580	bench-records/xsd_exact_small/decimal_to_f64%2Fbounded/new/estimates.json
580	bench-records/xsd_exact_small/integer_add%2Fexact/new/estimates.json
580	logs/hot-product-1/retained-estimates/xsd_exact_growth/mul%2F40/main341/estimates.json
580	logs/performance-1/retained-estimates/xsd_exact_growth/mul%2F40/main341/estimates.json
580	logs/performance-1/retained-estimates/xsd_exact_small/decimal_to_f64%2Fexact/new/estimates.json
580	logs/performance-1/retained-estimates/xsd_exact_small/integer_mul%2Fexact/new/estimates.json
5808	logs/final-numeric/evaluator-numerics.log
581	bench-records/xsd_exact_small/integer_mul%2Fexact/main341/estimates.json
581	bench-records/xsd_exact_small/integer_mul%2Fexact/new/estimates.json
581	logs/hot-product-1/retained-estimates/xsd_exact_small/decimal_to_f64%2Fexact/new/estimates.json
581	logs/hot-product-1/retained-estimates/xsd_exact_small/integer_mul%2Fexact/main341/estimates.json
581	logs/performance-1/retained-estimates/xsd_exact_growth/mul%2F400/new/estimates.json
581	logs/performance-1/retained-estimates/xsd_exact_small/integer_mul%2Fexact/main341/estimates.json
582	bench-records/xsd_exact_growth/mul%2F400/main341/estimates.json
582	bench-records/xsd_exact_small/decimal_to_f64%2Fexact/main341/estimates.json
582	logs/hot-product-1/retained-estimates/xsd_exact_growth/mul%2F400/main341/estimates.json
582	logs/hot-product-1/retained-estimates/xsd_exact_small/decimal_to_f64%2Fexact/main341/estimates.json
582	logs/performance-1/retained-estimates/xsd_exact_growth/mul%2F400/main341/estimates.json
582	logs/performance-1/retained-estimates/xsd_exact_small/decimal_to_f64%2Fexact/main341/estimates.json
583	bench-records/xsd_exact_small/decimal_parse_canonical%2Fexact/main341/estimates.json
583	bench-records/xsd_exact_small/decimal_parse_canonical%2Fexact/new/estimates.json
583	bench-records/xsd_exact_small/decimal_to_f64%2Fbounded/main341/estimates.json
583	bench-records/xsd_exact_small/decimal_to_f64%2Fexact/new/estimates.json
583	logs/hot-product-1/retained-estimates/xsd_exact_growth/mul%2F4000/new/estimates.json
583	logs/hot-product-1/retained-estimates/xsd_exact_small/decimal_parse_canonical%2Fexact/main341/estimates.json
583	logs/hot-product-1/retained-estimates/xsd_exact_small/decimal_to_f64%2Fbounded/main341/estimates.json
583	logs/hot-product-1/retained-estimates/xsd_exact_small/decimal_to_f64%2Fbounded/new/estimates.json
583	logs/performance-1/retained-estimates/xsd_exact_small/decimal_parse_canonical%2Fexact/main341/estimates.json
583	logs/performance-1/retained-estimates/xsd_exact_small/decimal_to_f64%2Fbounded/main341/estimates.json
583	logs/performance-1/retained-estimates/xsd_exact_small/decimal_to_f64%2Fbounded/new/estimates.json
584	bench-records/xsd_exact_growth/mul%2F400/new/estimates.json
584	bench-records/xsd_exact_small/decimal_mul%2Fexact/main341/estimates.json
584	logs/hot-product-1/retained-estimates/xsd_exact_small/decimal_mul%2Fexact/main341/estimates.json
584	logs/hot-product-1/retained-estimates/xsd_exact_small/integer_add%2Fexact/new/estimates.json
584	logs/performance-1/retained-estimates/xsd_exact_small/decimal_mul%2Fexact/main341/estimates.json
585	bench-records/xsd_exact_small/decimal_parse_canonical%2Fbounded/main341/estimates.json
585	logs/hot-product-1/retained-estimates/xsd_exact_small/decimal_parse_canonical%2Fbounded/main341/estimates.json
585	logs/performance-1/retained-estimates/xsd_exact_small/decimal_parse_canonical%2Fbounded/main341/estimates.json
585	logs/performance-1/retained-estimates/xsd_exact_small/integer_add%2Fexact/new/estimates.json
586	bench-records/xsd_exact_small/decimal_add%2Fbounded/new/estimates.json
586	logs/performance-1/retained-estimates/xsd_exact_growth/mul%2F4000/new/estimates.json
587	bench-records/xsd_exact_small/decimal_mul%2Fbounded/main341/estimates.json
587	logs/hot-product-1/retained-estimates/xsd_exact_small/decimal_mul%2Fbounded/main341/estimates.json
587	logs/performance-1/retained-estimates/xsd_exact_small/decimal_mul%2Fbounded/main341/estimates.json
587	logs/performance-1/retained-estimates/xsd_exact_small/decimal_parse_canonical%2Fbounded/new/estimates.json
588	bench-records/xsd_exact_growth/mul%2F4000/main341/estimates.json
588	bench-records/xsd_exact_small/decimal_div%2Fexact/main341/estimates.json
588	logs/hot-product-1/retained-estimates/xsd_exact_growth/mul%2F4000/main341/estimates.json
588	logs/hot-product-1/retained-estimates/xsd_exact_small/decimal_div%2Fexact/main341/estimates.json
588	logs/hot-product-1/retained-estimates/xsd_exact_small/integer_add%2Fbounded/new/estimates.json
588	logs/hot-product-1/retained-estimates/xsd_exact_small/integer_mul%2Fexact/new/estimates.json
588	logs/performance-1/retained-estimates/xsd_exact_growth/mul%2F4000/main341/estimates.json
588	logs/performance-1/retained-estimates/xsd_exact_small/decimal_add%2Fbounded/new/estimates.json
588	logs/performance-1/retained-estimates/xsd_exact_small/decimal_div%2Fexact/main341/estimates.json
588	logs/performance-1/retained-estimates/xsd_exact_small/integer_mul%2Fbounded/new/estimates.json
589	bench-records/xsd_exact_small/integer_mul%2Fbounded/new/estimates.json
589	logs/hot-product-1/retained-estimates/xsd_exact_small/decimal_add%2Fexact/new/estimates.json
589	logs/performance-1/retained-estimates/xsd_exact_small/decimal_div%2Fbounded/new/estimates.json
590	bench-records/xsd_exact_small/decimal_add%2Fexact/new/estimates.json
590	bench-records/xsd_exact_small/decimal_div%2Fbounded/new/estimates.json
590	bench-records/xsd_exact_small/decimal_parse_canonical%2Fbounded/new/estimates.json
590	bench-records/xsd_exact_small/integer_mul%2Fbounded/main341/estimates.json
590	logs/hot-product-1/retained-estimates/xsd_exact_small/decimal_div%2Fexact/new/estimates.json
590	logs/hot-product-1/retained-estimates/xsd_exact_small/decimal_parse_canonical%2Fbounded/new/estimates.json
590	logs/hot-product-1/retained-estimates/xsd_exact_small/integer_mul%2Fbounded/main341/estimates.json
590	logs/performance-1/retained-estimates/xsd_exact_small/decimal_div%2Fexact/new/estimates.json
590	logs/performance-1/retained-estimates/xsd_exact_small/integer_mul%2Fbounded/main341/estimates.json
591	bench-records/xsd_exact_small/decimal_add%2Fbounded/main341/estimates.json
591	bench-records/xsd_exact_small/decimal_add%2Fexact/main341/estimates.json
591	bench-records/xsd_exact_small/decimal_div%2Fbounded/main341/estimates.json
591	bench-records/xsd_exact_small/integer_add%2Fbounded/main341/estimates.json
591	bench-records/xsd_exact_small/integer_add%2Fbounded/new/estimates.json
591	logs/hot-product-1/arithmetic-oracles.log
591	logs/hot-product-1/retained-estimates/xsd_exact_small/decimal_add%2Fbounded/main341/estimates.json
591	logs/hot-product-1/retained-estimates/xsd_exact_small/decimal_add%2Fbounded/new/estimates.json
591	logs/hot-product-1/retained-estimates/xsd_exact_small/decimal_add%2Fexact/main341/estimates.json
591	logs/hot-product-1/retained-estimates/xsd_exact_small/decimal_div%2Fbounded/main341/estimates.json
591	logs/hot-product-1/retained-estimates/xsd_exact_small/decimal_mul%2Fexact/new/estimates.json
591	logs/hot-product-1/retained-estimates/xsd_exact_small/integer_add%2Fbounded/main341/estimates.json
591	logs/performance-1/retained-estimates/xsd_exact_small/decimal_add%2Fbounded/main341/estimates.json
591	logs/performance-1/retained-estimates/xsd_exact_small/decimal_add%2Fexact/main341/estimates.json
591	logs/performance-1/retained-estimates/xsd_exact_small/decimal_div%2Fbounded/main341/estimates.json
591	logs/performance-1/retained-estimates/xsd_exact_small/decimal_parse_canonical%2Fexact/new/estimates.json
591	logs/performance-1/retained-estimates/xsd_exact_small/integer_add%2Fbounded/main341/estimates.json
592	bench-records/xsd_exact_small/decimal_div%2Fexact/new/estimates.json
592	bench-records/xsd_exact_small/decimal_mul%2Fbounded/new/estimates.json
592	logs/hot-product-1/retained-estimates/xsd_exact_small/decimal_div%2Fbounded/new/estimates.json
592	logs/hot-product-1/retained-estimates/xsd_exact_small/integer_mul%2Fbounded/new/estimates.json
592	logs/performance-1/retained-estimates/xsd_exact_small/decimal_mul%2Fbounded/new/estimates.json
592	logs/performance-1/retained-estimates/xsd_exact_small/integer_add%2Fbounded/new/estimates.json
593	logs/hot-product-1/retained-estimates/xsd_exact_small/decimal_mul%2Fbounded/new/estimates.json
593	logs/performance-1/retained-estimates/xsd_exact_small/decimal_mul%2Fexact/new/estimates.json
594	bench-records/xsd_exact_small/decimal_mul%2Fexact/new/estimates.json
6279	logs/governor/regeneration.log
6289	logs/hot-product-1/source-before.sha256
6289	logs/hot-product-2/source-before.sha256
6347	logs/cost-continuation-1/evaluator-numerics.log
6638	logs/hot-product-2/benchmark-candidate.log
6648	logs/hot-product-1/benchmark-candidate.log
7350	logs/performance-1/benchmark-candidate.log
8031	logs/performance-1/baseline-source.log
8050933	logs/performance-diagnosis-1/baseline-full.s
810	logs/xsd-strict.log
8367	logs/final-numeric/geo-exact.log
8696673	logs/performance-diagnosis-1/candidate-full.s
8700099	logs/performance-diagnosis-1/hot-candidate-full.s
8704126	logs/performance-diagnosis-1/normalizer-candidate-full.s
872758	logs/cost-continuation-1/source-before.sha256
872758	logs/interval-continuation-1/source-before.sha256
872758	logs/interval-continuation-2/source-before.sha256
