identifier	case	otest_types	semantics	profiles	status	normative_syntax	premise	conclusion	rl_corpus	dl_corpus	dl_probe
bnode2somevaluesfrom	bnode2somevaluesfrom	ConsistencyTest;PositiveEntailmentTest;ProfileIdentificationTest	DIRECT;RDF-BASED	EL	Approved	RDFXML	yes	conclusion	outside-rl-profile	graded	graded
chain2trans1	chain2trans1	ConsistencyTest;PositiveEntailmentTest;ProfileIdentificationTest	DIRECT;RDF-BASED	EL;RL	Approved	RDFXML	yes	conclusion	graded-positive	graded	graded
Consistent-but-all-unsat	consistent-but-all-unsat	ConsistencyTest;PositiveEntailmentTest;ProfileIdentificationTest	DIRECT;RDF-BASED	-	Approved	RDFXML	yes	conclusion	outside-rl-profile	not-vendored	withholds-parse
consistent-dataproperty-disjointness	consistent-dataproperty-disjointness	ConsistencyTest;ProfileIdentificationTest	DIRECT;RDF-BASED	-	Approved	FUNCTIONAL	no	none	not-an-entailment-test	not-vendored	no-rdfxml-premise
Consistent Datatype restrictions with Different Types	consistent-datatype-restrictions-with-different-types	ConsistencyTest;ProfileIdentificationTest	DIRECT;RDF-BASED	-	Approved	FUNCTIONAL	no	none	not-an-entailment-test	not-vendored	no-rdfxml-premise
Consistent-dateTime	consistent-datetime	ConsistencyTest;ProfileIdentificationTest	DIRECT;RDF-BASED	-	Approved	FUNCTIONAL	no	none	not-an-entailment-test	not-vendored	no-rdfxml-premise
consistent-integer-filler	consistent-integer-filler	ConsistencyTest;ProfileIdentificationTest	DIRECT;RDF-BASED	-	Approved	FUNCTIONAL	no	none	not-an-entailment-test	not-vendored	no-rdfxml-premise
Consistent owl:real range with DataOneOf	consistent-owl-real-range-with-dataoneof	ConsistencyTest;ProfileIdentificationTest	DIRECT;RDF-BASED	-	Approved	FUNCTIONAL	no	none	not-an-entailment-test	not-vendored	no-rdfxml-premise
Contradicting datatype Restrictions	contradicting-datatype-restrictions	InconsistencyTest;ProfileIdentificationTest	DIRECT;RDF-BASED	-	Approved	FUNCTIONAL	no	none	not-an-entailment-test	not-vendored	no-rdfxml-premise
Contradicting-dateTime-restrictions	contradicting-datetime-restrictions	InconsistencyTest;ProfileIdentificationTest	DIRECT;RDF-BASED	-	Approved	FUNCTIONAL	no	none	not-an-entailment-test	not-vendored	no-rdfxml-premise
Datatype-DataComplementOf-001	datatype-datacomplementof-001	ConsistencyTest;ProfileIdentificationTest	DIRECT;RDF-BASED	-	Approved	FUNCTIONAL;RDFXML	yes	none	not-an-entailment-test	not-vendored	decides-consistent
Datatype-Float-Discrete-001	datatype-float-discrete-001	InconsistencyTest;ProfileIdentificationTest	DIRECT;RDF-BASED	-	Approved	FUNCTIONAL;RDFXML	yes	none	not-an-entailment-test	not-vendored	decides-inconsistent
datatype-restriction-min-max-inconsistency	datatype-restriction-min-max-inconsistency	InconsistencyTest;ProfileIdentificationTest	DIRECT;RDF-BASED	-	Approved	FUNCTIONAL	no	none	not-an-entailment-test	not-vendored	no-rdfxml-premise
Different types in Datatype Restrictions and Complement	different-types-in-datatype-restrictions-and-complement	InconsistencyTest;ProfileIdentificationTest	DIRECT;RDF-BASED	-	Approved	FUNCTIONAL	no	none	not-an-entailment-test	not-vendored	no-rdfxml-premise
DisjointClasses-001	disjointclasses-001	ConsistencyTest;PositiveEntailmentTest;ProfileIdentificationTest	DIRECT;RDF-BASED	RL	Approved	FUNCTIONAL;RDFXML	yes	conclusion	graded-positive	graded	graded
DisjointClasses-002	disjointclasses-002	InconsistencyTest;ProfileIdentificationTest	DIRECT;RDF-BASED	EL;QL;RL	Approved	FUNCTIONAL;RDFXML	yes	none	not-an-entailment-test	graded	graded
DisjointClasses-003	disjointclasses-003	ConsistencyTest;PositiveEntailmentTest;ProfileIdentificationTest	DIRECT;RDF-BASED	RL	Approved	FUNCTIONAL;RDFXML	yes	conclusion	graded-positive	graded	graded
Footnote-not-about-self	footnote-not-about-self	InconsistencyTest;ProfileIdentificationTest	DIRECT;RDF-BASED	-	-	RDFXML	yes	none	not-an-entailment-test	not-vendored	decides-inconsistent
FS2RDF-different-individuals-2-annotation-ar	fs2rdf-different-individuals-2-annotation-ar	ConsistencyTest;ProfileIdentificationTest	DIRECT;RDF-BASED	EL;QL;RL	-	FUNCTIONAL;RDFXML	yes	none	not-an-entailment-test	graded	graded
FS2RDF-different-individuals-2-ar	fs2rdf-different-individuals-2-ar	ConsistencyTest;ProfileIdentificationTest	DIRECT;RDF-BASED	EL;QL;RL	Approved	FUNCTIONAL;RDFXML	yes	none	not-an-entailment-test	graded	graded
FS2RDF-different-individuals-3-annotation-ar	fs2rdf-different-individuals-3-annotation-ar	ConsistencyTest;ProfileIdentificationTest	DIRECT;RDF-BASED	EL;QL;RL	-	FUNCTIONAL;RDFXML	yes	none	not-an-entailment-test	graded	graded
FS2RDF-different-individuals-3-ar	fs2rdf-different-individuals-3-ar	ConsistencyTest;ProfileIdentificationTest	DIRECT;RDF-BASED	EL;QL;RL	Approved	FUNCTIONAL;RDFXML	yes	none	not-an-entailment-test	graded	graded
FS2RDF-disjoint-classes-2-annotation-ar	fs2rdf-disjoint-classes-2-annotation-ar	ConsistencyTest;ProfileIdentificationTest	DIRECT;RDF-BASED	EL;QL;RL	-	FUNCTIONAL;RDFXML	yes	none	not-an-entailment-test	graded	graded
FS2RDF-disjoint-classes-2-ar	fs2rdf-disjoint-classes-2-ar	ConsistencyTest;ProfileIdentificationTest	DIRECT;RDF-BASED	EL;QL;RL	-	FUNCTIONAL;RDFXML	yes	none	not-an-entailment-test	graded	graded
FS2RDF-disjoint-classes-3-annotation-ar	fs2rdf-disjoint-classes-3-annotation-ar	ConsistencyTest;ProfileIdentificationTest	DIRECT;RDF-BASED	EL;QL;RL	-	FUNCTIONAL;RDFXML	yes	none	not-an-entailment-test	graded	graded
FS2RDF-disjoint-classes-3-ar	fs2rdf-disjoint-classes-3-ar	ConsistencyTest;ProfileIdentificationTest	DIRECT;RDF-BASED	EL;QL;RL	-	FUNCTIONAL;RDFXML	yes	none	not-an-entailment-test	graded	graded
FS2RDF-domain-range-expression-ar	fs2rdf-domain-range-expression-ar	ConsistencyTest;ProfileIdentificationTest	DIRECT;RDF-BASED	-	-	FUNCTIONAL;RDFXML	yes	none	not-an-entailment-test	graded	graded
FS2RDF-domain-range-simple-ar	fs2rdf-domain-range-simple-ar	ConsistencyTest;ProfileIdentificationTest	DIRECT;RDF-BASED	EL;QL;RL	-	FUNCTIONAL;RDFXML	yes	none	not-an-entailment-test	graded	graded
FS2RDF-equivalent-classes-2-annotation-ar	fs2rdf-equivalent-classes-2-annotation-ar	ConsistencyTest;ProfileIdentificationTest	DIRECT;RDF-BASED	EL;QL;RL	-	FUNCTIONAL;RDFXML	yes	none	not-an-entailment-test	graded	graded
FS2RDF-equivalent-classes-2-ar	fs2rdf-equivalent-classes-2-ar	ConsistencyTest;ProfileIdentificationTest	DIRECT;RDF-BASED	EL;QL;RL	-	FUNCTIONAL;RDFXML	yes	none	not-an-entailment-test	graded	graded
FS2RDF-equivalent-classes-3-annotation-ar	fs2rdf-equivalent-classes-3-annotation-ar	ConsistencyTest;ProfileIdentificationTest	DIRECT;RDF-BASED	EL;QL;RL	-	FUNCTIONAL;RDFXML	yes	none	not-an-entailment-test	graded	graded
FS2RDF-equivalent-classes-3-ar	fs2rdf-equivalent-classes-3-ar	ConsistencyTest;ProfileIdentificationTest	DIRECT;RDF-BASED	EL;QL;RL	-	FUNCTIONAL;RDFXML	yes	none	not-an-entailment-test	graded	graded
FS2RDF-literals-ar	fs2rdf-literals-ar	ConsistencyTest;ProfileIdentificationTest	DIRECT;RDF-BASED	-	-	FUNCTIONAL;RDFXML	yes	none	not-an-entailment-test	not-vendored	withholds-parse
FS2RDF-negative-property-assertion-ar	fs2rdf-negative-property-assertion-ar	ConsistencyTest;ProfileIdentificationTest	DIRECT;RDF-BASED	-	-	FUNCTIONAL;RDFXML	yes	none	not-an-entailment-test	graded	graded
FS2RDF-no-builtin-prefixes-ar	fs2rdf-no-builtin-prefixes-ar	ConsistencyTest;ProfileIdentificationTest	DIRECT;RDF-BASED	EL;RL	Approved	FUNCTIONAL;RDFXML	yes	none	not-an-entailment-test	graded	graded
FS2RDF-ontology-annotation-annotation-ar	fs2rdf-ontology-annotation-annotation-ar	ConsistencyTest;ProfileIdentificationTest	DIRECT;RDF-BASED	EL;QL;RL	-	FUNCTIONAL;RDFXML	yes	none	not-an-entailment-test	graded	graded
FS2RDF-property-attributes-ar	fs2rdf-property-attributes-ar	ConsistencyTest;ProfileIdentificationTest	DIRECT;RDF-BASED	-	-	FUNCTIONAL;RDFXML	yes	none	not-an-entailment-test	not-vendored	decides-consistent
FS2RDF-propertychain-2-annotated-ar	fs2rdf-propertychain-2-annotated-ar	ConsistencyTest;ProfileIdentificationTest	DIRECT;RDF-BASED	EL;QL;RL	-	FUNCTIONAL;RDFXML	yes	none	not-an-entailment-test	graded	graded
FS2RDF-propertychain-2-ar	fs2rdf-propertychain-2-ar	ConsistencyTest;ProfileIdentificationTest	DIRECT;RDF-BASED	EL;QL;RL	-	FUNCTIONAL;RDFXML	yes	none	not-an-entailment-test	graded	graded
FS2RDF-same-individual-2-annotation-ar	fs2rdf-same-individual-2-annotation-ar	ConsistencyTest;ProfileIdentificationTest	DIRECT;RDF-BASED	QL;RL	-	FUNCTIONAL;RDFXML	yes	none	not-an-entailment-test	graded	graded
FS2RDF-same-individual-2-ar	fs2rdf-same-individual-2-ar	ConsistencyTest;ProfileIdentificationTest	DIRECT;RDF-BASED	EL;RL	Approved	FUNCTIONAL;RDFXML	yes	none	not-an-entailment-test	graded	graded
FS2RDF-same-individual-3-annotation-ar	fs2rdf-same-individual-3-annotation-ar	ConsistencyTest;ProfileIdentificationTest	DIRECT;RDF-BASED	QL;RL	-	FUNCTIONAL;RDFXML	yes	none	not-an-entailment-test	graded	graded
functionality-clash	functionality-clash	InconsistencyTest;ProfileIdentificationTest	DIRECT;RDF-BASED	RL	Approved	FUNCTIONAL	no	none	not-an-entailment-test	not-vendored	no-rdfxml-premise
Inconsistent Byte Filler	inconsistent-byte-filler	InconsistencyTest;ProfileIdentificationTest	DIRECT;RDF-BASED	-	Approved	FUNCTIONAL	no	none	not-an-entailment-test	not-vendored	no-rdfxml-premise
Inconsistent Data Complement with the Restrictions	inconsistent-data-complement-with-the-restrictions	InconsistencyTest;ProfileIdentificationTest	DIRECT;RDF-BASED	-	Approved	FUNCTIONAL	no	none	not-an-entailment-test	not-vendored	no-rdfxml-premise
inconsistent_datatypes	inconsistent-datatypes	InconsistencyTest;ProfileIdentificationTest	DIRECT;RDF-BASED	-	Approved	FUNCTIONAL	no	none	not-an-entailment-test	not-vendored	no-rdfxml-premise
Inconsistent Disjoint Dataproperties	inconsistent-disjoint-dataproperties	InconsistencyTest;ProfileIdentificationTest	DIRECT;RDF-BASED	-	Approved	FUNCTIONAL	no	none	not-an-entailment-test	not-vendored	no-rdfxml-premise
inconsistent-integer-filler	inconsistent-integer-filler	InconsistencyTest;ProfileIdentificationTest	DIRECT;RDF-BASED	-	Approved	FUNCTIONAL	no	none	not-an-entailment-test	not-vendored	no-rdfxml-premise
Inconsistent String Pattern with Disjoint Dataproperties	inconsistent-string-pattern-with-disjoint-dataproperties	InconsistencyTest;ProfileIdentificationTest	DIRECT;RDF-BASED	-	Proposed	FUNCTIONAL	no	none	not-an-entailment-test	not-vendored	no-rdfxml-premise
Minus Infinity is not in owl:real	minus-infinity-is-not-in-owl-real	InconsistencyTest;ProfileIdentificationTest	DIRECT;RDF-BASED	-	Approved	FUNCTIONAL	no	none	not-an-entailment-test	not-vendored	no-rdfxml-premise
New-Feature-AnnotationAnnotations-001	new-feature-annotationannotations-001	ConsistencyTest;ProfileIdentificationTest	DIRECT;RDF-BASED	EL;QL;RL	Approved	FUNCTIONAL;RDFXML	yes	none	not-an-entailment-test	graded	graded
New-Feature-AsymmetricProperty-001	new-feature-asymmetricproperty-001	InconsistencyTest;ProfileIdentificationTest	DIRECT;RDF-BASED	QL;RL	Approved	FUNCTIONAL;RDFXML	yes	none	not-an-entailment-test	graded	graded
New-Feature-AxiomAnnotations-001	new-feature-axiomannotations-001	ConsistencyTest;ProfileIdentificationTest	DIRECT;RDF-BASED	EL;QL;RL	Approved	FUNCTIONAL;RDFXML	yes	none	not-an-entailment-test	graded	graded
New-Feature-BottomDataProperty-001	new-feature-bottomdataproperty-001	InconsistencyTest;ProfileIdentificationTest	DIRECT;RDF-BASED	EL	Approved	FUNCTIONAL;RDFXML	yes	none	not-an-entailment-test	graded	graded
New-Feature-BottomObjectProperty-001	new-feature-bottomobjectproperty-001	InconsistencyTest;ProfileIdentificationTest	DIRECT;RDF-BASED	EL	Approved	FUNCTIONAL;RDFXML	yes	none	not-an-entailment-test	graded	graded
New-Feature-DataQCR-001	new-feature-dataqcr-001	ConsistencyTest;PositiveEntailmentTest;ProfileIdentificationTest	DIRECT;RDF-BASED	-	Approved	FUNCTIONAL;RDFXML	yes	conclusion	outside-rl-profile	graded	graded
New-Feature-DisjointDataProperties-001	new-feature-disjointdataproperties-001	InconsistencyTest;ProfileIdentificationTest	DIRECT;RDF-BASED	QL;RL	Approved	FUNCTIONAL;RDFXML	yes	none	not-an-entailment-test	graded	graded
New-Feature-DisjointDataProperties-002	new-feature-disjointdataproperties-002	ConsistencyTest;PositiveEntailmentTest;ProfileIdentificationTest	DIRECT;RDF-BASED	QL;RL	Approved	FUNCTIONAL;RDFXML	yes	conclusion	graded-positive	graded	graded
New-Feature-DisjointObjectProperties-001	new-feature-disjointobjectproperties-001	ConsistencyTest;PositiveEntailmentTest;ProfileIdentificationTest	DIRECT;RDF-BASED	QL;RL	Approved	FUNCTIONAL;RDFXML	yes	conclusion	graded-positive	graded	graded
New-Feature-DisjointObjectProperties-002	new-feature-disjointobjectproperties-002	ConsistencyTest;PositiveEntailmentTest;ProfileIdentificationTest	DIRECT;RDF-BASED	QL;RL	Approved	FUNCTIONAL;RDFXML	yes	conclusion	graded-positive	graded	graded
New-Feature-DisjointUnion-001	new-feature-disjointunion-001	ConsistencyTest;PositiveEntailmentTest;ProfileIdentificationTest	DIRECT;RDF-BASED	-	Approved	FUNCTIONAL;RDFXML	yes	conclusion	outside-rl-profile	not-vendored	decides-consistent
New-Feature-IrreflexiveProperty-001	new-feature-irreflexiveproperty-001	InconsistencyTest;ProfileIdentificationTest	DIRECT;RDF-BASED	RL	Approved	FUNCTIONAL;RDFXML	yes	none	not-an-entailment-test	graded	graded
New-Feature-Keys-001	new-feature-keys-001	ConsistencyTest;PositiveEntailmentTest;ProfileIdentificationTest	DIRECT;RDF-BASED	EL	Approved	FUNCTIONAL;RDFXML	yes	conclusion	outside-rl-profile	graded	graded
New-Feature-Keys-002	new-feature-keys-002	InconsistencyTest;ProfileIdentificationTest	DIRECT;RDF-BASED	EL	Approved	FUNCTIONAL;RDFXML	yes	none	not-an-entailment-test	graded	graded
New-Feature-Keys-003	new-feature-keys-003	ConsistencyTest;PositiveEntailmentTest;ProfileIdentificationTest	DIRECT;RDF-BASED	EL;RL	Approved	FUNCTIONAL;RDFXML	yes	conclusion	graded-positive	graded	graded
New-Feature-Keys-004	new-feature-keys-004	ConsistencyTest;NegativeEntailmentTest;ProfileIdentificationTest	DIRECT;RDF-BASED	EL;RL	Approved	FUNCTIONAL;RDFXML	yes	non-conclusion	graded-negative	not-vendored	decides-consistent
New-Feature-Keys-005	new-feature-keys-005	ConsistencyTest;ProfileIdentificationTest	DIRECT;RDF-BASED	EL;RL	Approved	FUNCTIONAL;RDFXML	yes	none	not-an-entailment-test	graded	graded
New-Feature-Keys-006	new-feature-keys-006	InconsistencyTest;ProfileIdentificationTest	DIRECT;RDF-BASED	EL;RL	Approved	FUNCTIONAL;RDFXML	yes	none	not-an-entailment-test	graded	graded
New-Feature-Keys-007	new-feature-keys-007	ConsistencyTest;NegativeEntailmentTest;ProfileIdentificationTest	DIRECT;RDF-BASED	EL	Approved	FUNCTIONAL;RDFXML	yes	non-conclusion	graded-negative	not-vendored	decides-consistent
New-Feature-NegativeDataPropertyAssertion-001	new-feature-negativedatapropertyassertion-001	InconsistencyTest;ProfileIdentificationTest	DIRECT;RDF-BASED	EL;RL	Approved	FUNCTIONAL;RDFXML	yes	none	not-an-entailment-test	graded	graded
New-Feature-NegativeObjectPropertyAssertion-001	new-feature-negativeobjectpropertyassertion-001	InconsistencyTest;ProfileIdentificationTest	DIRECT;RDF-BASED	EL;RL	Approved	FUNCTIONAL;RDFXML	yes	none	not-an-entailment-test	graded	graded
New-Feature-ObjectPropertyChain-001	new-feature-objectpropertychain-001	ConsistencyTest;PositiveEntailmentTest;ProfileIdentificationTest	DIRECT;RDF-BASED	EL;RL	Approved	FUNCTIONAL;RDFXML	yes	conclusion	graded-positive	graded	graded
New-Feature-ObjectPropertyChain-BJP-002	new-feature-objectpropertychain-bjp-002	ConsistencyTest;PositiveEntailmentTest;ProfileIdentificationTest	DIRECT;RDF-BASED	EL;RL	Proposed	FUNCTIONAL	no	none	no-rdfxml-premise	not-vendored	no-rdfxml-premise
New-Feature-ObjectPropertyChain-BJP-003	new-feature-objectpropertychain-bjp-003	ConsistencyTest;PositiveEntailmentTest;ProfileIdentificationTest	DIRECT;RDF-BASED	EL;RL	Approved	RDFXML	yes	conclusion	graded-positive	graded	graded
New-Feature-ObjectPropertyChain-BJP-004	new-feature-objectpropertychain-bjp-004	ConsistencyTest;NegativeEntailmentTest;ProfileIdentificationTest	DIRECT;RDF-BASED	EL;RL	Approved	RDFXML	yes	non-conclusion	graded-negative	not-vendored	decides-consistent
New-Feature-ObjectQCR-001	new-feature-objectqcr-001	ConsistencyTest;PositiveEntailmentTest;ProfileIdentificationTest	DIRECT;RDF-BASED	-	Approved	FUNCTIONAL;RDFXML	yes	conclusion	outside-rl-profile	graded	graded
New-Feature-ObjectQCR-002	new-feature-objectqcr-002	ConsistencyTest;PositiveEntailmentTest;ProfileIdentificationTest	DIRECT;RDF-BASED	RL	Approved	FUNCTIONAL;RDFXML	yes	conclusion	graded-positive	graded	graded
New-Feature-Rational-001	new-feature-rational-001	ConsistencyTest;ProfileIdentificationTest	DIRECT;RDF-BASED	-	Approved	FUNCTIONAL;RDFXML	yes	none	not-an-entailment-test	not-vendored	decides-consistent
New-Feature-Rational-002	new-feature-rational-002	InconsistencyTest;ProfileIdentificationTest	DIRECT;RDF-BASED	-	Approved	FUNCTIONAL;RDFXML	yes	none	not-an-entailment-test	not-vendored	withholds-reasoner
New-Feature-Rational-003	new-feature-rational-003	ConsistencyTest;ProfileIdentificationTest	DIRECT;RDF-BASED	-	Approved	FUNCTIONAL;RDFXML	yes	none	not-an-entailment-test	not-vendored	withholds-reasoner
New-Feature-ReflexiveProperty-001	new-feature-reflexiveproperty-001	ConsistencyTest;PositiveEntailmentTest;ProfileIdentificationTest	DIRECT;RDF-BASED	EL;QL;RL	Approved	FUNCTIONAL;RDFXML	yes	conclusion	graded-positive	graded	graded
New-Feature-SelfRestriction-001	new-feature-selfrestriction-001	ConsistencyTest;PositiveEntailmentTest;ProfileIdentificationTest	DIRECT;RDF-BASED	EL	Approved	FUNCTIONAL;RDFXML	yes	conclusion	outside-rl-profile	graded	graded
New-Feature-SelfRestriction-002	new-feature-selfrestriction-002	ConsistencyTest;PositiveEntailmentTest;ProfileIdentificationTest	DIRECT;RDF-BASED	EL	Approved	FUNCTIONAL;RDFXML	yes	conclusion	outside-rl-profile	graded	graded
New-Feature-TopObjectProperty-001	new-feature-topobjectproperty-001	InconsistencyTest;ProfileIdentificationTest	DIRECT;RDF-BASED	-	Approved	FUNCTIONAL;RDFXML	yes	none	not-an-entailment-test	not-vendored	decides-consistent
one=two	one-two	InconsistencyTest;ProfileIdentificationTest	DIRECT;RDF-BASED	-	Approved	RDFXML	yes	none	not-an-entailment-test	not-vendored	withholds-reasoner
owl2-rl-anonymous-individual	owl2-rl-anonymous-individual	ConsistencyTest;ProfileIdentificationTest	DIRECT;RDF-BASED	RL	Approved	RDFXML	yes	none	not-an-entailment-test	graded	graded
owl2-rl-invalid-leftside-allvaluesfrom	owl2-rl-invalid-leftside-allvaluesfrom	ConsistencyTest;ProfileIdentificationTest	DIRECT;RDF-BASED	-	Approved	RDFXML	yes	none	not-an-entailment-test	graded	graded
owl2-rl-invalid-leftside-maxcard	owl2-rl-invalid-leftside-maxcard	ConsistencyTest;ProfileIdentificationTest	DIRECT;RDF-BASED	-	Approved	RDFXML	yes	none	not-an-entailment-test	graded	graded
owl2-rl-invalid-oneof	owl2-rl-invalid-oneof	ConsistencyTest;ProfileIdentificationTest	DIRECT;RDF-BASED	-	Approved	RDFXML	yes	none	not-an-entailment-test	graded	graded
owl2-rl-invalid-owlreal	owl2-rl-invalid-owlreal	ConsistencyTest;ProfileIdentificationTest	DIRECT;RDF-BASED	-	Approved	RDFXML	yes	none	not-an-entailment-test	graded	graded
owl2-rl-invalid-rightside-somevaluesfrom	owl2-rl-invalid-rightside-somevaluesfrom	ConsistencyTest;ProfileIdentificationTest	DIRECT;RDF-BASED	EL;QL	Approved	RDFXML	yes	none	not-an-entailment-test	graded	graded
owl2-rl-invalid-rightside-unionof	owl2-rl-invalid-rightside-unionof	ConsistencyTest;ProfileIdentificationTest	DIRECT;RDF-BASED	-	Approved	RDFXML	yes	none	not-an-entailment-test	graded	graded
owl2-rl-invalid-unionof	owl2-rl-invalid-unionof	ConsistencyTest;ProfileIdentificationTest	DIRECT;RDF-BASED	-	Approved	RDFXML	yes	none	not-an-entailment-test	graded	graded
owl2-rl-rules-fp-differentFrom	owl2-rl-rules-fp-differentfrom	ConsistencyTest;PositiveEntailmentTest;ProfileIdentificationTest	DIRECT;RDF-BASED	RL	Approved	RDFXML	yes	conclusion	graded-positive	graded	graded
owl2-rl-rules-ifp-askey	owl2-rl-rules-ifp-askey	ConsistencyTest;PositiveEntailmentTest;ProfileIdentificationTest	DIRECT;RDF-BASED	-	Proposed	RDFXML	yes	conclusion	outside-rl-profile	not-vendored	decides-consistent
owl2-rl-rules-ifp-differentFrom	owl2-rl-rules-ifp-differentfrom	ConsistencyTest;PositiveEntailmentTest;ProfileIdentificationTest	DIRECT;RDF-BASED	RL	Approved	RDFXML	yes	conclusion	graded-positive	not-vendored	decides-consistent
owl2-rl-valid-mincard	owl2-rl-valid-mincard	ConsistencyTest;ProfileIdentificationTest	DIRECT;RDF-BASED	-	Approved	RDFXML	yes	none	not-an-entailment-test	not-vendored	decides-consistent
owl2-rl-valid-oneof	owl2-rl-valid-oneof	ConsistencyTest;ProfileIdentificationTest	DIRECT;RDF-BASED	RL	Approved	RDFXML	yes	none	not-an-entailment-test	graded	graded
owl2-rl-valid-rightside-allvaluesfrom	owl2-rl-valid-rightside-allvaluesfrom	ConsistencyTest;ProfileIdentificationTest	DIRECT;RDF-BASED	RL	Approved	RDFXML	yes	none	not-an-entailment-test	graded	graded
Plus and Minus Zero are Distinct	plus-and-minus-zero-are-distinct	InconsistencyTest;ProfileIdentificationTest	DIRECT;RDF-BASED	EL;RL	Approved	FUNCTIONAL	no	none	not-an-entailment-test	not-vendored	no-rdfxml-premise
Plus and Minus Zero Integer	plus-and-minus-zero-integer	ConsistencyTest;ProfileIdentificationTest	DIRECT;RDF-BASED	-	Approved	FUNCTIONAL	no	none	not-an-entailment-test	not-vendored	no-rdfxml-premise
Qualified-cardinality-boolean	qualified-cardinality-boolean	ConsistencyTest;PositiveEntailmentTest;ProfileIdentificationTest	DIRECT;RDF-BASED	-	Approved	FUNCTIONAL	no	none	no-rdfxml-premise	not-vendored	no-rdfxml-premise
Qualified-cardinality-restricted-int	qualified-cardinality-restricted-int	ConsistencyTest;PositiveEntailmentTest;ProfileIdentificationTest	DIRECT;RDF-BASED	-	Proposed	FUNCTIONAL	no	none	no-rdfxml-premise	not-vendored	no-rdfxml-premise
rdfbased-sem-bool-complement-inst	rdfbased-sem-bool-complement-inst	InconsistencyTest;ProfileIdentificationTest	DIRECT;RDF-BASED	-	Approved	RDFXML	yes	none	not-an-entailment-test	graded	graded
rdfbased-sem-bool-intersection-inst-comp	rdfbased-sem-bool-intersection-inst-comp	ConsistencyTest;PositiveEntailmentTest;ProfileIdentificationTest	DIRECT;RDF-BASED	-	Approved	RDFXML	yes	conclusion	outside-rl-profile	graded	graded
rdfbased-sem-bool-intersection-inst-expr	rdfbased-sem-bool-intersection-inst-expr	ConsistencyTest;PositiveEntailmentTest;ProfileIdentificationTest	DIRECT;RDF-BASED	-	Approved	RDFXML	yes	conclusion	outside-rl-profile	graded	graded
rdfbased-sem-bool-intersection-term	rdfbased-sem-bool-intersection-term	ConsistencyTest;PositiveEntailmentTest;ProfileIdentificationTest	DIRECT;RDF-BASED	-	Approved	RDFXML	yes	conclusion	outside-rl-profile	graded	graded
rdfbased-sem-bool-union-inst-comp	rdfbased-sem-bool-union-inst-comp	ConsistencyTest;PositiveEntailmentTest;ProfileIdentificationTest	DIRECT;RDF-BASED	-	Approved	RDFXML	yes	conclusion	outside-rl-profile	graded	graded
rdfbased-sem-bool-union-term	rdfbased-sem-bool-union-term	ConsistencyTest;PositiveEntailmentTest;ProfileIdentificationTest	DIRECT;RDF-BASED	-	Approved	RDFXML	yes	conclusion	outside-rl-profile	graded	graded
rdfbased-sem-chain-def	rdfbased-sem-chain-def	ConsistencyTest;PositiveEntailmentTest;ProfileIdentificationTest	DIRECT;RDF-BASED	-	Approved	RDFXML	yes	conclusion	outside-rl-profile	graded	graded
rdfbased-sem-char-asymmetric-inst	rdfbased-sem-char-asymmetric-inst	InconsistencyTest;ProfileIdentificationTest	DIRECT;RDF-BASED	-	Approved	RDFXML	yes	none	not-an-entailment-test	graded	graded
rdfbased-sem-char-asymmetric-term	rdfbased-sem-char-asymmetric-term	InconsistencyTest;ProfileIdentificationTest	DIRECT;RDF-BASED	-	Approved	RDFXML	yes	none	not-an-entailment-test	graded	graded
rdfbased-sem-char-functional-inst	rdfbased-sem-char-functional-inst	ConsistencyTest;PositiveEntailmentTest;ProfileIdentificationTest	DIRECT;RDF-BASED	-	Approved	RDFXML	yes	conclusion	outside-rl-profile	graded	graded
rdfbased-sem-char-inversefunc-data	rdfbased-sem-char-inversefunc-data	ConsistencyTest;PositiveEntailmentTest;ProfileIdentificationTest	DIRECT;RDF-BASED	-	Approved	RDFXML	yes	conclusion	outside-rl-profile	not-vendored	decides-consistent
rdfbased-sem-char-inversefunc-inst	rdfbased-sem-char-inversefunc-inst	ConsistencyTest;PositiveEntailmentTest;ProfileIdentificationTest	DIRECT;RDF-BASED	-	Approved	RDFXML	yes	conclusion	outside-rl-profile	not-vendored	decides-consistent
rdfbased-sem-char-irreflexive-inst	rdfbased-sem-char-irreflexive-inst	InconsistencyTest;ProfileIdentificationTest	DIRECT;RDF-BASED	-	Approved	RDFXML	yes	none	not-an-entailment-test	graded	graded
rdfbased-sem-char-symmetric-inst	rdfbased-sem-char-symmetric-inst	ConsistencyTest;PositiveEntailmentTest;ProfileIdentificationTest	DIRECT;RDF-BASED	-	Approved	RDFXML	yes	conclusion	outside-rl-profile	graded	graded
rdfbased-sem-char-transitive-inst	rdfbased-sem-char-transitive-inst	ConsistencyTest;PositiveEntailmentTest;ProfileIdentificationTest	DIRECT;RDF-BASED	-	Approved	RDFXML	yes	conclusion	outside-rl-profile	graded	graded
rdfbased-sem-class-nothing-ext	rdfbased-sem-class-nothing-ext	InconsistencyTest;ProfileIdentificationTest	DIRECT;RDF-BASED	-	Approved	RDFXML	yes	none	not-an-entailment-test	graded	graded
rdfbased-sem-class-nothing-term	rdfbased-sem-class-nothing-term	ConsistencyTest;PositiveEntailmentTest;ProfileIdentificationTest	DIRECT;RDF-BASED	-	Approved	RDFXML	yes	conclusion	outside-rl-profile	graded	graded
rdfbased-sem-class-nothing-type	rdfbased-sem-class-nothing-type	ConsistencyTest;PositiveEntailmentTest;ProfileIdentificationTest	DIRECT;RDF-BASED	-	Approved	RDFXML	yes	conclusion	outside-rl-profile	not-vendored	decides-consistent
rdfbased-sem-class-thing-term	rdfbased-sem-class-thing-term	ConsistencyTest;PositiveEntailmentTest;ProfileIdentificationTest	DIRECT;RDF-BASED	-	Approved	RDFXML	yes	conclusion	outside-rl-profile	graded	graded
rdfbased-sem-class-thing-type	rdfbased-sem-class-thing-type	ConsistencyTest;PositiveEntailmentTest;ProfileIdentificationTest	DIRECT;RDF-BASED	-	Approved	RDFXML	yes	conclusion	outside-rl-profile	not-vendored	decides-consistent
rdfbased-sem-enum-inst-included	rdfbased-sem-enum-inst-included	ConsistencyTest;PositiveEntailmentTest;ProfileIdentificationTest	DIRECT;RDF-BASED	-	Approved	RDFXML	yes	conclusion	outside-rl-profile	graded	graded
rdfbased-sem-eqdis-different-irrflxv	rdfbased-sem-eqdis-different-irrflxv	InconsistencyTest;ProfileIdentificationTest	DIRECT;RDF-BASED	-	Approved	RDFXML	yes	none	not-an-entailment-test	graded	graded
rdfbased-sem-eqdis-different-sameas	rdfbased-sem-eqdis-different-sameas	InconsistencyTest;ProfileIdentificationTest	DIRECT;RDF-BASED	-	Approved	RDFXML	yes	none	not-an-entailment-test	graded	graded
rdfbased-sem-eqdis-disclass-eqclass	rdfbased-sem-eqdis-disclass-eqclass	InconsistencyTest;ProfileIdentificationTest	DIRECT;RDF-BASED	-	Approved	RDFXML	yes	none	not-an-entailment-test	graded	graded
rdfbased-sem-eqdis-disclass-inst	rdfbased-sem-eqdis-disclass-inst	InconsistencyTest;ProfileIdentificationTest	DIRECT;RDF-BASED	-	Approved	RDFXML	yes	none	not-an-entailment-test	graded	graded
rdfbased-sem-eqdis-disclass-irrflxv	rdfbased-sem-eqdis-disclass-irrflxv	InconsistencyTest;ProfileIdentificationTest	DIRECT;RDF-BASED	-	Approved	RDFXML	yes	none	not-an-entailment-test	not-vendored	decides-inconsistent
rdfbased-sem-eqdis-disprop-eqprop	rdfbased-sem-eqdis-disprop-eqprop	InconsistencyTest;ProfileIdentificationTest	DIRECT;RDF-BASED	-	Approved	RDFXML	yes	none	not-an-entailment-test	graded	graded
rdfbased-sem-eqdis-disprop-inst	rdfbased-sem-eqdis-disprop-inst	InconsistencyTest;ProfileIdentificationTest	DIRECT;RDF-BASED	-	Approved	RDFXML	yes	none	not-an-entailment-test	graded	graded
rdfbased-sem-eqdis-disprop-irrflxv	rdfbased-sem-eqdis-disprop-irrflxv	InconsistencyTest;ProfileIdentificationTest	DIRECT;RDF-BASED	-	Approved	RDFXML	yes	none	not-an-entailment-test	graded	graded
rdfbased-sem-eqdis-eqclass-inst	rdfbased-sem-eqdis-eqclass-inst	ConsistencyTest;PositiveEntailmentTest;ProfileIdentificationTest	DIRECT;RDF-BASED	-	Approved	RDFXML	yes	conclusion	outside-rl-profile	graded	graded
rdfbased-sem-eqdis-eqclass-rflxv	rdfbased-sem-eqdis-eqclass-rflxv	ConsistencyTest;PositiveEntailmentTest;ProfileIdentificationTest	DIRECT;RDF-BASED	-	Approved	RDFXML	yes	conclusion	outside-rl-profile	graded	graded
rdfbased-sem-eqdis-eqclass-subclass-1	rdfbased-sem-eqdis-eqclass-subclass-1	ConsistencyTest;PositiveEntailmentTest;ProfileIdentificationTest	DIRECT;RDF-BASED	-	Approved	RDFXML	yes	conclusion	outside-rl-profile	graded	graded
rdfbased-sem-eqdis-eqclass-subclass-2	rdfbased-sem-eqdis-eqclass-subclass-2	ConsistencyTest;PositiveEntailmentTest;ProfileIdentificationTest	DIRECT;RDF-BASED	-	Approved	RDFXML	yes	conclusion	outside-rl-profile	graded	graded
rdfbased-sem-eqdis-eqclass-subst	rdfbased-sem-eqdis-eqclass-subst	ConsistencyTest;PositiveEntailmentTest;ProfileIdentificationTest	DIRECT;RDF-BASED	-	Approved	RDFXML	yes	conclusion	outside-rl-profile	graded	graded
rdfbased-sem-eqdis-eqclass-sym	rdfbased-sem-eqdis-eqclass-sym	ConsistencyTest;PositiveEntailmentTest;ProfileIdentificationTest	DIRECT;RDF-BASED	-	Approved	RDFXML	yes	conclusion	outside-rl-profile	graded	graded
rdfbased-sem-eqdis-eqclass-trans	rdfbased-sem-eqdis-eqclass-trans	ConsistencyTest;PositiveEntailmentTest;ProfileIdentificationTest	DIRECT;RDF-BASED	-	Approved	RDFXML	yes	conclusion	outside-rl-profile	graded	graded
rdfbased-sem-eqdis-eqprop-inst	rdfbased-sem-eqdis-eqprop-inst	ConsistencyTest;PositiveEntailmentTest;ProfileIdentificationTest	DIRECT;RDF-BASED	-	Approved	RDFXML	yes	conclusion	outside-rl-profile	graded	graded
rdfbased-sem-eqdis-eqprop-rflxv	rdfbased-sem-eqdis-eqprop-rflxv	ConsistencyTest;PositiveEntailmentTest;ProfileIdentificationTest	DIRECT;RDF-BASED	-	Approved	RDFXML	yes	conclusion	outside-rl-profile	graded	graded
rdfbased-sem-eqdis-eqprop-subprop-1	rdfbased-sem-eqdis-eqprop-subprop-1	ConsistencyTest;PositiveEntailmentTest;ProfileIdentificationTest	DIRECT;RDF-BASED	-	Approved	RDFXML	yes	conclusion	outside-rl-profile	graded	graded
rdfbased-sem-eqdis-eqprop-subprop-2	rdfbased-sem-eqdis-eqprop-subprop-2	ConsistencyTest;PositiveEntailmentTest;ProfileIdentificationTest	DIRECT;RDF-BASED	-	Approved	RDFXML	yes	conclusion	outside-rl-profile	graded	graded
rdfbased-sem-eqdis-eqprop-subst	rdfbased-sem-eqdis-eqprop-subst	ConsistencyTest;PositiveEntailmentTest;ProfileIdentificationTest	DIRECT;RDF-BASED	-	Approved	RDFXML	yes	conclusion	outside-rl-profile	graded	graded
rdfbased-sem-eqdis-eqprop-sym	rdfbased-sem-eqdis-eqprop-sym	ConsistencyTest;PositiveEntailmentTest;ProfileIdentificationTest	DIRECT;RDF-BASED	-	Approved	RDFXML	yes	conclusion	outside-rl-profile	graded	graded
rdfbased-sem-eqdis-eqprop-trans	rdfbased-sem-eqdis-eqprop-trans	ConsistencyTest;PositiveEntailmentTest;ProfileIdentificationTest	DIRECT;RDF-BASED	-	Approved	RDFXML	yes	conclusion	outside-rl-profile	graded	graded
rdfbased-sem-eqdis-sameas-rflxv	rdfbased-sem-eqdis-sameas-rflxv	ConsistencyTest;PositiveEntailmentTest;ProfileIdentificationTest	DIRECT;RDF-BASED	-	Approved	RDFXML	yes	conclusion	outside-rl-profile	graded	graded
rdfbased-sem-eqdis-sameas-subst	rdfbased-sem-eqdis-sameas-subst	ConsistencyTest;PositiveEntailmentTest;ProfileIdentificationTest	DIRECT;RDF-BASED	-	Approved	RDFXML	yes	conclusion	outside-rl-profile	graded	graded
rdfbased-sem-eqdis-sameas-sym	rdfbased-sem-eqdis-sameas-sym	ConsistencyTest;PositiveEntailmentTest;ProfileIdentificationTest	DIRECT;RDF-BASED	-	Approved	RDFXML	yes	conclusion	outside-rl-profile	graded	graded
rdfbased-sem-eqdis-sameas-trans	rdfbased-sem-eqdis-sameas-trans	ConsistencyTest;PositiveEntailmentTest;ProfileIdentificationTest	DIRECT;RDF-BASED	-	Approved	RDFXML	yes	conclusion	outside-rl-profile	graded	graded
rdfbased-sem-inv-inst	rdfbased-sem-inv-inst	ConsistencyTest;PositiveEntailmentTest;ProfileIdentificationTest	DIRECT;RDF-BASED	-	Approved	RDFXML	yes	conclusion	outside-rl-profile	graded	graded
rdfbased-sem-key-def	rdfbased-sem-key-def	ConsistencyTest;PositiveEntailmentTest;ProfileIdentificationTest	DIRECT;RDF-BASED	-	Approved	RDFXML	yes	conclusion	outside-rl-profile	graded	graded
rdfbased-sem-ndis-alldifferent-fw	rdfbased-sem-ndis-alldifferent-fw	InconsistencyTest;ProfileIdentificationTest	DIRECT;RDF-BASED	-	Approved	RDFXML	yes	none	not-an-entailment-test	graded	graded
rdfbased-sem-ndis-alldifferent-fw-distinctmembers	rdfbased-sem-ndis-alldifferent-fw-distinctmembers	InconsistencyTest;ProfileIdentificationTest	DIRECT;RDF-BASED	-	Approved	RDFXML	yes	none	not-an-entailment-test	graded	graded
rdfbased-sem-ndis-alldisjointclasses-fw	rdfbased-sem-ndis-alldisjointclasses-fw	InconsistencyTest;ProfileIdentificationTest	DIRECT;RDF-BASED	-	Approved	RDFXML	yes	none	not-an-entailment-test	graded	graded
rdfbased-sem-ndis-alldisjointproperties-fw	rdfbased-sem-ndis-alldisjointproperties-fw	InconsistencyTest;ProfileIdentificationTest	DIRECT;RDF-BASED	-	Approved	RDFXML	yes	none	not-an-entailment-test	graded	graded
rdfbased-sem-npa-dat-fw	rdfbased-sem-npa-dat-fw	InconsistencyTest;ProfileIdentificationTest	DIRECT;RDF-BASED	-	Approved	RDFXML	yes	none	not-an-entailment-test	graded	graded
rdfbased-sem-npa-ind-fw	rdfbased-sem-npa-ind-fw	InconsistencyTest;ProfileIdentificationTest	DIRECT;RDF-BASED	-	Approved	RDFXML	yes	none	not-an-entailment-test	graded	graded
rdfbased-sem-prop-backwardcompatiblewith-type-annot	rdfbased-sem-prop-backwardcompatiblewith-type-annot	ConsistencyTest;PositiveEntailmentTest;ProfileIdentificationTest	DIRECT;RDF-BASED	-	Approved	RDFXML	yes	conclusion	outside-rl-profile	not-vendored	decides-consistent
rdfbased-sem-prop-comment-type	rdfbased-sem-prop-comment-type	ConsistencyTest;PositiveEntailmentTest;ProfileIdentificationTest	DIRECT;RDF-BASED	-	Approved	RDFXML	yes	conclusion	outside-rl-profile	not-vendored	decides-consistent
rdfbased-sem-prop-deprecated-type	rdfbased-sem-prop-deprecated-type	ConsistencyTest;PositiveEntailmentTest;ProfileIdentificationTest	DIRECT;RDF-BASED	-	Approved	RDFXML	yes	conclusion	outside-rl-profile	not-vendored	decides-consistent
rdfbased-sem-prop-incompatiblewith-type-annot	rdfbased-sem-prop-incompatiblewith-type-annot	ConsistencyTest;PositiveEntailmentTest;ProfileIdentificationTest	DIRECT;RDF-BASED	-	Approved	RDFXML	yes	conclusion	outside-rl-profile	not-vendored	decides-consistent
rdfbased-sem-prop-isdefinedby-type	rdfbased-sem-prop-isdefinedby-type	ConsistencyTest;PositiveEntailmentTest;ProfileIdentificationTest	DIRECT;RDF-BASED	-	Approved	RDFXML	yes	conclusion	outside-rl-profile	not-vendored	decides-consistent
rdfbased-sem-prop-label-type	rdfbased-sem-prop-label-type	ConsistencyTest;PositiveEntailmentTest;ProfileIdentificationTest	DIRECT;RDF-BASED	-	Approved	RDFXML	yes	conclusion	outside-rl-profile	not-vendored	decides-consistent
rdfbased-sem-prop-priorversion-type-annot	rdfbased-sem-prop-priorversion-type-annot	ConsistencyTest;PositiveEntailmentTest;ProfileIdentificationTest	DIRECT;RDF-BASED	-	Approved	RDFXML	yes	conclusion	outside-rl-profile	not-vendored	decides-consistent
rdfbased-sem-prop-seealso-type	rdfbased-sem-prop-seealso-type	ConsistencyTest;PositiveEntailmentTest;ProfileIdentificationTest	DIRECT;RDF-BASED	-	Approved	RDFXML	yes	conclusion	outside-rl-profile	not-vendored	decides-consistent
rdfbased-sem-prop-versioninfo-type	rdfbased-sem-prop-versioninfo-type	ConsistencyTest;PositiveEntailmentTest;ProfileIdentificationTest	DIRECT;RDF-BASED	-	Approved	RDFXML	yes	conclusion	outside-rl-profile	not-vendored	decides-consistent
rdfbased-sem-rdfs-domain-cond	rdfbased-sem-rdfs-domain-cond	ConsistencyTest;PositiveEntailmentTest;ProfileIdentificationTest	DIRECT;RDF-BASED	-	Approved	RDFXML	yes	conclusion	outside-rl-profile	graded	graded
rdfbased-sem-rdfs-range-cond	rdfbased-sem-rdfs-range-cond	ConsistencyTest;PositiveEntailmentTest;ProfileIdentificationTest	DIRECT;RDF-BASED	-	Approved	RDFXML	yes	conclusion	outside-rl-profile	graded	graded
rdfbased-sem-rdfs-subclass-cond	rdfbased-sem-rdfs-subclass-cond	ConsistencyTest;PositiveEntailmentTest;ProfileIdentificationTest	DIRECT;RDF-BASED	-	Approved	RDFXML	yes	conclusion	outside-rl-profile	graded	graded
rdfbased-sem-rdfs-subclass-trans	rdfbased-sem-rdfs-subclass-trans	ConsistencyTest;PositiveEntailmentTest;ProfileIdentificationTest	DIRECT;RDF-BASED	-	Approved	RDFXML	yes	conclusion	outside-rl-profile	graded	graded
rdfbased-sem-rdfs-subprop-cond	rdfbased-sem-rdfs-subprop-cond	ConsistencyTest;PositiveEntailmentTest;ProfileIdentificationTest	DIRECT;RDF-BASED	-	Approved	RDFXML	yes	conclusion	outside-rl-profile	graded	graded
rdfbased-sem-rdfs-subprop-trans	rdfbased-sem-rdfs-subprop-trans	ConsistencyTest;PositiveEntailmentTest;ProfileIdentificationTest	DIRECT;RDF-BASED	-	Approved	RDFXML	yes	conclusion	outside-rl-profile	graded	graded
rdfbased-sem-rdfsext-domain-subprop	rdfbased-sem-rdfsext-domain-subprop	ConsistencyTest;PositiveEntailmentTest;ProfileIdentificationTest	DIRECT;RDF-BASED	-	Approved	RDFXML	yes	conclusion	outside-rl-profile	graded	graded
rdfbased-sem-rdfsext-domain-superclass	rdfbased-sem-rdfsext-domain-superclass	ConsistencyTest;PositiveEntailmentTest;ProfileIdentificationTest	DIRECT;RDF-BASED	-	Approved	RDFXML	yes	conclusion	outside-rl-profile	graded	graded
rdfbased-sem-rdfsext-range-subprop	rdfbased-sem-rdfsext-range-subprop	ConsistencyTest;PositiveEntailmentTest;ProfileIdentificationTest	DIRECT;RDF-BASED	-	Approved	RDFXML	yes	conclusion	outside-rl-profile	graded	graded
rdfbased-sem-rdfsext-range-superclass	rdfbased-sem-rdfsext-range-superclass	ConsistencyTest;PositiveEntailmentTest;ProfileIdentificationTest	DIRECT;RDF-BASED	-	Approved	RDFXML	yes	conclusion	outside-rl-profile	graded	graded
rdfbased-sem-restrict-allvalues-cmp-class	rdfbased-sem-restrict-allvalues-cmp-class	ConsistencyTest;PositiveEntailmentTest;ProfileIdentificationTest	DIRECT;RDF-BASED	-	Approved	RDFXML	yes	conclusion	outside-rl-profile	graded	graded
rdfbased-sem-restrict-allvalues-cmp-prop	rdfbased-sem-restrict-allvalues-cmp-prop	ConsistencyTest;PositiveEntailmentTest;ProfileIdentificationTest	DIRECT;RDF-BASED	-	Approved	RDFXML	yes	conclusion	outside-rl-profile	graded	graded
rdfbased-sem-restrict-allvalues-inst-obj	rdfbased-sem-restrict-allvalues-inst-obj	ConsistencyTest;PositiveEntailmentTest;ProfileIdentificationTest	DIRECT;RDF-BASED	-	Approved	RDFXML	yes	conclusion	outside-rl-profile	graded	graded
rdfbased-sem-restrict-hasvalue-cmp-prop	rdfbased-sem-restrict-hasvalue-cmp-prop	ConsistencyTest;PositiveEntailmentTest;ProfileIdentificationTest	DIRECT;RDF-BASED	-	Approved	RDFXML	yes	conclusion	outside-rl-profile	graded	graded
rdfbased-sem-restrict-hasvalue-inst-obj	rdfbased-sem-restrict-hasvalue-inst-obj	ConsistencyTest;PositiveEntailmentTest;ProfileIdentificationTest	DIRECT;RDF-BASED	-	Approved	RDFXML	yes	conclusion	outside-rl-profile	graded	graded
rdfbased-sem-restrict-hasvalue-inst-subj	rdfbased-sem-restrict-hasvalue-inst-subj	ConsistencyTest;PositiveEntailmentTest;ProfileIdentificationTest	DIRECT;RDF-BASED	-	Approved	RDFXML	yes	conclusion	outside-rl-profile	graded	graded
rdfbased-sem-restrict-maxcard-inst-obj-one	rdfbased-sem-restrict-maxcard-inst-obj-one	ConsistencyTest;PositiveEntailmentTest;ProfileIdentificationTest	DIRECT;RDF-BASED	-	Approved	RDFXML	yes	conclusion	outside-rl-profile	graded	graded
rdfbased-sem-restrict-maxcard-inst-obj-zero	rdfbased-sem-restrict-maxcard-inst-obj-zero	InconsistencyTest;ProfileIdentificationTest	DIRECT;RDF-BASED	-	Approved	RDFXML	yes	none	not-an-entailment-test	graded	graded
rdfbased-sem-restrict-maxqcr-inst-obj-one	rdfbased-sem-restrict-maxqcr-inst-obj-one	ConsistencyTest;PositiveEntailmentTest;ProfileIdentificationTest	DIRECT;RDF-BASED	-	Approved	RDFXML	yes	conclusion	outside-rl-profile	graded	graded
rdfbased-sem-restrict-maxqcr-inst-obj-zero	rdfbased-sem-restrict-maxqcr-inst-obj-zero	InconsistencyTest;ProfileIdentificationTest	DIRECT;RDF-BASED	-	Approved	RDFXML	yes	none	not-an-entailment-test	graded	graded
rdfbased-sem-restrict-somevalues-cmp-class	rdfbased-sem-restrict-somevalues-cmp-class	ConsistencyTest;PositiveEntailmentTest;ProfileIdentificationTest	DIRECT;RDF-BASED	-	Approved	RDFXML	yes	conclusion	outside-rl-profile	graded	graded
rdfbased-sem-restrict-somevalues-cmp-prop	rdfbased-sem-restrict-somevalues-cmp-prop	ConsistencyTest;PositiveEntailmentTest;ProfileIdentificationTest	DIRECT;RDF-BASED	-	Approved	RDFXML	yes	conclusion	outside-rl-profile	graded	graded
rdfbased-sem-restrict-somevalues-inst-subj	rdfbased-sem-restrict-somevalues-inst-subj	ConsistencyTest;PositiveEntailmentTest;ProfileIdentificationTest	DIRECT;RDF-BASED	-	Approved	RDFXML	yes	conclusion	outside-rl-profile	graded	graded
RoleChainViolationLumen	rolechainviolationlumen	ConsistencyTest;ProfileIdentificationTest	-	-	-	RDFXML	yes	none	not-an-entailment-test	not-vendored	decides-consistent
somevaluesfrom2bnode	somevaluesfrom2bnode	ConsistencyTest;PositiveEntailmentTest;ProfileIdentificationTest	DIRECT;RDF-BASED	EL	Approved	RDFXML	yes	conclusion	outside-rl-profile	graded	graded
string-integer-clash	string-integer-clash	InconsistencyTest;ProfileIdentificationTest	DIRECT;RDF-BASED	EL;RL	Approved	FUNCTIONAL	no	none	not-an-entailment-test	not-vendored	no-rdfxml-premise
WebOnt-AllDifferent-001	webont-alldifferent-001	ConsistencyTest;PositiveEntailmentTest	DIRECT;RDF-BASED	-	Proposed	RDFXML	yes	conclusion	outside-rl-profile	graded	graded
WebOnt-allValuesFrom-001	webont-allvaluesfrom-001	ConsistencyTest;PositiveEntailmentTest;ProfileIdentificationTest	DIRECT;RDF-BASED	-	Approved	RDFXML	yes	conclusion	outside-rl-profile	graded	graded
WebOnt-allValuesFrom-002	webont-allvaluesfrom-002	ConsistencyTest;NegativeEntailmentTest;ProfileIdentificationTest	DIRECT;RDF-BASED	-	Approved	RDFXML	yes	non-conclusion	graded-negative	not-vendored	decides-consistent
WebOnt-AnnotationProperty-002	webont-annotationproperty-002	ConsistencyTest;PositiveEntailmentTest;ProfileIdentificationTest	DIRECT;RDF-BASED	-	Approved	RDFXML	yes	conclusion	outside-rl-profile	graded	graded
WebOnt-AnnotationProperty-003	webont-annotationproperty-003	ConsistencyTest;ProfileIdentificationTest	DIRECT;RDF-BASED	EL;QL;RL	Approved	RDFXML	yes	none	not-an-entailment-test	graded	graded
WebOnt-AnnotationProperty-004	webont-annotationproperty-004	ConsistencyTest;ProfileIdentificationTest	DIRECT;RDF-BASED	EL;QL;RL	Approved	RDFXML	yes	none	not-an-entailment-test	graded	graded
WebOnt-backwardCompatibleWith-001	webont-backwardcompatiblewith-001	ConsistencyTest	DIRECT;RDF-BASED	-	Proposed	RDFXML	yes	none	not-an-entailment-test	graded	graded
WebOnt-backwardCompatibleWith-002	webont-backwardcompatiblewith-002	ConsistencyTest;ProfileIdentificationTest	DIRECT;RDF-BASED	EL;QL;RL	Approved	RDFXML	yes	none	not-an-entailment-test	graded	graded
WebOnt-cardinality-001	webont-cardinality-001	ConsistencyTest;PositiveEntailmentTest;ProfileIdentificationTest	DIRECT;RDF-BASED	-	Approved	RDFXML	yes	conclusion	outside-rl-profile	graded	graded
WebOnt-cardinality-002	webont-cardinality-002	ConsistencyTest;PositiveEntailmentTest;ProfileIdentificationTest	DIRECT;RDF-BASED	-	Approved	RDFXML	yes	conclusion	outside-rl-profile	not-vendored	decides-consistent
WebOnt-cardinality-003	webont-cardinality-003	ConsistencyTest;PositiveEntailmentTest;ProfileIdentificationTest	DIRECT;RDF-BASED	-	Approved	RDFXML	yes	conclusion	outside-rl-profile	not-vendored	decides-consistent
WebOnt-cardinality-004	webont-cardinality-004	ConsistencyTest;PositiveEntailmentTest;ProfileIdentificationTest	DIRECT;RDF-BASED	-	Approved	RDFXML	yes	conclusion	outside-rl-profile	not-vendored	decides-consistent
WebOnt-cardinality-006	webont-cardinality-006	ConsistencyTest;PositiveEntailmentTest	DIRECT;RDF-BASED	-	Proposed	RDFXML	yes	conclusion	outside-rl-profile	graded	graded
WebOnt-Class-001	webont-class-001	ConsistencyTest;PositiveEntailmentTest	DIRECT;RDF-BASED	-	Proposed	RDFXML	yes	conclusion	outside-rl-profile	not-vendored	decides-consistent
WebOnt-Class-002	webont-class-002	ConsistencyTest;PositiveEntailmentTest	DIRECT;RDF-BASED	-	Proposed	RDFXML	yes	conclusion	outside-rl-profile	graded	graded
WebOnt-Class-003	webont-class-003	ConsistencyTest;PositiveEntailmentTest	DIRECT;RDF-BASED	-	Proposed	RDFXML	yes	conclusion	outside-rl-profile	graded	graded
WebOnt-Class-004	webont-class-004	ConsistencyTest;NegativeEntailmentTest	DIRECT;RDF-BASED	-	Proposed	RDFXML	yes	non-conclusion	graded-negative	not-vendored	decides-consistent
WebOnt-Class-005	webont-class-005	ConsistencyTest;NegativeEntailmentTest;ProfileIdentificationTest	RDF-BASED	-	Proposed	RDFXML	yes	non-conclusion	graded-negative	not-vendored	decides-consistent
WebOnt-Class-005-direct	webont-class-005-direct	ConsistencyTest;PositiveEntailmentTest;ProfileIdentificationTest	DIRECT	-	Proposed	RDFXML	yes	conclusion	direct-semantics-only	graded	graded
WebOnt-Class-006	webont-class-006	ConsistencyTest;PositiveEntailmentTest	DIRECT;RDF-BASED	-	Proposed	RDFXML	yes	conclusion	outside-rl-profile	graded	graded
WebOnt-complementOf-001	webont-complementof-001	ConsistencyTest;PositiveEntailmentTest	DIRECT;RDF-BASED	-	Proposed	RDFXML	yes	conclusion	outside-rl-profile	graded	graded
WebOnt-DatatypeProperty-001	webont-datatypeproperty-001	ConsistencyTest	DIRECT;RDF-BASED	-	Proposed	RDFXML	yes	none	not-an-entailment-test	graded	graded
WebOnt-description-logic-001	webont-description-logic-001	InconsistencyTest;ProfileIdentificationTest	DIRECT;RDF-BASED	-	Approved	RDFXML	yes	none	not-an-entailment-test	not-vendored	decides-inconsistent
WebOnt-description-logic-002	webont-description-logic-002	InconsistencyTest;ProfileIdentificationTest	DIRECT;RDF-BASED	-	Approved	RDFXML	yes	none	not-an-entailment-test	not-vendored	decides-inconsistent
WebOnt-description-logic-003	webont-description-logic-003	InconsistencyTest;ProfileIdentificationTest	DIRECT;RDF-BASED	-	Approved	RDFXML	yes	none	not-an-entailment-test	not-vendored	decides-inconsistent
WebOnt-description-logic-004	webont-description-logic-004	InconsistencyTest;ProfileIdentificationTest	DIRECT;RDF-BASED	-	Approved	RDFXML	yes	none	not-an-entailment-test	not-vendored	decides-inconsistent
WebOnt-description-logic-005	webont-description-logic-005	ConsistencyTest;ProfileIdentificationTest	DIRECT;RDF-BASED	-	Approved	RDFXML	yes	none	not-an-entailment-test	not-vendored	decides-consistent
WebOnt-description-logic-006	webont-description-logic-006	ConsistencyTest;ProfileIdentificationTest	DIRECT;RDF-BASED	-	Approved	RDFXML	yes	none	not-an-entailment-test	not-vendored	decides-consistent
WebOnt-description-logic-007	webont-description-logic-007	InconsistencyTest;ProfileIdentificationTest	DIRECT;RDF-BASED	-	Approved	RDFXML	yes	none	not-an-entailment-test	not-vendored	decides-inconsistent
WebOnt-description-logic-008	webont-description-logic-008	InconsistencyTest;ProfileIdentificationTest	DIRECT;RDF-BASED	-	Approved	RDFXML	yes	none	not-an-entailment-test	not-vendored	decides-inconsistent
WebOnt-description-logic-009	webont-description-logic-009	ConsistencyTest;ProfileIdentificationTest	DIRECT;RDF-BASED	-	Approved	RDFXML	yes	none	not-an-entailment-test	not-vendored	decides-consistent
WebOnt-description-logic-010	webont-description-logic-010	InconsistencyTest;ProfileIdentificationTest	DIRECT;RDF-BASED	-	Approved	RDFXML	yes	none	not-an-entailment-test	not-vendored	decides-inconsistent
WebOnt-description-logic-011	webont-description-logic-011	InconsistencyTest;ProfileIdentificationTest	DIRECT;RDF-BASED	-	Approved	RDFXML	yes	none	not-an-entailment-test	not-vendored	decides-inconsistent
WebOnt-description-logic-012	webont-description-logic-012	InconsistencyTest;ProfileIdentificationTest	DIRECT;RDF-BASED	-	Approved	RDFXML	yes	none	not-an-entailment-test	not-vendored	decides-inconsistent
WebOnt-description-logic-013	webont-description-logic-013	InconsistencyTest;ProfileIdentificationTest	DIRECT;RDF-BASED	-	Approved	RDFXML	yes	none	not-an-entailment-test	not-vendored	decides-inconsistent
WebOnt-description-logic-014	webont-description-logic-014	InconsistencyTest;ProfileIdentificationTest	DIRECT;RDF-BASED	-	Approved	RDFXML	yes	none	not-an-entailment-test	not-vendored	decides-inconsistent
WebOnt-description-logic-015	webont-description-logic-015	InconsistencyTest;ProfileIdentificationTest	DIRECT;RDF-BASED	-	Approved	RDFXML	yes	none	not-an-entailment-test	not-vendored	decides-inconsistent
WebOnt-description-logic-016	webont-description-logic-016	ConsistencyTest;ProfileIdentificationTest	DIRECT;RDF-BASED	-	Approved	RDFXML	yes	none	not-an-entailment-test	not-vendored	decides-consistent
WebOnt-description-logic-017	webont-description-logic-017	InconsistencyTest;ProfileIdentificationTest	DIRECT;RDF-BASED	-	Approved	RDFXML	yes	none	not-an-entailment-test	not-vendored	decides-inconsistent
WebOnt-description-logic-018	webont-description-logic-018	ConsistencyTest;ProfileIdentificationTest	DIRECT;RDF-BASED	-	Approved	RDFXML	yes	none	not-an-entailment-test	not-vendored	decides-consistent
WebOnt-description-logic-019	webont-description-logic-019	InconsistencyTest;ProfileIdentificationTest	DIRECT;RDF-BASED	-	Approved	RDFXML	yes	none	not-an-entailment-test	not-vendored	decides-inconsistent
WebOnt-description-logic-020	webont-description-logic-020	ConsistencyTest;ProfileIdentificationTest	DIRECT;RDF-BASED	-	Approved	RDFXML	yes	none	not-an-entailment-test	not-vendored	decides-consistent
WebOnt-description-logic-021	webont-description-logic-021	ConsistencyTest;ProfileIdentificationTest	DIRECT;RDF-BASED	-	Approved	RDFXML	yes	none	not-an-entailment-test	not-vendored	decides-consistent
WebOnt-description-logic-022	webont-description-logic-022	InconsistencyTest;ProfileIdentificationTest	DIRECT;RDF-BASED	-	Approved	RDFXML	yes	none	not-an-entailment-test	not-vendored	decides-inconsistent
WebOnt-description-logic-023	webont-description-logic-023	InconsistencyTest;ProfileIdentificationTest	DIRECT;RDF-BASED	-	Approved	RDFXML	yes	none	not-an-entailment-test	not-vendored	decides-inconsistent
WebOnt-description-logic-024	webont-description-logic-024	ConsistencyTest;ProfileIdentificationTest	DIRECT;RDF-BASED	-	Approved	RDFXML	yes	none	not-an-entailment-test	not-vendored	decides-consistent
WebOnt-description-logic-025	webont-description-logic-025	ConsistencyTest;ProfileIdentificationTest	DIRECT;RDF-BASED	-	Approved	RDFXML	yes	none	not-an-entailment-test	not-vendored	decides-consistent
WebOnt-description-logic-026	webont-description-logic-026	InconsistencyTest;ProfileIdentificationTest	DIRECT;RDF-BASED	-	Approved	RDFXML	yes	none	not-an-entailment-test	not-vendored	decides-inconsistent
WebOnt-description-logic-027	webont-description-logic-027	InconsistencyTest;ProfileIdentificationTest	DIRECT;RDF-BASED	-	Approved	RDFXML	yes	none	not-an-entailment-test	not-vendored	decides-inconsistent
WebOnt-description-logic-028	webont-description-logic-028	ConsistencyTest;ProfileIdentificationTest	DIRECT;RDF-BASED	-	Approved	RDFXML	yes	none	not-an-entailment-test	not-vendored	decides-consistent
WebOnt-description-logic-029	webont-description-logic-029	InconsistencyTest;ProfileIdentificationTest	DIRECT;RDF-BASED	-	Approved	RDFXML	yes	none	not-an-entailment-test	not-vendored	decides-inconsistent
WebOnt-description-logic-030	webont-description-logic-030	InconsistencyTest;ProfileIdentificationTest	DIRECT;RDF-BASED	-	Approved	RDFXML	yes	none	not-an-entailment-test	not-vendored	decides-inconsistent
WebOnt-description-logic-031	webont-description-logic-031	ConsistencyTest;ProfileIdentificationTest	DIRECT;RDF-BASED	-	Approved	RDFXML	yes	none	not-an-entailment-test	not-vendored	decides-consistent
WebOnt-description-logic-032	webont-description-logic-032	InconsistencyTest;ProfileIdentificationTest	DIRECT;RDF-BASED	-	Approved	RDFXML	yes	none	not-an-entailment-test	not-vendored	decides-inconsistent
WebOnt-description-logic-033	webont-description-logic-033	InconsistencyTest;ProfileIdentificationTest	DIRECT;RDF-BASED	-	Approved	RDFXML	yes	none	not-an-entailment-test	not-vendored	decides-inconsistent
WebOnt-description-logic-034	webont-description-logic-034	ConsistencyTest;ProfileIdentificationTest	DIRECT;RDF-BASED	-	Approved	RDFXML	yes	none	not-an-entailment-test	not-vendored	decides-consistent
WebOnt-description-logic-035	webont-description-logic-035	InconsistencyTest;ProfileIdentificationTest	DIRECT;RDF-BASED	-	Approved	RDFXML	yes	none	not-an-entailment-test	graded	graded
WebOnt-description-logic-040	webont-description-logic-040	InconsistencyTest;ProfileIdentificationTest	DIRECT;RDF-BASED	-	Approved	RDFXML	yes	none	not-an-entailment-test	not-vendored	withholds-reasoner
WebOnt-description-logic-101	webont-description-logic-101	InconsistencyTest;ProfileIdentificationTest	DIRECT;RDF-BASED	RL	Approved	RDFXML	yes	none	not-an-entailment-test	not-vendored	decides-inconsistent
WebOnt-description-logic-102	webont-description-logic-102	InconsistencyTest;ProfileIdentificationTest	DIRECT;RDF-BASED	-	Approved	RDFXML	yes	none	not-an-entailment-test	not-vendored	decides-inconsistent
WebOnt-description-logic-103	webont-description-logic-103	InconsistencyTest;ProfileIdentificationTest	DIRECT;RDF-BASED	RL	Approved	RDFXML	yes	none	not-an-entailment-test	not-vendored	decides-inconsistent
WebOnt-description-logic-104	webont-description-logic-104	InconsistencyTest;ProfileIdentificationTest	DIRECT;RDF-BASED	QL;RL	Approved	RDFXML	yes	none	not-an-entailment-test	not-vendored	decides-inconsistent
WebOnt-description-logic-105	webont-description-logic-105	InconsistencyTest;ProfileIdentificationTest	DIRECT;RDF-BASED	-	Approved	RDFXML	yes	none	not-an-entailment-test	not-vendored	decides-inconsistent
WebOnt-description-logic-106	webont-description-logic-106	InconsistencyTest;ProfileIdentificationTest	DIRECT;RDF-BASED	-	Approved	RDFXML	yes	none	not-an-entailment-test	not-vendored	decides-inconsistent
WebOnt-description-logic-107	webont-description-logic-107	InconsistencyTest;ProfileIdentificationTest	DIRECT;RDF-BASED	-	Approved	RDFXML	yes	none	not-an-entailment-test	not-vendored	decides-inconsistent
WebOnt-description-logic-108	webont-description-logic-108	InconsistencyTest;ProfileIdentificationTest	DIRECT;RDF-BASED	-	Approved	RDFXML	yes	none	not-an-entailment-test	not-vendored	decides-inconsistent
WebOnt-description-logic-109	webont-description-logic-109	InconsistencyTest;ProfileIdentificationTest	DIRECT;RDF-BASED	-	Approved	RDFXML	yes	none	not-an-entailment-test	not-vendored	decides-inconsistent
WebOnt-description-logic-110	webont-description-logic-110	InconsistencyTest;ProfileIdentificationTest	DIRECT;RDF-BASED	-	Approved	RDFXML	yes	none	not-an-entailment-test	not-vendored	decides-inconsistent
WebOnt-description-logic-111	webont-description-logic-111	InconsistencyTest;ProfileIdentificationTest	DIRECT;RDF-BASED	-	Approved	RDFXML	yes	none	not-an-entailment-test	not-vendored	decides-inconsistent
WebOnt-description-logic-201	webont-description-logic-201	ConsistencyTest;PositiveEntailmentTest;ProfileIdentificationTest	DIRECT;RDF-BASED	-	Approved	RDFXML	yes	conclusion	outside-rl-profile	not-vendored	decides-consistent
WebOnt-description-logic-202	webont-description-logic-202	ConsistencyTest;PositiveEntailmentTest;ProfileIdentificationTest	DIRECT;RDF-BASED	-	Extracredit	RDFXML	yes	conclusion	outside-rl-profile	not-vendored	withholds-reasoner
WebOnt-description-logic-203	webont-description-logic-203	ConsistencyTest;PositiveEntailmentTest;ProfileIdentificationTest	DIRECT;RDF-BASED	-	Extracredit	RDFXML	yes	conclusion	outside-rl-profile	not-vendored	withholds-reasoner
WebOnt-description-logic-204	webont-description-logic-204	ConsistencyTest;PositiveEntailmentTest;ProfileIdentificationTest	DIRECT;RDF-BASED	-	Extracredit	RDFXML	yes	conclusion	outside-rl-profile	not-vendored	decides-consistent
WebOnt-description-logic-205	webont-description-logic-205	ConsistencyTest;PositiveEntailmentTest;ProfileIdentificationTest	DIRECT;RDF-BASED	-	Approved	RDFXML	yes	conclusion	outside-rl-profile	not-vendored	decides-consistent
WebOnt-description-logic-206	webont-description-logic-206	ConsistencyTest;PositiveEntailmentTest;ProfileIdentificationTest	DIRECT;RDF-BASED	-	Extracredit	RDFXML	yes	conclusion	outside-rl-profile	not-vendored	decides-consistent
WebOnt-description-logic-207	webont-description-logic-207	ConsistencyTest;PositiveEntailmentTest;ProfileIdentificationTest	DIRECT;RDF-BASED	-	Approved	RDFXML	yes	conclusion	outside-rl-profile	not-vendored	decides-consistent
WebOnt-description-logic-208	webont-description-logic-208	ConsistencyTest;PositiveEntailmentTest;ProfileIdentificationTest	DIRECT;RDF-BASED	-	Approved	RDFXML	yes	conclusion	outside-rl-profile	not-vendored	withholds-reasoner
WebOnt-description-logic-209	webont-description-logic-209	ConsistencyTest;NegativeEntailmentTest;ProfileIdentificationTest	DIRECT;RDF-BASED	-	Approved	RDFXML	yes	non-conclusion	graded-negative	not-vendored	withholds-reasoner
WebOnt-description-logic-501	webont-description-logic-501	ConsistencyTest;ProfileIdentificationTest	DIRECT;RDF-BASED	-	Approved	RDFXML	yes	none	not-an-entailment-test	not-vendored	decides-consistent
WebOnt-description-logic-502	webont-description-logic-502	InconsistencyTest;ProfileIdentificationTest	DIRECT;RDF-BASED	-	Approved	RDFXML	yes	none	not-an-entailment-test	not-vendored	decides-consistent
WebOnt-description-logic-503	webont-description-logic-503	ConsistencyTest;ProfileIdentificationTest	DIRECT;RDF-BASED	-	Approved	RDFXML	yes	none	not-an-entailment-test	not-vendored	decides-consistent
WebOnt-description-logic-504	webont-description-logic-504	InconsistencyTest;ProfileIdentificationTest	DIRECT;RDF-BASED	-	Approved	RDFXML	yes	none	not-an-entailment-test	not-vendored	decides-inconsistent
WebOnt-description-logic-601	webont-description-logic-601	InconsistencyTest;ProfileIdentificationTest	DIRECT;RDF-BASED	-	Approved	RDFXML	yes	none	not-an-entailment-test	not-vendored	decides-inconsistent
WebOnt-description-logic-602	webont-description-logic-602	InconsistencyTest;ProfileIdentificationTest	DIRECT;RDF-BASED	-	Approved	RDFXML	yes	none	not-an-entailment-test	not-vendored	decides-inconsistent
WebOnt-description-logic-603	webont-description-logic-603	InconsistencyTest;ProfileIdentificationTest	DIRECT;RDF-BASED	-	Approved	RDFXML	yes	none	not-an-entailment-test	not-vendored	decides-inconsistent
WebOnt-description-logic-604	webont-description-logic-604	InconsistencyTest;ProfileIdentificationTest	DIRECT;RDF-BASED	-	Approved	RDFXML	yes	none	not-an-entailment-test	not-vendored	decides-inconsistent
WebOnt-description-logic-605	webont-description-logic-605	ConsistencyTest;ProfileIdentificationTest	DIRECT;RDF-BASED	-	Approved	RDFXML	yes	none	not-an-entailment-test	not-vendored	decides-consistent
WebOnt-description-logic-606	webont-description-logic-606	ConsistencyTest;ProfileIdentificationTest	DIRECT;RDF-BASED	-	Approved	RDFXML	yes	none	not-an-entailment-test	not-vendored	withholds-reasoner
WebOnt-description-logic-608	webont-description-logic-608	InconsistencyTest;ProfileIdentificationTest	DIRECT;RDF-BASED	-	Approved	RDFXML	yes	none	not-an-entailment-test	not-vendored	decides-inconsistent
WebOnt-description-logic-609	webont-description-logic-609	ConsistencyTest;ProfileIdentificationTest	DIRECT;RDF-BASED	-	Approved	RDFXML	yes	none	not-an-entailment-test	not-vendored	decides-consistent
WebOnt-description-logic-610	webont-description-logic-610	InconsistencyTest;ProfileIdentificationTest	DIRECT;RDF-BASED	-	Approved	RDFXML	yes	none	not-an-entailment-test	not-vendored	decides-inconsistent
WebOnt-description-logic-611	webont-description-logic-611	InconsistencyTest;ProfileIdentificationTest	DIRECT;RDF-BASED	-	Approved	RDFXML	yes	none	not-an-entailment-test	not-vendored	decides-inconsistent
WebOnt-description-logic-612	webont-description-logic-612	InconsistencyTest;ProfileIdentificationTest	DIRECT;RDF-BASED	-	Approved	RDFXML	yes	none	not-an-entailment-test	not-vendored	decides-inconsistent
WebOnt-description-logic-613	webont-description-logic-613	InconsistencyTest;ProfileIdentificationTest	DIRECT;RDF-BASED	-	Approved	RDFXML	yes	none	not-an-entailment-test	not-vendored	decides-inconsistent
WebOnt-description-logic-614	webont-description-logic-614	InconsistencyTest;ProfileIdentificationTest	DIRECT;RDF-BASED	-	Approved	RDFXML	yes	none	not-an-entailment-test	not-vendored	decides-inconsistent
WebOnt-description-logic-615	webont-description-logic-615	InconsistencyTest;ProfileIdentificationTest	DIRECT;RDF-BASED	-	Approved	RDFXML	yes	none	not-an-entailment-test	not-vendored	decides-inconsistent
WebOnt-description-logic-616	webont-description-logic-616	ConsistencyTest;ProfileIdentificationTest	DIRECT;RDF-BASED	-	Approved	RDFXML	yes	none	not-an-entailment-test	not-vendored	decides-consistent
WebOnt-description-logic-617	webont-description-logic-617	InconsistencyTest;ProfileIdentificationTest	DIRECT;RDF-BASED	-	Approved	RDFXML	yes	none	not-an-entailment-test	not-vendored	decides-inconsistent
WebOnt-description-logic-623	webont-description-logic-623	InconsistencyTest;ProfileIdentificationTest	DIRECT;RDF-BASED	-	Approved	RDFXML	yes	none	not-an-entailment-test	not-vendored	decides-inconsistent
WebOnt-description-logic-624	webont-description-logic-624	ConsistencyTest;ProfileIdentificationTest	DIRECT;RDF-BASED	-	Approved	RDFXML	yes	none	not-an-entailment-test	not-vendored	decides-consistent
WebOnt-description-logic-625	webont-description-logic-625	ConsistencyTest;ProfileIdentificationTest	DIRECT;RDF-BASED	-	Approved	RDFXML	yes	none	not-an-entailment-test	not-vendored	decides-consistent
WebOnt-description-logic-626	webont-description-logic-626	InconsistencyTest;ProfileIdentificationTest	DIRECT;RDF-BASED	-	Approved	RDFXML	yes	none	not-an-entailment-test	not-vendored	decides-inconsistent
WebOnt-description-logic-627	webont-description-logic-627	InconsistencyTest;ProfileIdentificationTest	DIRECT;RDF-BASED	-	Approved	RDFXML	yes	none	not-an-entailment-test	not-vendored	decides-inconsistent
WebOnt-description-logic-628	webont-description-logic-628	ConsistencyTest;ProfileIdentificationTest	DIRECT;RDF-BASED	-	Approved	RDFXML	yes	none	not-an-entailment-test	not-vendored	decides-consistent
WebOnt-description-logic-629	webont-description-logic-629	InconsistencyTest;ProfileIdentificationTest	DIRECT;RDF-BASED	-	Approved	RDFXML	yes	none	not-an-entailment-test	not-vendored	decides-inconsistent
WebOnt-description-logic-630	webont-description-logic-630	InconsistencyTest;ProfileIdentificationTest	DIRECT;RDF-BASED	-	Approved	RDFXML	yes	none	not-an-entailment-test	not-vendored	decides-inconsistent
WebOnt-description-logic-631	webont-description-logic-631	ConsistencyTest;ProfileIdentificationTest	DIRECT;RDF-BASED	-	Approved	RDFXML	yes	none	not-an-entailment-test	not-vendored	decides-consistent
WebOnt-description-logic-632	webont-description-logic-632	InconsistencyTest;ProfileIdentificationTest	DIRECT;RDF-BASED	-	Approved	RDFXML	yes	none	not-an-entailment-test	not-vendored	decides-inconsistent
WebOnt-description-logic-633	webont-description-logic-633	InconsistencyTest;ProfileIdentificationTest	DIRECT;RDF-BASED	-	Approved	RDFXML	yes	none	not-an-entailment-test	not-vendored	decides-inconsistent
WebOnt-description-logic-634	webont-description-logic-634	ConsistencyTest;ProfileIdentificationTest	DIRECT;RDF-BASED	-	Approved	RDFXML	yes	none	not-an-entailment-test	not-vendored	decides-consistent
WebOnt-description-logic-641	webont-description-logic-641	InconsistencyTest;ProfileIdentificationTest	DIRECT;RDF-BASED	-	Approved	RDFXML	yes	none	not-an-entailment-test	not-vendored	decides-inconsistent
WebOnt-description-logic-642	webont-description-logic-642	InconsistencyTest;ProfileIdentificationTest	DIRECT;RDF-BASED	-	Approved	RDFXML	yes	none	not-an-entailment-test	not-vendored	decides-inconsistent
WebOnt-description-logic-643	webont-description-logic-643	InconsistencyTest;ProfileIdentificationTest	DIRECT;RDF-BASED	-	Approved	RDFXML	yes	none	not-an-entailment-test	not-vendored	decides-inconsistent
WebOnt-description-logic-644	webont-description-logic-644	InconsistencyTest;ProfileIdentificationTest	DIRECT;RDF-BASED	-	Approved	RDFXML	yes	none	not-an-entailment-test	not-vendored	decides-inconsistent
WebOnt-description-logic-646	webont-description-logic-646	InconsistencyTest;ProfileIdentificationTest	DIRECT;RDF-BASED	-	Approved	RDFXML	yes	none	not-an-entailment-test	not-vendored	decides-inconsistent
WebOnt-description-logic-650	webont-description-logic-650	InconsistencyTest;ProfileIdentificationTest	DIRECT;RDF-BASED	-	Approved	RDFXML	yes	none	not-an-entailment-test	not-vendored	decides-inconsistent
WebOnt-description-logic-661	webont-description-logic-661	ConsistencyTest;PositiveEntailmentTest;ProfileIdentificationTest	DIRECT;RDF-BASED	-	Approved	RDFXML	yes	conclusion	outside-rl-profile	not-vendored	withholds-reasoner
WebOnt-description-logic-662	webont-description-logic-662	ConsistencyTest;PositiveEntailmentTest;ProfileIdentificationTest	DIRECT;RDF-BASED	-	Extracredit	RDFXML	yes	conclusion	outside-rl-profile	not-vendored	withholds-reasoner
WebOnt-description-logic-663	webont-description-logic-663	ConsistencyTest;PositiveEntailmentTest;ProfileIdentificationTest	DIRECT;RDF-BASED	-	Extracredit	RDFXML	yes	conclusion	outside-rl-profile	not-vendored	withholds-reasoner
WebOnt-description-logic-664	webont-description-logic-664	ConsistencyTest;PositiveEntailmentTest;ProfileIdentificationTest	DIRECT;RDF-BASED	-	Extracredit	RDFXML	yes	conclusion	outside-rl-profile	not-vendored	withholds-reasoner
WebOnt-description-logic-665	webont-description-logic-665	ConsistencyTest;PositiveEntailmentTest;ProfileIdentificationTest	DIRECT;RDF-BASED	-	Approved	RDFXML	yes	conclusion	outside-rl-profile	not-vendored	decides-consistent
WebOnt-description-logic-667	webont-description-logic-667	ConsistencyTest;PositiveEntailmentTest;ProfileIdentificationTest	DIRECT;RDF-BASED	-	Approved	RDFXML	yes	conclusion	outside-rl-profile	not-vendored	decides-consistent
WebOnt-description-logic-901	webont-description-logic-901	ConsistencyTest;PositiveEntailmentTest;ProfileIdentificationTest	DIRECT;RDF-BASED	-	Approved	RDFXML	yes	conclusion	outside-rl-profile	graded	graded
WebOnt-description-logic-902	webont-description-logic-902	ConsistencyTest;NegativeEntailmentTest;ProfileIdentificationTest	DIRECT;RDF-BASED	-	Approved	RDFXML	yes	non-conclusion	graded-negative	not-vendored	decides-consistent
WebOnt-description-logic-903	webont-description-logic-903	ConsistencyTest;PositiveEntailmentTest;ProfileIdentificationTest	DIRECT;RDF-BASED	-	Extracredit	RDFXML	yes	conclusion	outside-rl-profile	graded	graded
WebOnt-description-logic-904	webont-description-logic-904	ConsistencyTest;NegativeEntailmentTest;ProfileIdentificationTest	DIRECT;RDF-BASED	-	Extracredit	RDFXML	yes	non-conclusion	graded-negative	not-vendored	decides-consistent
WebOnt-description-logic-905	webont-description-logic-905	ConsistencyTest;ProfileIdentificationTest	DIRECT;RDF-BASED	-	Approved	RDFXML	yes	none	not-an-entailment-test	not-vendored	withholds-reasoner
WebOnt-description-logic-906	webont-description-logic-906	ConsistencyTest;ProfileIdentificationTest	DIRECT;RDF-BASED	-	Extracredit	RDFXML	yes	none	not-an-entailment-test	not-vendored	withholds-reasoner
WebOnt-description-logic-907	webont-description-logic-907	ConsistencyTest;ProfileIdentificationTest	DIRECT;RDF-BASED	-	Extracredit	RDFXML	yes	none	not-an-entailment-test	not-vendored	withholds-reasoner
WebOnt-description-logic-908	webont-description-logic-908	ConsistencyTest;ProfileIdentificationTest	DIRECT;RDF-BASED	-	Approved	RDFXML	yes	none	not-an-entailment-test	not-vendored	decides-consistent
WebOnt-description-logic-909	webont-description-logic-909	InconsistencyTest;ProfileIdentificationTest	DIRECT;RDF-BASED	-	Extracredit	RDFXML	yes	none	not-an-entailment-test	not-vendored	decides-consistent
WebOnt-description-logic-910	webont-description-logic-910	InconsistencyTest;ProfileIdentificationTest	DIRECT;RDF-BASED	-	Extracredit	RDFXML	yes	none	not-an-entailment-test	not-vendored	withholds-reasoner
WebOnt-differentFrom-001	webont-differentfrom-001	ConsistencyTest;PositiveEntailmentTest;ProfileIdentificationTest	DIRECT;RDF-BASED	EL;QL;RL	Approved	RDFXML	yes	conclusion	graded-positive	graded	graded
WebOnt-differentFrom-002	webont-differentfrom-002	ConsistencyTest;PositiveEntailmentTest;ProfileIdentificationTest	DIRECT;RDF-BASED	-	Proposed	RDFXML	yes	conclusion	outside-rl-profile	graded	graded
WebOnt-disjointWith-001	webont-disjointwith-001	ConsistencyTest;PositiveEntailmentTest;ProfileIdentificationTest	DIRECT;RDF-BASED	EL;QL	Approved	RDFXML	yes	conclusion	outside-rl-profile	graded	graded
WebOnt-disjointWith-002	webont-disjointwith-002	ConsistencyTest;PositiveEntailmentTest	DIRECT;RDF-BASED	-	Proposed	RDFXML	yes	conclusion	outside-rl-profile	graded	graded
WebOnt-disjointWith-003	webont-disjointwith-003	ConsistencyTest;ProfileIdentificationTest	DIRECT;RDF-BASED	EL;QL;RL	Approved	RDFXML	yes	none	not-an-entailment-test	graded	graded
WebOnt-disjointWith-004	webont-disjointwith-004	ConsistencyTest;ProfileIdentificationTest	DIRECT;RDF-BASED	EL;QL;RL	Approved	RDFXML	yes	none	not-an-entailment-test	graded	graded
WebOnt-disjointWith-005	webont-disjointwith-005	ConsistencyTest;ProfileIdentificationTest	DIRECT;RDF-BASED	EL;QL;RL	Approved	RDFXML	yes	none	not-an-entailment-test	graded	graded
WebOnt-disjointWith-006	webont-disjointwith-006	ConsistencyTest;ProfileIdentificationTest	DIRECT;RDF-BASED	EL;QL;RL	Approved	RDFXML	yes	none	not-an-entailment-test	graded	graded
WebOnt-disjointWith-007	webont-disjointwith-007	ConsistencyTest;ProfileIdentificationTest	DIRECT;RDF-BASED	EL;QL;RL	Approved	RDFXML	yes	none	not-an-entailment-test	graded	graded
WebOnt-disjointWith-008	webont-disjointwith-008	ConsistencyTest;ProfileIdentificationTest	DIRECT;RDF-BASED	EL;QL;RL	Approved	RDFXML	yes	none	not-an-entailment-test	graded	graded
WebOnt-disjointWith-009	webont-disjointwith-009	ConsistencyTest;ProfileIdentificationTest	DIRECT;RDF-BASED	EL;QL;RL	Approved	RDFXML	yes	none	not-an-entailment-test	graded	graded
WebOnt-disjointWith-010	webont-disjointwith-010	InconsistencyTest;ProfileIdentificationTest	DIRECT;RDF-BASED	-	Proposed	RDFXML	yes	none	not-an-entailment-test	not-vendored	decides-inconsistent
WebOnt-distinctMembers-001	webont-distinctmembers-001	ConsistencyTest;PositiveEntailmentTest	DIRECT;RDF-BASED	-	Proposed	RDFXML	yes	conclusion	outside-rl-profile	graded	graded
WebOnt-equivalentClass-001	webont-equivalentclass-001	ConsistencyTest;PositiveEntailmentTest;ProfileIdentificationTest	DIRECT;RDF-BASED	EL;QL	Approved	RDFXML	yes	conclusion	outside-rl-profile	graded	graded
WebOnt-equivalentClass-002	webont-equivalentclass-002	ConsistencyTest;PositiveEntailmentTest;ProfileIdentificationTest	DIRECT;RDF-BASED	EL;QL;RL	Approved	RDFXML	yes	conclusion	graded-positive	graded	graded
WebOnt-equivalentClass-003	webont-equivalentclass-003	ConsistencyTest;PositiveEntailmentTest;ProfileIdentificationTest	DIRECT;RDF-BASED	EL;QL;RL	Approved	RDFXML	yes	conclusion	graded-positive	graded	graded
WebOnt-equivalentClass-004	webont-equivalentclass-004	ConsistencyTest;PositiveEntailmentTest;ProfileIdentificationTest	DIRECT;RDF-BASED	-	Approved	RDFXML	yes	conclusion	outside-rl-profile	graded	graded
WebOnt-equivalentClass-005	webont-equivalentclass-005	ConsistencyTest;NegativeEntailmentTest;ProfileIdentificationTest	DIRECT;RDF-BASED	-	Approved	RDFXML	yes	non-conclusion	graded-negative	not-vendored	decides-consistent
WebOnt-equivalentClass-006	webont-equivalentclass-006	ConsistencyTest;PositiveEntailmentTest;ProfileIdentificationTest	DIRECT;RDF-BASED	-	Approved	RDFXML	yes	conclusion	outside-rl-profile	graded	graded
WebOnt-equivalentClass-007	webont-equivalentclass-007	ConsistencyTest;PositiveEntailmentTest	DIRECT;RDF-BASED	-	Proposed	RDFXML	yes	conclusion	outside-rl-profile	graded	graded
WebOnt-equivalentClass-008	webont-equivalentclass-008	ConsistencyTest;NegativeEntailmentTest;ProfileIdentificationTest	RDF-BASED	EL;QL;RL	Proposed	RDFXML	yes	non-conclusion	graded-negative	not-vendored	decides-consistent
WebOnt-equivalentClass-008-Direct	webont-equivalentclass-008-direct	ConsistencyTest;PositiveEntailmentTest;ProfileIdentificationTest	DIRECT	EL;QL;RL	Approved	RDFXML	yes	conclusion	direct-semantics-only	graded	graded
WebOnt-equivalentClass-009	webont-equivalentclass-009	ConsistencyTest;ProfileIdentificationTest	DIRECT;RDF-BASED	-	Approved	RDFXML	yes	none	not-an-entailment-test	not-vendored	decides-consistent
WebOnt-equivalentProperty-001	webont-equivalentproperty-001	ConsistencyTest;PositiveEntailmentTest;ProfileIdentificationTest	DIRECT;RDF-BASED	EL;QL	Approved	RDFXML	yes	conclusion	outside-rl-profile	graded	graded
WebOnt-equivalentProperty-002	webont-equivalentproperty-002	ConsistencyTest;PositiveEntailmentTest;ProfileIdentificationTest	DIRECT;RDF-BASED	EL;QL;RL	Approved	RDFXML	yes	conclusion	graded-positive	graded	graded
WebOnt-equivalentProperty-003	webont-equivalentproperty-003	ConsistencyTest;PositiveEntailmentTest;ProfileIdentificationTest	DIRECT;RDF-BASED	EL;QL;RL	Approved	RDFXML	yes	conclusion	graded-positive	graded	graded
WebOnt-equivalentProperty-004	webont-equivalentproperty-004	ConsistencyTest;PositiveEntailmentTest;ProfileIdentificationTest	DIRECT;RDF-BASED	-	Approved	RDFXML	yes	conclusion	outside-rl-profile	graded	graded
WebOnt-equivalentProperty-005	webont-equivalentproperty-005	ConsistencyTest;PositiveEntailmentTest	DIRECT;RDF-BASED	-	Proposed	RDFXML	yes	conclusion	outside-rl-profile	graded	graded
WebOnt-equivalentProperty-006	webont-equivalentproperty-006	ConsistencyTest;PositiveEntailmentTest	DIRECT;RDF-BASED	-	Proposed	RDFXML	yes	conclusion	outside-rl-profile	graded	graded
WebOnt-extra-credit-002	webont-extra-credit-002	ConsistencyTest;PositiveEntailmentTest	DIRECT;RDF-BASED	-	Proposed	RDFXML	yes	conclusion	outside-rl-profile	not-vendored	withholds-reasoner
WebOnt-extra-credit-003	webont-extra-credit-003	ConsistencyTest;PositiveEntailmentTest	DIRECT;RDF-BASED	-	Proposed	RDFXML	yes	conclusion	outside-rl-profile	not-vendored	withholds-reasoner
WebOnt-extra-credit-004	webont-extra-credit-004	ConsistencyTest;PositiveEntailmentTest	DIRECT;RDF-BASED	-	Proposed	RDFXML	yes	conclusion	outside-rl-profile	not-vendored	withholds-reasoner
WebOnt-FunctionalProperty-001	webont-functionalproperty-001	ConsistencyTest;PositiveEntailmentTest	DIRECT;RDF-BASED	-	Proposed	RDFXML	yes	conclusion	outside-rl-profile	graded	graded
WebOnt-FunctionalProperty-002	webont-functionalproperty-002	ConsistencyTest;PositiveEntailmentTest	DIRECT;RDF-BASED	-	Proposed	RDFXML	yes	conclusion	outside-rl-profile	graded	graded
WebOnt-FunctionalProperty-003	webont-functionalproperty-003	ConsistencyTest;PositiveEntailmentTest	DIRECT;RDF-BASED	-	Proposed	RDFXML	yes	conclusion	outside-rl-profile	graded	graded
WebOnt-FunctionalProperty-004	webont-functionalproperty-004	ConsistencyTest;PositiveEntailmentTest	DIRECT;RDF-BASED	-	Proposed	RDFXML	yes	conclusion	outside-rl-profile	graded	graded
WebOnt-FunctionalProperty-005	webont-functionalproperty-005	ConsistencyTest;PositiveEntailmentTest	DIRECT;RDF-BASED	-	Proposed	RDFXML	yes	conclusion	outside-rl-profile	graded	graded
WebOnt-I4.5-001	webont-i4-5-001	ConsistencyTest;PositiveEntailmentTest;ProfileIdentificationTest	DIRECT;RDF-BASED	-	Approved	RDFXML	yes	conclusion	outside-rl-profile	graded	graded
WebOnt-I4.5-002	webont-i4-5-002	InconsistencyTest;ProfileIdentificationTest	DIRECT;RDF-BASED	-	Approved	RDFXML	yes	none	not-an-entailment-test	not-vendored	decides-inconsistent
WebOnt-I4.6-003	webont-i4-6-003	ConsistencyTest;PositiveEntailmentTest;ProfileIdentificationTest	RDF-BASED	RL	Proposed	RDFXML	yes	conclusion	graded-positive	graded	graded
WebOnt-I4.6-004	webont-i4-6-004	ConsistencyTest;NegativeEntailmentTest;ProfileIdentificationTest	DIRECT;RDF-BASED	RL	Approved	RDFXML	yes	non-conclusion	graded-negative	not-vendored	decides-consistent
WebOnt-I4.6-005	webont-i4-6-005	ConsistencyTest;NegativeEntailmentTest;ProfileIdentificationTest	RDF-BASED	EL;QL;RL	Proposed	RDFXML	yes	non-conclusion	graded-negative	not-vendored	decides-consistent
WebOnt-I4.6-005-Direct	webont-i4-6-005-direct	ConsistencyTest;PositiveEntailmentTest;ProfileIdentificationTest	DIRECT	EL;QL;RL	Approved	RDFXML	yes	conclusion	direct-semantics-only	graded	graded
WebOnt-I5.1-001	webont-i5-1-001	ConsistencyTest;PositiveEntailmentTest	DIRECT;RDF-BASED	-	Proposed	RDFXML	yes	conclusion	outside-rl-profile	not-vendored	decides-consistent
WebOnt-I5.1-010	webont-i5-1-010	ConsistencyTest	DIRECT;RDF-BASED	-	Proposed	RDFXML	yes	none	not-an-entailment-test	not-vendored	decides-consistent
WebOnt-I5.2-001	webont-i5-2-001	ConsistencyTest;ProfileIdentificationTest	DIRECT;RDF-BASED	-	Approved	RDFXML	yes	none	not-an-entailment-test	not-vendored	decides-consistent
WebOnt-I5.2-002	webont-i5-2-002	ConsistencyTest;PositiveEntailmentTest;ProfileIdentificationTest	DIRECT;RDF-BASED	-	Approved	RDFXML	yes	conclusion	outside-rl-profile	not-vendored	decides-consistent
WebOnt-I5.2-003	webont-i5-2-003	ConsistencyTest;ProfileIdentificationTest	DIRECT;RDF-BASED	-	Approved	RDFXML	yes	none	not-an-entailment-test	not-vendored	decides-consistent
WebOnt-I5.2-004	webont-i5-2-004	ConsistencyTest;PositiveEntailmentTest;ProfileIdentificationTest	DIRECT;RDF-BASED	-	Approved	RDFXML	yes	conclusion	outside-rl-profile	not-vendored	decides-consistent
WebOnt-I5.2-005	webont-i5-2-005	ConsistencyTest;ProfileIdentificationTest	DIRECT;RDF-BASED	-	Approved	RDFXML	yes	none	not-an-entailment-test	not-vendored	decides-consistent
WebOnt-I5.2-006	webont-i5-2-006	ConsistencyTest;PositiveEntailmentTest;ProfileIdentificationTest	DIRECT;RDF-BASED	-	Approved	RDFXML	yes	conclusion	outside-rl-profile	not-vendored	decides-consistent
WebOnt-I5.2-010	webont-i5-2-010	ConsistencyTest	DIRECT;RDF-BASED	-	Proposed	RDFXML	yes	none	not-an-entailment-test	graded	graded
WebOnt-I5.2-011	webont-i5-2-011	ConsistencyTest	DIRECT;RDF-BASED	-	Proposed	RDFXML	yes	none	not-an-entailment-test	graded	graded
WebOnt-I5.21-002	webont-i5-21-002	ConsistencyTest;PositiveEntailmentTest;ProfileIdentificationTest	DIRECT;RDF-BASED	-	Approved	RDFXML	yes	conclusion	outside-rl-profile	graded	graded
WebOnt-I5.24-001	webont-i5-24-001	ConsistencyTest;PositiveEntailmentTest	DIRECT;RDF-BASED	-	Proposed	RDFXML	yes	conclusion	outside-rl-profile	graded	graded
WebOnt-I5.24-002	webont-i5-24-002	ConsistencyTest;PositiveEntailmentTest	DIRECT;RDF-BASED	-	Proposed	RDFXML	yes	conclusion	outside-rl-profile	graded	graded
WebOnt-I5.24-003	webont-i5-24-003	ConsistencyTest;PositiveEntailmentTest;ProfileIdentificationTest	DIRECT;RDF-BASED	-	Approved	RDFXML	yes	conclusion	outside-rl-profile	graded	graded
WebOnt-I5.24-004	webont-i5-24-004	ConsistencyTest;PositiveEntailmentTest;ProfileIdentificationTest	DIRECT;RDF-BASED	-	Approved	RDFXML	yes	conclusion	outside-rl-profile	graded	graded
WebOnt-I5.26-001	webont-i5-26-001	ConsistencyTest;ProfileIdentificationTest	DIRECT;RDF-BASED	EL;QL;RL	Approved	RDFXML	yes	none	not-an-entailment-test	graded	graded
WebOnt-I5.26-002	webont-i5-26-002	ConsistencyTest;ProfileIdentificationTest	DIRECT;RDF-BASED	EL;QL;RL	Approved	RDFXML	yes	none	not-an-entailment-test	graded	graded
WebOnt-I5.26-003	webont-i5-26-003	ConsistencyTest;ProfileIdentificationTest	DIRECT;RDF-BASED	-	Approved	RDFXML	yes	none	not-an-entailment-test	graded	graded
WebOnt-I5.26-004	webont-i5-26-004	ConsistencyTest;ProfileIdentificationTest	DIRECT;RDF-BASED	-	Approved	RDFXML	yes	none	not-an-entailment-test	graded	graded
WebOnt-I5.26-005	webont-i5-26-005	ConsistencyTest;ProfileIdentificationTest	DIRECT;RDF-BASED	EL;QL;RL	Approved	RDFXML	yes	none	not-an-entailment-test	graded	graded
WebOnt-I5.26-006	webont-i5-26-006	ConsistencyTest	DIRECT;RDF-BASED	-	Proposed	RDFXML	yes	none	not-an-entailment-test	graded	graded
WebOnt-I5.26-007	webont-i5-26-007	ConsistencyTest	DIRECT;RDF-BASED	-	Proposed	RDFXML	yes	none	not-an-entailment-test	graded	graded
WebOnt-I5.26-009	webont-i5-26-009	ConsistencyTest;PositiveEntailmentTest;ProfileIdentificationTest	DIRECT;RDF-BASED	-	Approved	RDFXML	yes	conclusion	outside-rl-profile	graded	graded
WebOnt-I5.26-010	webont-i5-26-010	ConsistencyTest;PositiveEntailmentTest;ProfileIdentificationTest	DIRECT;RDF-BASED	EL;QL;RL	Approved	RDFXML	yes	conclusion	graded-positive	graded	graded
WebOnt-I5.3-005	webont-i5-3-005	ConsistencyTest	DIRECT;RDF-BASED	-	Proposed	RDFXML	yes	none	not-an-entailment-test	graded	graded
WebOnt-I5.3-006	webont-i5-3-006	ConsistencyTest;ProfileIdentificationTest	DIRECT;RDF-BASED	-	Approved	RDFXML	yes	none	not-an-entailment-test	graded	graded
WebOnt-I5.3-007	webont-i5-3-007	ConsistencyTest	DIRECT;RDF-BASED	-	Proposed	RDFXML	yes	none	not-an-entailment-test	graded	graded
WebOnt-I5.3-008	webont-i5-3-008	ConsistencyTest;ProfileIdentificationTest	DIRECT;RDF-BASED	-	Approved	RDFXML	yes	none	not-an-entailment-test	graded	graded
WebOnt-I5.3-009	webont-i5-3-009	ConsistencyTest	DIRECT;RDF-BASED	-	Proposed	RDFXML	yes	none	not-an-entailment-test	graded	graded
WebOnt-I5.3-010	webont-i5-3-010	ConsistencyTest;ProfileIdentificationTest	DIRECT;RDF-BASED	-	Approved	RDFXML	yes	none	not-an-entailment-test	graded	graded
WebOnt-I5.3-011	webont-i5-3-011	ConsistencyTest;ProfileIdentificationTest	DIRECT;RDF-BASED	-	Approved	RDFXML	yes	none	not-an-entailment-test	graded	graded
WebOnt-I5.3-014	webont-i5-3-014	ConsistencyTest;PositiveEntailmentTest	DIRECT;RDF-BASED	-	Proposed	RDFXML	yes	conclusion	outside-rl-profile	graded	graded
WebOnt-I5.3-015	webont-i5-3-015	ConsistencyTest;PositiveEntailmentTest	DIRECT;RDF-BASED	-	Proposed	RDFXML	yes	conclusion	outside-rl-profile	graded	graded
WebOnt-I5.5-001	webont-i5-5-001	ConsistencyTest;PositiveEntailmentTest	DIRECT;RDF-BASED	-	Proposed	RDFXML	yes	conclusion	outside-rl-profile	not-vendored	decides-consistent
WebOnt-I5.5-002	webont-i5-5-002	ConsistencyTest;PositiveEntailmentTest	DIRECT;RDF-BASED	-	Proposed	RDFXML	yes	conclusion	outside-rl-profile	not-vendored	decides-consistent
WebOnt-I5.5-003	webont-i5-5-003	InconsistencyTest	DIRECT;RDF-BASED	-	Proposed	RDFXML	yes	none	not-an-entailment-test	not-vendored	decides-consistent
WebOnt-I5.5-004	webont-i5-5-004	InconsistencyTest	DIRECT;RDF-BASED	-	Proposed	RDFXML	yes	none	not-an-entailment-test	not-vendored	decides-consistent
WebOnt-I5.5-005	webont-i5-5-005	ConsistencyTest;PositiveEntailmentTest;ProfileIdentificationTest	DIRECT;RDF-BASED	EL;QL;RL	Approved	RDFXML	yes	conclusion	graded-positive	graded	graded
WebOnt-I5.5-006	webont-i5-5-006	ConsistencyTest;NegativeEntailmentTest;ProfileIdentificationTest	DIRECT;RDF-BASED	-	Proposed	RDFXML	yes	non-conclusion	graded-negative	not-vendored	decides-consistent
WebOnt-I5.5-007	webont-i5-5-007	ConsistencyTest;NegativeEntailmentTest	DIRECT;RDF-BASED	-	Proposed	RDFXML	yes	non-conclusion	graded-negative	not-vendored	decides-consistent
WebOnt-I5.8-001	webont-i5-8-001	InconsistencyTest;ProfileIdentificationTest	DIRECT;RDF-BASED	-	Extracredit	RDFXML	yes	none	not-an-entailment-test	not-vendored	decides-consistent
WebOnt-I5.8-002	webont-i5-8-002	ConsistencyTest;ProfileIdentificationTest	DIRECT;RDF-BASED	-	Extracredit	RDFXML	yes	none	not-an-entailment-test	not-vendored	decides-consistent
WebOnt-I5.8-003	webont-i5-8-003	InconsistencyTest;ProfileIdentificationTest	DIRECT;RDF-BASED	-	Extracredit	RDFXML	yes	none	not-an-entailment-test	not-vendored	decides-consistent
WebOnt-I5.8-004	webont-i5-8-004	ConsistencyTest;PositiveEntailmentTest;ProfileIdentificationTest	DIRECT;RDF-BASED	-	Extracredit	RDFXML	yes	conclusion	outside-rl-profile	not-vendored	decides-consistent
WebOnt-I5.8-005	webont-i5-8-005	ConsistencyTest;NegativeEntailmentTest;ProfileIdentificationTest	DIRECT;RDF-BASED	-	Extracredit	RDFXML	yes	non-conclusion	graded-negative	not-vendored	decides-consistent
WebOnt-I5.8-006	webont-i5-8-006	ConsistencyTest;PositiveEntailmentTest;ProfileIdentificationTest	DIRECT;RDF-BASED	RL	Approved	RDFXML	yes	conclusion	graded-positive	graded	graded
WebOnt-I5.8-007	webont-i5-8-007	ConsistencyTest;NegativeEntailmentTest;ProfileIdentificationTest	DIRECT;RDF-BASED	RL	Approved	RDFXML	yes	non-conclusion	graded-negative	not-vendored	decides-consistent
WebOnt-I5.8-008	webont-i5-8-008	ConsistencyTest;PositiveEntailmentTest;ProfileIdentificationTest	DIRECT;RDF-BASED	RL	Approved	RDFXML	yes	conclusion	graded-positive	graded	graded
WebOnt-I5.8-009	webont-i5-8-009	ConsistencyTest;PositiveEntailmentTest;ProfileIdentificationTest	DIRECT;RDF-BASED	RL	Approved	RDFXML	yes	conclusion	graded-positive	graded	graded
WebOnt-I5.8-010	webont-i5-8-010	ConsistencyTest;PositiveEntailmentTest;ProfileIdentificationTest	DIRECT;RDF-BASED	-	Approved	RDFXML	yes	conclusion	outside-rl-profile	graded	graded
WebOnt-I5.8-011	webont-i5-8-011	ConsistencyTest;PositiveEntailmentTest;ProfileIdentificationTest	DIRECT;RDF-BASED	EL;QL;RL	Approved	RDFXML	yes	conclusion	graded-positive	graded	graded
WebOnt-I5.8-013	webont-i5-8-013	ConsistencyTest;ProfileIdentificationTest	DIRECT;RDF-BASED	-	Proposed	RDFXML	yes	none	not-an-entailment-test	graded	graded
WebOnt-I5.8-014	webont-i5-8-014	ConsistencyTest	DIRECT;RDF-BASED	-	Proposed	RDFXML	yes	none	not-an-entailment-test	graded	graded
WebOnt-I5.8-015	webont-i5-8-015	ConsistencyTest;ProfileIdentificationTest	DIRECT;RDF-BASED	-	Proposed	RDFXML	yes	none	not-an-entailment-test	graded	graded
WebOnt-I5.8-016	webont-i5-8-016	ConsistencyTest	DIRECT;RDF-BASED	-	Proposed	RDFXML	yes	none	not-an-entailment-test	graded	graded
WebOnt-I5.8-017	webont-i5-8-017	ConsistencyTest;PositiveEntailmentTest	DIRECT;RDF-BASED	-	Proposed	RDFXML	yes	conclusion	outside-rl-profile	graded	graded
WebOnt-I6.1-001	webont-i6-1-001	ConsistencyTest	DIRECT;RDF-BASED	-	Proposed	RDFXML	yes	none	not-an-entailment-test	graded	graded
WebOnt-imports-001	webont-imports-001	ConsistencyTest;PositiveEntailmentTest	DIRECT;RDF-BASED	-	Proposed	RDFXML	yes	conclusion	outside-rl-profile	graded	graded
WebOnt-imports-002	webont-imports-002	ConsistencyTest;NegativeEntailmentTest	DIRECT;RDF-BASED	-	Proposed	RDFXML	yes	non-conclusion	graded-negative	not-vendored	decides-consistent
WebOnt-imports-003	webont-imports-003	ConsistencyTest;PositiveEntailmentTest	DIRECT;RDF-BASED	-	Proposed	RDFXML	yes	conclusion	outside-rl-profile	graded	graded
WebOnt-imports-004	webont-imports-004		DIRECT;RDF-BASED	-	-	RDFXML	no	none	not-an-entailment-test	not-a-consistency-test	not-a-consistency-test
WebOnt-imports-005	webont-imports-005		DIRECT;RDF-BASED	-	-	RDFXML	no	none	not-an-entailment-test	not-a-consistency-test	not-a-consistency-test
WebOnt-imports-006	webont-imports-006		DIRECT;RDF-BASED	-	-	RDFXML	no	none	not-an-entailment-test	not-a-consistency-test	not-a-consistency-test
WebOnt-imports-007	webont-imports-007		DIRECT;RDF-BASED	-	-	RDFXML	no	none	not-an-entailment-test	not-a-consistency-test	not-a-consistency-test
WebOnt-imports-008	webont-imports-008		DIRECT;RDF-BASED	-	-	RDFXML	no	none	not-an-entailment-test	not-a-consistency-test	not-a-consistency-test
WebOnt-imports-010	webont-imports-010	ConsistencyTest;PositiveEntailmentTest	DIRECT;RDF-BASED	-	Proposed	RDFXML	yes	conclusion	outside-rl-profile	not-vendored	decides-consistent
WebOnt-imports-011	webont-imports-011	ConsistencyTest;PositiveEntailmentTest;ProfileIdentificationTest	DIRECT;RDF-BASED	EL;QL;RL	Approved	RDFXML	yes	conclusion	graded-positive	graded	graded
WebOnt-imports-012	webont-imports-012	ConsistencyTest	DIRECT;RDF-BASED	-	Proposed	RDFXML	yes	none	not-an-entailment-test	graded	graded
WebOnt-imports-013	webont-imports-013	ProfileIdentificationTest	DIRECT;RDF-BASED	EL;QL;RL	-	RDFXML	no	none	not-an-entailment-test	not-a-consistency-test	not-a-consistency-test
WebOnt-imports-014	webont-imports-014		DIRECT;RDF-BASED	-	-	RDFXML	no	none	not-an-entailment-test	not-a-consistency-test	not-a-consistency-test
WebOnt-intersectionOf-001	webont-intersectionof-001	ConsistencyTest;PositiveEntailmentTest	DIRECT;RDF-BASED	-	Proposed	RDFXML	yes	conclusion	outside-rl-profile	graded	graded
WebOnt-InverseFunctionalProperty-001	webont-inversefunctionalproperty-001	ConsistencyTest;PositiveEntailmentTest;ProfileIdentificationTest	DIRECT;RDF-BASED	-	Approved	RDFXML	yes	conclusion	outside-rl-profile	not-vendored	decides-consistent
WebOnt-InverseFunctionalProperty-002	webont-inversefunctionalproperty-002	ConsistencyTest;PositiveEntailmentTest	DIRECT;RDF-BASED	-	Proposed	RDFXML	yes	conclusion	outside-rl-profile	not-vendored	decides-consistent
WebOnt-InverseFunctionalProperty-003	webont-inversefunctionalproperty-003	ConsistencyTest;PositiveEntailmentTest	DIRECT;RDF-BASED	-	Proposed	RDFXML	yes	conclusion	outside-rl-profile	not-vendored	decides-consistent
WebOnt-InverseFunctionalProperty-004	webont-inversefunctionalproperty-004	ConsistencyTest;PositiveEntailmentTest	DIRECT;RDF-BASED	-	Proposed	RDFXML	yes	conclusion	outside-rl-profile	graded	graded
WebOnt-inverseOf-001	webont-inverseof-001	ConsistencyTest;PositiveEntailmentTest	DIRECT;RDF-BASED	-	Proposed	RDFXML	yes	conclusion	outside-rl-profile	graded	graded
WebOnt-maxCardinality-001	webont-maxcardinality-001	InconsistencyTest;ProfileIdentificationTest	DIRECT;RDF-BASED	-	Approved	RDFXML	yes	none	not-an-entailment-test	graded	graded
WebOnt-miscellaneous-001	webont-miscellaneous-001	ConsistencyTest;ProfileIdentificationTest	DIRECT;RDF-BASED	-	Approved	RDFXML	yes	none	not-an-entailment-test	not-vendored	withholds-parse
WebOnt-miscellaneous-002	webont-miscellaneous-002	ConsistencyTest;ProfileIdentificationTest	DIRECT;RDF-BASED	-	Approved	RDFXML	yes	none	not-an-entailment-test	not-vendored	withholds-parse
WebOnt-miscellaneous-011	webont-miscellaneous-011	ConsistencyTest;PositiveEntailmentTest;ProfileIdentificationTest	DIRECT;RDF-BASED	-	Extracredit	RDFXML	yes	conclusion	outside-rl-profile	graded	graded
WebOnt-miscellaneous-102	webont-miscellaneous-102	ConsistencyTest;ProfileIdentificationTest	DIRECT;RDF-BASED	-	Approved	RDFXML	yes	none	not-an-entailment-test	graded	graded
WebOnt-miscellaneous-103	webont-miscellaneous-103	ConsistencyTest;ProfileIdentificationTest	DIRECT;RDF-BASED	-	Approved	RDFXML	yes	none	not-an-entailment-test	graded	graded
WebOnt-miscellaneous-202	webont-miscellaneous-202	ConsistencyTest;ProfileIdentificationTest	DIRECT;RDF-BASED	-	Approved	RDFXML	yes	none	not-an-entailment-test	not-vendored	decides-consistent
WebOnt-miscellaneous-203	webont-miscellaneous-203	InconsistencyTest;ProfileIdentificationTest	DIRECT;RDF-BASED	-	Approved	RDFXML	yes	none	not-an-entailment-test	not-vendored	decides-consistent
WebOnt-miscellaneous-204	webont-miscellaneous-204	InconsistencyTest;ProfileIdentificationTest	DIRECT;RDF-BASED	-	Approved	RDFXML	yes	none	not-an-entailment-test	not-vendored	decides-consistent
WebOnt-miscellaneous-301	webont-miscellaneous-301	ConsistencyTest;NegativeEntailmentTest	DIRECT;RDF-BASED	-	Proposed	RDFXML	yes	non-conclusion	graded-negative	not-vendored	decides-consistent
WebOnt-miscellaneous-302	webont-miscellaneous-302	ConsistencyTest;NegativeEntailmentTest;ProfileIdentificationTest	RDF-BASED	EL;QL	Proposed	RDFXML	yes	non-conclusion	graded-negative	not-vendored	decides-consistent
WebOnt-miscellaneous-302-Direct	webont-miscellaneous-302-direct	ConsistencyTest;PositiveEntailmentTest;ProfileIdentificationTest	DIRECT	EL;QL	Approved	RDFXML	yes	conclusion	direct-semantics-only	graded	graded
WebOnt-miscellaneous-303	webont-miscellaneous-303	ConsistencyTest;ProfileIdentificationTest	DIRECT;RDF-BASED	EL;QL;RL	Approved	RDFXML	yes	none	not-an-entailment-test	graded	graded
WebOnt-Nothing-001	webont-nothing-001	InconsistencyTest;ProfileIdentificationTest	DIRECT;RDF-BASED	EL;QL;RL	Approved	RDFXML	yes	none	not-an-entailment-test	graded	graded
WebOnt-Nothing-002	webont-nothing-002	ConsistencyTest;PositiveEntailmentTest;ProfileIdentificationTest	DIRECT;RDF-BASED	-	Proposed	RDFXML	yes	conclusion	outside-rl-profile	not-vendored	decides-consistent
WebOnt-oneOf-001	webont-oneof-001	ConsistencyTest;ProfileIdentificationTest	DIRECT;RDF-BASED	-	Approved	RDFXML	yes	none	not-an-entailment-test	graded	graded
WebOnt-oneOf-002	webont-oneof-002	ConsistencyTest;PositiveEntailmentTest	DIRECT;RDF-BASED	-	Proposed	RDFXML	yes	conclusion	outside-rl-profile	graded	graded
WebOnt-oneOf-003	webont-oneof-003	ConsistencyTest;PositiveEntailmentTest	DIRECT;RDF-BASED	-	Proposed	RDFXML	yes	conclusion	outside-rl-profile	graded	graded
WebOnt-oneOf-004	webont-oneof-004	ConsistencyTest;PositiveEntailmentTest;ProfileIdentificationTest	DIRECT;RDF-BASED	-	Approved	RDFXML	yes	conclusion	outside-rl-profile	not-vendored	withholds-parse
WebOnt-Ontology-001	webont-ontology-001	ConsistencyTest;PositiveEntailmentTest;ProfileIdentificationTest	DIRECT;RDF-BASED	EL;QL	Approved	RDFXML	yes	conclusion	outside-rl-profile	graded	graded
WebOnt-Ontology-003	webont-ontology-003	ConsistencyTest;NegativeEntailmentTest;ProfileIdentificationTest	DIRECT;RDF-BASED	-	Proposed	RDFXML	yes	non-conclusion	graded-negative	not-vendored	decides-consistent
WebOnt-Ontology-004	webont-ontology-004	ConsistencyTest;PositiveEntailmentTest;ProfileIdentificationTest	DIRECT;RDF-BASED	-	Proposed	RDFXML	yes	conclusion	outside-rl-profile	graded	graded
WebOnt-Restriction-001	webont-restriction-001	InconsistencyTest;ProfileIdentificationTest	DIRECT;RDF-BASED	EL	Approved	RDFXML	yes	none	not-an-entailment-test	graded	graded
WebOnt-Restriction-002	webont-restriction-002	InconsistencyTest;ProfileIdentificationTest	DIRECT;RDF-BASED	EL	Approved	RDFXML	yes	none	not-an-entailment-test	graded	graded
WebOnt-Restriction-003	webont-restriction-003	ConsistencyTest;ProfileIdentificationTest	DIRECT;RDF-BASED	-	Approved	RDFXML	yes	none	not-an-entailment-test	graded	graded
WebOnt-Restriction-004	webont-restriction-004	ConsistencyTest;ProfileIdentificationTest	DIRECT;RDF-BASED	-	Approved	RDFXML	yes	none	not-an-entailment-test	graded	graded
WebOnt-Restriction-005	webont-restriction-005	ConsistencyTest;NegativeEntailmentTest;ProfileIdentificationTest	RDF-BASED	-	Proposed	RDFXML	yes	non-conclusion	graded-negative	not-vendored	decides-consistent
WebOnt-Restriction-005-direct	webont-restriction-005-direct	ConsistencyTest;PositiveEntailmentTest;ProfileIdentificationTest	DIRECT	-	Proposed	RDFXML	yes	conclusion	direct-semantics-only	graded	graded
WebOnt-Restriction-006	webont-restriction-006	ConsistencyTest;PositiveEntailmentTest	DIRECT;RDF-BASED	-	Proposed	RDFXML	yes	conclusion	outside-rl-profile	graded	graded
WebOnt-sameAs-001	webont-sameas-001	ConsistencyTest;PositiveEntailmentTest;ProfileIdentificationTest	DIRECT;RDF-BASED	EL;RL	Approved	RDFXML	yes	conclusion	graded-positive	graded	graded
WebOnt-someValuesFrom-001	webont-somevaluesfrom-001	ConsistencyTest;PositiveEntailmentTest	DIRECT;RDF-BASED	-	Proposed	RDFXML	yes	conclusion	outside-rl-profile	graded	graded
WebOnt-someValuesFrom-002	webont-somevaluesfrom-002	ConsistencyTest;NegativeEntailmentTest	DIRECT;RDF-BASED	-	Proposed	RDFXML	yes	non-conclusion	graded-negative	not-vendored	decides-consistent
WebOnt-someValuesFrom-003	webont-somevaluesfrom-003	ConsistencyTest;PositiveEntailmentTest;ProfileIdentificationTest	DIRECT;RDF-BASED	EL	Approved	RDFXML	yes	conclusion	outside-rl-profile	graded	graded
WebOnt-SymmetricProperty-001	webont-symmetricproperty-001	ConsistencyTest;PositiveEntailmentTest	DIRECT;RDF-BASED	-	Proposed	RDFXML	yes	conclusion	outside-rl-profile	graded	graded
WebOnt-SymmetricProperty-002	webont-symmetricproperty-002	ConsistencyTest;PositiveEntailmentTest;ProfileIdentificationTest	DIRECT;RDF-BASED	-	Approved	RDFXML	yes	conclusion	outside-rl-profile	not-vendored	decides-consistent
WebOnt-SymmetricProperty-003	webont-symmetricproperty-003	ConsistencyTest;PositiveEntailmentTest;ProfileIdentificationTest	DIRECT;RDF-BASED	-	Approved	RDFXML	yes	conclusion	outside-rl-profile	graded	graded
WebOnt-Thing-003	webont-thing-003	InconsistencyTest;ProfileIdentificationTest	DIRECT;RDF-BASED	EL;QL	Approved	RDFXML	yes	none	not-an-entailment-test	graded	graded
WebOnt-Thing-004	webont-thing-004	ConsistencyTest;ProfileIdentificationTest	DIRECT	EL	Approved	RDFXML	yes	none	not-an-entailment-test	not-vendored	decides-consistent
WebOnt-Thing-005	webont-thing-005	InconsistencyTest;ProfileIdentificationTest	RDF-BASED	EL	Proposed	RDFXML	yes	none	not-an-entailment-test	not-vendored	decides-consistent
WebOnt-TransitiveProperty-001	webont-transitiveproperty-001	ConsistencyTest;PositiveEntailmentTest	DIRECT;RDF-BASED	-	Proposed	RDFXML	yes	conclusion	outside-rl-profile	graded	graded
WebOnt-TransitiveProperty-002	webont-transitiveproperty-002	ConsistencyTest;PositiveEntailmentTest;ProfileIdentificationTest	DIRECT;RDF-BASED	-	Approved	RDFXML	yes	conclusion	outside-rl-profile	graded	graded
WebOnt-unionOf-001	webont-unionof-001	ConsistencyTest;PositiveEntailmentTest	DIRECT;RDF-BASED	-	Proposed	RDFXML	yes	conclusion	outside-rl-profile	graded	graded
WebOnt-unionOf-002	webont-unionof-002	ConsistencyTest;PositiveEntailmentTest	DIRECT;RDF-BASED	-	Proposed	RDFXML	yes	conclusion	outside-rl-profile	graded	graded
WebOnt-unionOf-003	webont-unionof-003	ConsistencyTest;PositiveEntailmentTest;ProfileIdentificationTest	DIRECT;RDF-BASED	-	Approved	RDFXML	yes	conclusion	outside-rl-profile	graded	graded
WebOnt-unionOf-004	webont-unionof-004	ConsistencyTest;PositiveEntailmentTest;ProfileIdentificationTest	DIRECT;RDF-BASED	-	Approved	RDFXML	yes	conclusion	outside-rl-profile	graded	graded
